{"type":"FeatureCollection", "features": [
{"type":"Feature","geometry":{"type":"Polygon","coordinates":[[[3.525927501555606,45.09375297820151],[3.527528533338679,45.09543279532052],[3.529255744730999,45.09901727657023],[3.537320299079711,45.098546499444524],[3.538779335164061,45.10008547770469],[3.540543961188857,45.09982211734693],[3.541964024328416,45.09890129747539],[3.543256696254666,45.09992148432902],[3.542707843110017,45.10100736239603],[3.544083253280839,45.10150849570984],[3.54355088297346,45.10363608437503],[3.5452371253253,45.10340904886565],[3.549064347649491,45.10408089018981],[3.550502576875959,45.10823734819986],[3.553525313413834,45.106983402942376],[3.556544699275443,45.1066838396799],[3.555698459649357,45.105462585900206],[3.558926059332892,45.104887291151606],[3.561678232156704,45.10584681754643],[3.562228038881127,45.105519894462084],[3.569147208128438,45.10437727027109],[3.570714288994543,45.10568747933205],[3.57463585507744,45.10633815336489],[3.579536977912022,45.105555530517314],[3.578907193809034,45.107358749825735],[3.583174984750845,45.10753640472597],[3.584187447434709,45.108176709437345],[3.584406794936692,45.10969817882686],[3.585482311506371,45.110283215972565],[3.587930422653004,45.11019199816206],[3.588742581443562,45.111725640508205],[3.591541106194638,45.111817080480144],[3.592097036708003,45.11328002441399],[3.59024641943715,45.11589567027257],[3.588550701324572,45.116208076273246],[3.588876309124259,45.11766144778689],[3.592268617174255,45.11879333010888],[3.593312794606629,45.11999615457068],[3.592124977914422,45.1209614233686],[3.591989526798913,45.12330325683941],[3.590839296890834,45.12626906643711],[3.593370731620355,45.12641320366883],[3.59450921607342,45.12570390578809],[3.595674852480137,45.126709769934045],[3.597063857970397,45.12909388636879],[3.597499400676108,45.130688918441294],[3.600035532005333,45.13136863718617],[3.601391697991223,45.13256431063676],[3.604436074163607,45.13317635812119],[3.605885466724116,45.13497926501859],[3.605683923337907,45.137159406911806],[3.60795603633145,45.13855982819473],[3.609194973318511,45.13994063841657],[3.613032019555674,45.14097583042361],[3.612536270946882,45.142060875677586],[3.610972805048059,45.143010402531566],[3.609330951595381,45.14646084382073],[3.607125319585609,45.14676190652816],[3.605481440047492,45.14547781437213],[3.603586702624556,45.14534581144601],[3.597658779008596,45.14737848649764],[3.594855474704487,45.146647906880204],[3.593092006120985,45.14533815868796],[3.58867218750231,45.145379573330665],[3.586902247117964,45.144768498841934],[3.585183205346049,45.145369112360534],[3.581626504021266,45.14496450579235],[3.578779115185731,45.14559610850076],[3.575189353912489,45.14531392715135],[3.573177644975778,45.14642280669966],[3.573351915391807,45.14716206676455],[3.569301602280019,45.150264985676515],[3.568300468202344,45.15229786370986],[3.568624759448704,45.15352800445732],[3.564858772426822,45.15625113183506],[3.561870289516639,45.15760786397337],[3.560163705902761,45.15786676338773],[3.557395038319066,45.16010019463106],[3.55691877032023,45.16122181162207],[3.555062139931759,45.16330115863839],[3.557337817133094,45.16457023643732],[3.558484945271282,45.16625732046199],[3.560371694204828,45.16680253245254],[3.562000637454068,45.1680351432202],[3.561196272958342,45.171086266064066],[3.560050176766539,45.17383655290124],[3.557406834123471,45.17582354052892],[3.552430059060055,45.17746276183788],[3.549661043305361,45.178755950209386],[3.544466083543381,45.181702423458376],[3.54190472345381,45.18252347724565],[3.538813088847836,45.18302557623948],[3.53288449224826,45.18538345930357],[3.526871286902416,45.187329025499814],[3.526081871644346,45.18909130137987],[3.524562454805952,45.18946762870362],[3.519447536719904,45.18826244325356],[3.52115655127124,45.184870639672845],[3.518592831903442,45.18274764327359],[3.516297505609613,45.18333095773608],[3.515189491396977,45.18191879074611],[3.514017763616554,45.18312267046439],[3.512474191820729,45.18085796866484],[3.510687188075078,45.18091748159833],[3.509724124773999,45.17904537746761],[3.510777708644021,45.17772953029376],[3.512297311974015,45.17739841133851],[3.512945256088408,45.17600516630315],[3.510297084619095,45.174591916340304],[3.509151267093239,45.17262790119928],[3.51003894730317,45.17155683622964],[3.514281252996265,45.17053429035055],[3.51417297522823,45.169281387012674],[3.515109129165341,45.16740957433618],[3.511436195338593,45.16663948626057],[3.508787582722661,45.165544059969434],[3.506752484159965,45.165140920530995],[3.506379564358785,45.163598374093525],[3.50317885676648,45.16490946941244],[3.501378817303091,45.16459521547685],[3.498755511399238,45.16344991564334],[3.497255572319046,45.16323960451481],[3.493660584687643,45.16143669519243],[3.490036536128791,45.158325476780576],[3.493622880263644,45.15702566100339],[3.491486339724142,45.15661639152718],[3.491684417721016,45.1551190076685],[3.49051843066212,45.151897006831774],[3.489641055123759,45.15153708752154],[3.488813067349214,45.147803047106216],[3.486502320296196,45.147216163493944],[3.482336780814511,45.14814007579352],[3.479423869925765,45.14409981585154],[3.478522337493174,45.143719204651575],[3.479113773521643,45.14221205737666],[3.480557488220008,45.14054456587385],[3.478105241192218,45.140176923399],[3.47689567685314,45.13827950545127],[3.476736005941332,45.13671255131299],[3.475770958015733,45.13572890734463],[3.475123300965567,45.13287012558009],[3.474067063203267,45.131022451824656],[3.471872920589816,45.129230012201944],[3.470386451091374,45.126115432973386],[3.469284826193629,45.124736127816334],[3.467325220437821,45.12006667794715],[3.46421282657259,45.11635284577918],[3.461861467107298,45.116972191266136],[3.458459788018316,45.11528804030822],[3.459996329609541,45.11393919129838],[3.459069858289928,45.11214937930717],[3.457043216433806,45.11063149882607],[3.455084492575788,45.10760240860173],[3.455413762894893,45.10572279882576],[3.456480661476451,45.103403470457025],[3.455199873323402,45.10287656209876],[3.450876233705927,45.102925644798574],[3.451817228778476,45.101528895619126],[3.448608106215917,45.10007958329854],[3.44673031755358,45.09768932457989],[3.445355853181318,45.09718429001124],[3.443435329462273,45.097551209956514],[3.443209184131594,45.096606676695636],[3.440390240294961,45.097180605305375],[3.438595827505394,45.096773489898524],[3.438811847719193,45.09854374981143],[3.436932165420971,45.09812883924586],[3.433444225794379,45.09409060454159],[3.435108721510264,45.09350065417437],[3.435588147824935,45.091729475360395],[3.43454768500375,45.09017132481539],[3.432964887164243,45.08964444131544],[3.433555377162826,45.08858686623561],[3.432169467961115,45.08573344961743],[3.428813848633419,45.084221118190335],[3.429576356676269,45.08255602889289],[3.42765032844471,45.08231672394131],[3.42811185808257,45.08034756193552],[3.430112423674451,45.0795457001468],[3.431991247259238,45.07960776480286],[3.434965522525752,45.077702640126326],[3.436976444733979,45.07776320443534],[3.437961160590808,45.07595492344296],[3.439299204325688,45.07610452697277],[3.442993390318998,45.0751408745274],[3.444137951396147,45.07412966397809],[3.444215915171829,45.07290570064205],[3.445428000185982,45.072244466032096],[3.449293232679436,45.07379565677242],[3.450351234355762,45.06883644918],[3.45451407888561,45.066835952459634],[3.455557712945637,45.06736383031986],[3.456973469244516,45.066002021863646],[3.458995305248766,45.065117616684944],[3.458768411752234,45.06347801247455],[3.459506212508298,45.06266010542052],[3.458510568098077,45.061160531165044],[3.457369649998073,45.06068800626087],[3.459407128286427,45.05941185390911],[3.457037921473051,45.05802597214374],[3.459794959287222,45.05698096387136],[3.460755854616608,45.05565340050032],[3.465004842468028,45.056691919624555],[3.464149076319643,45.05352966924555],[3.465530623247021,45.05270363702479],[3.467154426409011,45.05412217784793],[3.46650487538894,45.05544219044475],[3.467538781840789,45.05740253792253],[3.468690485544782,45.05855381808827],[3.471881960705582,45.05873303259907],[3.475371619865151,45.06096110719306],[3.4794721537264,45.06134961887815],[3.480533281569082,45.06182766497399],[3.483367973287653,45.0617118560721],[3.485467089205793,45.0620394814246],[3.485709482697695,45.05791006240469],[3.484281945387297,45.05809995976952],[3.483904699463651,45.0566375396717],[3.482764892581178,45.055571903117425],[3.484202482945246,45.054201550537016],[3.482672272981429,45.0535229832636],[3.479906731811,45.05069235629489],[3.480095627101882,45.04990909164195],[3.477437424778321,45.04920289543014],[3.480158847718227,45.04795044212087],[3.479598374448005,45.045836009994524],[3.482245569503978,45.045869600258065],[3.483068912329877,45.04458115803002],[3.48243858066878,45.04365377454637],[3.482319143752019,45.03996264496111],[3.48261218758008,45.03845230329428],[3.48400689058459,45.03613762325853],[3.485760940377805,45.034273360589644],[3.487342724028019,45.03495165413891],[3.490132223894726,45.037083266119225],[3.492197017648055,45.037796281473646],[3.492799267641791,45.03884078517883],[3.494401235308217,45.038041331585575],[3.496382267870525,45.03817748414073],[3.496227502483672,45.039199229604556],[3.494880499264403,45.04039645520152],[3.497188072981294,45.04154139408207],[3.498380090036004,45.043622300155114],[3.500923152570207,45.043525353493216],[3.499795540115874,45.04482790062448],[3.500926531865331,45.045606171145714],[3.502479166899985,45.0448203281834],[3.503745348138816,45.045656486554066],[3.503631056080452,45.04735246472813],[3.504795931444131,45.04849610810718],[3.504351974485876,45.0495497921802],[3.506462007032508,45.050979966670624],[3.506971202474203,45.052223811981534],[3.508495951401686,45.05339099192194],[3.512752977209034,45.05494989172182],[3.514890640086287,45.054228710442565],[3.516228296050851,45.05492033528473],[3.520110152298202,45.05475821401431],[3.521831160348844,45.05432067120063],[3.523534301164317,45.054827713332415],[3.527537868668304,45.053699523760315],[3.528262363152004,45.052264442251435],[3.532207045582247,45.051785557456974],[3.533096765845199,45.05024250652129],[3.535940626652147,45.04982907911048],[3.537616080052666,45.051024850533246],[3.53950166321809,45.05016034658486],[3.543286878980898,45.04963501954252],[3.550038144667708,45.046806119143156],[3.554931007725914,45.04786053909113],[3.555315388078235,45.046788037770845],[3.557500125380716,45.04794585460833],[3.557452529884583,45.049288602554846],[3.561699421215389,45.05124996997476],[3.562351228109475,45.052531566578466],[3.561814529534536,45.054871740339614],[3.564625627764737,45.0557408312318],[3.565230741680766,45.05653822835336],[3.567432828187284,45.05746976491113],[3.568791187032782,45.05662635533163],[3.569275129845771,45.05899286762919],[3.570475898474816,45.05951346679119],[3.567582169320082,45.0615478721006],[3.565189098208386,45.0636102777348],[3.561219477007616,45.06507910824343],[3.555547980774026,45.064336777780504],[3.552284766370754,45.065060724857],[3.550148499182453,45.066176099341256],[3.548052298138386,45.067888209310915],[3.547171353953669,45.06914591342602],[3.543481457167688,45.07229110613026],[3.541453389618969,45.073340956270954],[3.539271125799256,45.075935725275045],[3.543954195881774,45.075300683653445],[3.544270581063541,45.076733498921705],[3.545703787741558,45.078659680808165],[3.544761504119479,45.07899204180824],[3.545311219450198,45.08088922974228],[3.543972675498204,45.083082880644874],[3.541769417980679,45.08288111399805],[3.543208956565305,45.08689176477907],[3.541473317253129,45.08748007812849],[3.540211806403487,45.08899529776134],[3.538728098292384,45.08856397547947],[3.537329788407706,45.091198141584044],[3.535646091558628,45.091257568603105],[3.532895492439589,45.09287529518955],[3.531339784444835,45.09129258479952],[3.529953146764253,45.092385088404484],[3.525927501555606,45.09375297820151]]]},"properties":{"CLE":"Rives du Haut Allier"}},
{"type":"Feature","geometry":{"type":"Polygon","coordinates":[[[-1.20049524953384,44.2330159030789],[-1.21780638009055,44.2399820745569],[-1.2411779814775,44.2506418122714],[-1.26340127102144,44.2603382875773],[-1.28050074558059,44.2679173974397],[-1.28789800391228,44.271010057164],[-1.28819064119332,44.2683609869923],[-1.29057509679471,44.2597040648848],[-1.29049269607289,44.2576871457913],[-1.29127298227721,44.2552858415458],[-1.29227671220588,44.2501047560364],[-1.29308749110136,44.247545397354],[-1.2926211466884,44.2460402028785],[-1.29402441622288,44.2418503922653],[-1.29404510612567,44.2397555377235],[-1.296637412366,44.2280444369282],[-1.29709826833792,44.224480140604],[-1.29765648448452,44.2231448831495],[-1.29800830943646,44.2203267388119],[-1.29861451440781,44.2184676669645],[-1.29863459101695,44.2154903520436],[-1.29957507265062,44.2120893486598],[-1.29869712152778,44.211353040567],[-1.29956008638218,44.209129641526],[-1.3002367839757,44.2060202244111],[-1.30148843684349,44.2021319562774],[-1.30260854454037,44.1965604670785],[-1.30414195811915,44.1861825914993],[-1.30400306616187,44.1850612686051],[-1.30470825170513,44.1832100065566],[-1.30498398302398,44.1805030327291],[-1.30693024665847,44.172937596328],[-1.30715123736053,44.1704355950754],[-1.30777546047567,44.1689075004893],[-1.30778161586723,44.1655882505845],[-1.30844964881914,44.1617832652026],[-1.30955296861228,44.1589635304343],[-1.31157102678663,44.1492940363415],[-1.31307294879941,44.1410952118425],[-1.31393769816047,44.1379936788663],[-1.31616562804377,44.1317655473024],[-1.31696687268021,44.1288864383741],[-1.31557512629209,44.1291981874299],[-1.31142963461296,44.1288278303639],[-1.29011476020872,44.1282325370814],[-1.27496259091132,44.1267221146429],[-1.23706238873236,44.1227669981291],[-1.18571700500289,44.1143745224049],[-1.18515480712353,44.0985509833861],[-1.18253294075357,44.096930599055],[-1.18577410151951,44.0944768388928],[-1.18535593094188,44.0923639494766],[-1.1858925016688,44.0907003559367],[-1.18574874997544,44.088458907483],[-1.18815916360306,44.0861260617616],[-1.18618524323832,44.0836022301401],[-1.18614527136523,44.0782185038685],[-1.18502668271632,44.0767966825498],[-1.18524914647024,44.0755894519844],[-1.18976719700862,44.0740258557043],[-1.19135688059591,44.074357942156],[-1.19300644407817,44.073348381974],[-1.19633376464617,44.0722897874622],[-1.19965590115246,44.0706715786689],[-1.20480041205467,44.0711157293471],[-1.20027897177459,44.0676823829553],[-1.19704968709728,44.0669987432322],[-1.19450698814953,44.0657082572127],[-1.19114104511902,44.0654235552531],[-1.18947964852198,44.0641992401627],[-1.1906681270617,44.0627540167834],[-1.19008509499556,44.0622202515124],[-1.19106136264256,44.0605758540255],[-1.18988698060889,44.0553050368462],[-1.17772041828456,44.0554720434562],[-1.17318122730579,44.0539031364413],[-1.16470654871579,44.0498856000966],[-1.15351169160859,44.0472208453223],[-1.14678721335437,44.0453427217499],[-1.14173243964806,44.0398761915916],[-1.13993015102107,44.0386989053966],[-1.13689184318654,44.0389238323752],[-1.13364086795739,44.0395063959713],[-1.13467888475157,44.0368382232259],[-1.13374769819948,44.0356107833626],[-1.13084230484482,44.033568406764],[-1.13011097016936,44.0326830745864],[-1.12335239229406,44.0272982066076],[-1.11766626846634,44.0286237051478],[-1.11187034182904,44.0263922809374],[-1.08976474401032,44.0181876115793],[-1.08650306722005,44.0181401524655],[-1.08059746230735,44.0195196876246],[-1.07958465414453,44.0209840908091],[-1.08030171558482,44.0221018620326],[-1.0799269016729,44.0233721294847],[-1.07835087110711,44.0240194155369],[-1.07889501482485,44.0250769589189],[-1.0784149759129,44.0263087900446],[-1.07707286435803,44.0266832765258],[-1.07618942708659,44.0299398273911],[-1.0777275401924,44.0327185821558],[-1.07997906899215,44.0345731044535],[-1.08162026627702,44.0352139048938],[-1.08192551695354,44.0364741229632],[-1.07993402217931,44.0382490270448],[-1.07973261461093,44.0418352609301],[-1.07883391346882,44.0427708965059],[-1.07897173832913,44.0454955381632],[-1.07775612545552,44.0464384760306],[-1.07922370407668,44.0475463230114],[-1.07923342627648,44.0497386236148],[-1.08003790542989,44.0510424239711],[-1.08264094193103,44.0513409377498],[-1.08283079620066,44.0523324052586],[-1.08459348504605,44.0531957614962],[-1.08492946512096,44.0554561028839],[-1.08346335573338,44.0569500943961],[-1.08397302038476,44.0596455604053],[-1.08548402053011,44.0612645265616],[-1.08753714340787,44.0627388542385],[-1.08835199477901,44.0640773773945],[-1.09053018104027,44.0647854428301],[-1.09285788524817,44.0647218251798],[-1.0956595708284,44.0639329462088],[-1.09662240280642,44.0640951711268],[-1.09922833865475,44.0623600187722],[-1.10003522679929,44.0623703391671],[-1.10549959856608,44.0641724871792],[-1.10757750946589,44.0645270922145],[-1.11114971309917,44.0676229869952],[-1.113432154213,44.0685565150399],[-1.11565900094582,44.0702581525458],[-1.11462974350213,44.070994428724],[-1.11550111923774,44.0729480160398],[-1.11449303617156,44.0745306702107],[-1.11246314692823,44.075675858118],[-1.11268454587331,44.0769914761816],[-1.11192419005205,44.0779735732199],[-1.10737577080698,44.0803245040817],[-1.10565570706839,44.083272145136],[-1.1055135649725,44.0851133259501],[-1.10363552891234,44.0857713718312],[-1.10189953331653,44.0850190125368],[-1.1007588423829,44.0874410555031],[-1.09739842861335,44.0896361708848],[-1.09665949017588,44.090556967143],[-1.09341007734858,44.0919015249816],[-1.09196607272649,44.0931046052153],[-1.09087374643049,44.0966413729198],[-1.09149204834075,44.0972914986943],[-1.09029110251501,44.0984683456999],[-1.09089916496212,44.09986238983],[-1.08887661290569,44.1017891155823],[-1.08939124976447,44.1033101311412],[-1.08903178032059,44.1047114841211],[-1.08641352361518,44.1070371292672],[-1.08480821254657,44.1076738311022],[-1.08361190115286,44.1154493919373],[-1.08307325341157,44.1162751979018],[-1.07900313570486,44.1279980799522],[-1.07660501496731,44.1352613694645],[-1.09318039513548,44.134726184268],[-1.09615339315562,44.1361616341508],[-1.12518571588747,44.1512025919149],[-1.12650564230697,44.1516404920853],[-1.12373191029105,44.1663008831875],[-1.12578729267709,44.1709625857431],[-1.12511188775807,44.1753863789591],[-1.12620339857661,44.1779122228829],[-1.12694701158006,44.1808369211867],[-1.12351980633444,44.1832101455937],[-1.12160330583165,44.1864340915542],[-1.1178602193302,44.1886910131354],[-1.11918958785212,44.1903526649086],[-1.11916434900258,44.1922661944486],[-1.12091143454555,44.1941753236676],[-1.11988994692599,44.1958081306701],[-1.12013530012611,44.1974104611513],[-1.11970521123296,44.2003567935277],[-1.11860537140204,44.2015680121352],[-1.11600834215179,44.2031436700812],[-1.11644399736296,44.2044513501293],[-1.11468428176937,44.2016962743673],[-1.11247941142113,44.2016825385878],[-1.11054978695971,44.2002794376313],[-1.108927221319,44.200174403675],[-1.10700559857331,44.1987240789283],[-1.10466850809036,44.1983528176622],[-1.10343068783771,44.1987164023707],[-1.10047128367602,44.1980546840244],[-1.09674830241978,44.1985462408064],[-1.09368674619671,44.1974221876916],[-1.09003337968955,44.2006878136046],[-1.08852387119199,44.2034732300115],[-1.08674361438475,44.2057720976883],[-1.08578937725873,44.2077634673603],[-1.08035465253759,44.2141189412571],[-1.07947175250638,44.2147195979498],[-1.07247686398116,44.2145667219185],[-1.05480044865103,44.2145401812369],[-1.05271005506063,44.2148364440151],[-1.05020133281471,44.2144865726376],[-1.04846665609528,44.2177312268807],[-1.0444508756887,44.2242820512353],[-1.04192253663414,44.2274792393547],[-1.04093723935094,44.229290155975],[-1.03808501235441,44.2450063031822],[-1.03778094975396,44.2458601939961],[-1.03577491528621,44.257472281196],[-1.03365954790297,44.2705385706945],[-1.03337418769805,44.2732448322556],[-1.03154273865692,44.2867378453367],[-1.03623736361739,44.290323863682],[-1.03746038520405,44.2910224923339],[-1.05974458256489,44.3075515808841],[-1.06193022304328,44.3092716536277],[-1.07064940570004,44.3114231240603],[-1.08355905088447,44.3134786636362],[-1.08563974769258,44.3109280245483],[-1.10957641959947,44.285133637845],[-1.10956575589426,44.2850384940403],[-1.1333828128164,44.2827908245768],[-1.13623528433802,44.2829006527352],[-1.13838958252221,44.2804425960932],[-1.14740280626448,44.271247534901],[-1.15540373967999,44.2626893962907],[-1.15675415430103,44.2600657750518],[-1.15859350019537,44.2594075181992],[-1.15961413608708,44.2605487364234],[-1.16331048047052,44.2583462802318],[-1.16411212918176,44.2573928718622],[-1.16751867359953,44.2566786011109],[-1.16829188408134,44.2548960779185],[-1.17152767300138,44.2512839455513],[-1.1721286504333,44.2480495239492],[-1.17479088642129,44.2458526031934],[-1.17583483517998,44.2435288163825],[-1.17771635990063,44.2420573786304],[-1.17885243929346,44.2399995620863],[-1.17925349468322,44.2371729202119],[-1.18102472561487,44.2375597353295],[-1.18714043765271,44.2376086685589],[-1.19083539446731,44.2363544141086],[-1.19406087494438,44.233381926598],[-1.20049524953384,44.2330159030789]]]},"properties":{"CLE":"Communauté de Communes de Mimizan"}},
{"type":"Feature","geometry":{"type":"Polygon","coordinates":[[[0.411936774969482,46.7191569642052],[0.41075474032946,46.7227374821446],[0.405165078463499,46.7226247655823],[0.402074235867288,46.7228548473163],[0.400835017805006,46.7237565177793],[0.400905511753533,46.7262788225354],[0.400259590611274,46.7270182455934],[0.401153955508162,46.7294628081678],[0.402964238480049,46.7317434011284],[0.406340699506733,46.7353350184193],[0.40440182596108,46.7370254185324],[0.405096582866229,46.7379789521369],[0.40363127184913,46.7396286921147],[0.404730425419428,46.740949925656],[0.403040397296376,46.7435143901162],[0.403210411591615,46.7444254329664],[0.405904789450866,46.7445367844858],[0.407066016982706,46.7453575973059],[0.408901817501392,46.7455008372717],[0.408450876078339,46.7473690145711],[0.408812581799681,46.7484122979842],[0.408846167559714,46.7525391228585],[0.4093907984813521,46.754251833370716],[0.40694598994082953,46.75457882811827],[0.4019324020771198,46.75433479497337],[0.3959708756891225,46.75335389485666],[0.39562779,46.75436398],[0.39578811484917775,46.754721454720155],[0.3967784357581544,46.756929563392085],[0.39655604947198625,46.756874269517354],[0.39644054511851234,46.75684750457458],[0.39578680891351775,46.756762257301176],[0.3957110400344286,46.756793255237746],[0.395692572717322,46.75681270310488],[0.3951037224500427,46.75777983888978],[0.3933080330494706,46.760562869438075],[0.3931331620423407,46.76067933802441],[0.3928469715911222,46.7608594547689],[0.3927717489048961,46.76089520230455],[0.39145959632262356,46.761587275848896],[0.3910559218307413,46.76194696783437],[0.390613564370153,46.76262734470453],[0.390566679710589,46.7626625883328],[0.3872789482953078,46.76417690240877],[0.3872443641823528,46.764194095504685],[0.38682084828092966,46.76447568291152],[0.3856945802233118,46.765806836183366],[0.38476695944571626,46.76627420137983],[0.384632052156015,46.76628796227355],[0.38444196966943356,46.76631302668073],[0.38435723945809325,46.7680402708135],[0.38443778645692783,46.76813427737638],[0.3854329369315772,46.76904927658913],[0.385560931868091,46.76928209014383],[0.3856124362842742,46.76945523355066],[0.38578166685720244,46.769879426353825],[0.38589492934876024,46.77008550935958],[0.3872842763738582,46.77177788194247],[0.3873067550726136,46.77177817006723],[0.3881364853160769,46.7720094570957],[0.3884354172478943,46.77213598955165],[0.39025155,46.77330021],[0.3903286364728708,46.77468745351378],[0.3901306445271855,46.77498437595651],[0.39012455344707775,46.774997858175674],[0.390084082601432,46.775400120072405],[0.3901305100530772,46.77576821448442],[0.3908553887419749,46.77649781846232],[0.3910213743038825,46.776659024193755],[0.39203824651001457,46.777214835089524],[0.3923128579192318,46.777522075210285],[0.392377362708364,46.777661988122006],[0.3930527479944031,46.77873894409659],[0.393373937065151,46.77910560792253],[0.39388847,46.78129635],[0.39522928450620276,46.782243990944025],[0.3953933129298849,46.78237381559892],[0.3958388615875699,46.78307705235841],[0.39583770557465964,46.783085564312664],[0.39572095,46.78394731],[0.3945194298252414,46.78407122941588],[0.39442672734232903,46.784166593792165],[0.3932279562132899,46.78460737728307],[0.3922602822674569,46.78485153897547],[0.39117029509188017,46.78491947155027],[0.39100752757788265,46.78496941258184],[0.3904039899066358,46.78511202936677],[0.39037360253390174,46.78510352852867],[0.3901899180364512,46.78502924700439],[0.3900091259478318,46.78504517148077],[0.389818171151692,46.78511595742336],[0.3896840916071737,46.785154559233774],[0.38744047715316954,46.78494286679278],[0.3872706938060434,46.78474708075107],[0.3871030147025088,46.784667963254336],[0.38698411787074943,46.78463665322583],[0.38692826944706105,46.78462114503847],[0.38689067452932463,46.78460656480381],[0.3854328798544179,46.78450980426749],[0.3853630779741226,46.784512585494774],[0.3845765773433154,46.784387875068305],[0.384218558365294,46.7827463302874],[0.384658782365093,46.781586094758],[0.383947010365849,46.7803014381859],[0.384099356197391,46.7784211439756],[0.382842233682418,46.7753952489216],[0.383551257735387,46.7731474557971],[0.381364624360437,46.7707742319254],[0.377181983766087,46.7713427757192],[0.374983813980118,46.7704069887008],[0.374664085355366,46.7627916049698],[0.373760513233197,46.760983566431],[0.370694648357189,46.7603251379366],[0.371358988195542,46.7583025076109],[0.363038804104426,46.7586523266713],[0.360493881516316,46.7590659434733],[0.357454468916286,46.7584347902756],[0.35402729870133,46.7556495620709],[0.352268814416196,46.7563612935495],[0.352081595929124,46.7583975338167],[0.349878094086439,46.7590926640763],[0.345255024446511,46.7611976345351],[0.342388924052212,46.763050294577],[0.338290261041538,46.7601733732464],[0.335691252081068,46.7567445969168],[0.334208208871388,46.7541128448376],[0.335566755706735,46.7506587299027],[0.338741915983429,46.7489899863239],[0.340395654948455,46.7485958607094],[0.341015584434884,46.7474462357484],[0.339210882121882,46.7450665569605],[0.339172672763545,46.7436809639769],[0.341505215627991,46.7424286662306],[0.342220038116744,46.7402226567265],[0.344789046859988,46.7394091099871],[0.349680669532078,46.7407293537958],[0.35331942449292,46.7381051500118],[0.355824559643212,46.7354502291054],[0.358028732666374,46.734073931555],[0.358731974576342,46.7343243499817],[0.362886340912988,46.7310477507163],[0.363513933372068,46.7302657621878],[0.364294366672632,46.7269295972934],[0.367088900076967,46.7248225393169],[0.36881205758525,46.7241386227233],[0.367328447154757,46.7224496327128],[0.366766182731202,46.7206186978594],[0.364934808661148,46.7188919623117],[0.363786231876465,46.7187790982563],[0.360538803288597,46.7198855571777],[0.357976755922233,46.7196112896446],[0.356989923523787,46.718436299063],[0.353980835457441,46.71809038218],[0.352230684700015,46.7166418857656],[0.352558877358407,46.7154989863987],[0.350014565101972,46.7134708567797],[0.349151110239533,46.712349991974],[0.347321195311285,46.7122455429597],[0.340610953230531,46.7069279454737],[0.338504316076493,46.7067818012484],[0.33700020873016,46.7074352097086],[0.336119476391021,46.7103310591697],[0.333677136378028,46.7105374056602],[0.331794132112768,46.7092494584123],[0.327816737407624,46.7049865078007],[0.326261643800448,46.7024979503144],[0.322679460933593,46.6993476449728],[0.319911001873776,46.6958225209758],[0.319704677815294,46.6943518813111],[0.31722530006355,46.691238853409],[0.31293982070263,46.6931206077339],[0.310455893210687,46.6936777374095],[0.305495824224258,46.6887728415312],[0.303953254433913,46.689121296545],[0.304641076361576,46.6864472509471],[0.304733803667402,46.6798293076262],[0.30615566775351,46.6764715671492],[0.305926971015572,46.6747219687969],[0.308148068731728,46.6758075091642],[0.320320773130652,46.6724176726615],[0.321847460827257,46.6709190423171],[0.327104157521789,46.6727174377719],[0.330919710836902,46.6731117291426],[0.336597095343315,46.6740816013033],[0.339869859232884,46.6758341986296],[0.342506580182772,46.6768395048127],[0.350733617056913,46.6783082692877],[0.354413114007323,46.6796256731362],[0.357734982827304,46.6786643915931],[0.358748488081374,46.6779300622314],[0.357819247134197,46.6758013985158],[0.352491693352025,46.6733901770242],[0.35482510288873,46.671943986142],[0.359446635861657,46.6707297479655],[0.361675692475893,46.6698900444687],[0.362819128939862,46.670842496075],[0.364994689877224,46.6703222268848],[0.365606335785159,46.6710957572411],[0.368428957388636,46.6709425470019],[0.37006030491188,46.6697403088123],[0.3730255550496,46.6689902467618],[0.374302884118809,46.6696942912131],[0.376127660156712,46.6729928767923],[0.378530353451933,46.6727009761599],[0.379943212431223,46.6730404783836],[0.379205130383176,46.6745308435643],[0.3808596289352,46.6771353483016],[0.380631755903039,46.6784409736853],[0.382020033127624,46.6802717968776],[0.384639936904335,46.6823802446738],[0.387097504069892,46.6833227546482],[0.388854128040029,46.6853411568481],[0.391735921641669,46.6856049249267],[0.394539290068934,46.6876407242912],[0.398235534691629,46.6898723811523],[0.399778804891335,46.6912461179005],[0.401740926526688,46.6921860749986],[0.403546943607991,46.6922846245295],[0.406195532863835,46.6934103084449],[0.406313812782855,46.6949364063122],[0.407302788145168,46.6953389415625],[0.409701678025069,46.6928372788337],[0.410313212853411,46.6926979327759],[0.411853406367457,46.6897480119789],[0.415306985489094,46.6880997599397],[0.417772265469867,46.6855913278413],[0.421589507247381,46.6844078368078],[0.424372152036048,46.6828712656481],[0.426669411101832,46.6821273396348],[0.429158130794474,46.6804065858581],[0.438808864608807,46.6766099328551],[0.442835272744302,46.6754079058921],[0.447886128256542,46.6745717835802],[0.459813203492371,46.6765924192851],[0.463466660075533,46.6764435586828],[0.466431307855916,46.6768910660987],[0.468034931636855,46.6775877289156],[0.472515846019734,46.6781658368754],[0.47673552488866,46.6773812978503],[0.481202850385351,46.6773786013217],[0.489068330096955,46.6745367537079],[0.492769625702296,46.6764086700722],[0.491991893242661,46.6791366237191],[0.492130641430696,46.6814900332656],[0.489153730326379,46.6834509652646],[0.491008158069556,46.6858698465891],[0.491318106482039,46.6897314526725],[0.493185954761487,46.6952702915927],[0.493108362859414,46.6967243997946],[0.491838939784507,46.6972777150432],[0.48964760437332,46.6951136442492],[0.48079067355668,46.6997887135205],[0.477958584870613,46.696880634035],[0.471030329248412,46.6999559595434],[0.469634757426713,46.6997251949825],[0.467512569751275,46.7019071411094],[0.465392485355665,46.7019080732769],[0.458905798823705,46.7053401856772],[0.458531377047907,46.7079399379654],[0.456995615774938,46.7110067391977],[0.455694338548756,46.7114139209013],[0.454521950293478,46.7099375053667],[0.451429316039138,46.7117057584225],[0.449925661331187,46.7131299803243],[0.450769171350772,46.7135478107623],[0.447563475034289,46.7152900310874],[0.442509188877087,46.7147838235972],[0.440444051598656,46.7141359932274],[0.438544846276977,46.7167737508065],[0.4368927387459,46.7171981192583],[0.432203539659579,46.7197437077419],[0.428813733144332,46.7194335880705],[0.426637432484015,46.7203289438977],[0.422758582232643,46.7207175804851],[0.421842176168305,46.7214780705548],[0.420115524873073,46.7214527864604],[0.415891739312405,46.7205262462203],[0.414793158787365,46.7196636770403],[0.411936774969482,46.7191569642052]]]},"properties":{"CLE":"Jaunay-Marigny / Dissay"}},
{"type":"Feature","geometry":{"type":"Polygon","coordinates":[[[-1.495180956796783,47.26239543697788],[-1.509393876657015,47.25666275805654],[-1.515564610546511,47.25319538755297],[-1.518472948240328,47.25325546768759],[-1.522519331118682,47.2542510714235],[-1.53004939675637,47.25501492711744],[-1.529960882130906,47.253152473129354],[-1.527014609597604,47.25175344387378],[-1.527090479276572,47.250259960817154],[-1.528291749193584,47.24939303466736],[-1.528013560370698,47.247217073361895],[-1.528468778444512,47.245304986240725],[-1.526255912807912,47.2442233710432],[-1.525484571071726,47.24485002380897],[-1.523255899252008,47.243476528613144],[-1.52396401625572,47.24093546862041],[-1.522863905910667,47.238956619588365],[-1.521472961796233,47.2381410203883],[-1.524937677135823,47.23747994656175],[-1.521612056207676,47.23551813996416],[-1.519146291641178,47.23562975454192],[-1.515858605552516,47.23785341136047],[-1.517603608168806,47.24325118615708],[-1.518969262390251,47.24664624425416],[-1.516174729214887,47.248036824703505],[-1.513316971307049,47.24752609106426],[-1.513411808405761,47.246006736669386],[-1.511047203411222,47.2458350554663],[-1.510048252638128,47.24500668584212],[-1.507810097108539,47.24970847726015],[-1.486876388186301,47.239948199599986],[-1.486370590326507,47.242729675654104],[-1.486522329684445,47.24430921432601],[-1.490416973204861,47.24626640343178],[-1.492693063573936,47.248566866592164],[-1.493249441219709,47.25042089851596],[-1.4954875967493,47.25078568882277],[-1.496967055489198,47.254399122966575],[-1.496435967736414,47.256737853296904],[-1.494147232420844,47.25854868913002],[-1.494197812206824,47.26089152700618],[-1.495180956796783,47.26239543697788]]]},"properties":{"CLE":"Bottière - Pin Sec et Nantes Est"}},
{"type":"Feature","geometry":{"type":"Polygon","coordinates":[[[-1.549647867313576,47.197108451370894],[-1.549678351851358,47.19723747925193],[-1.562908251741915,47.19725308586155],[-1.571176939173513,47.19753400404962],[-1.576344868818262,47.196909739389724],[-1.578687663590549,47.19617621902956],[-1.578134992704129,47.19396953422282],[-1.581375385183691,47.192299636477536],[-1.582330676768955,47.192622370673675],[-1.58381382123301,47.1910787613637],[-1.585745437101794,47.19192526235125],[-1.587216369031377,47.19492386963607],[-1.592028107612838,47.193455937916326],[-1.596219720832841,47.19248958884203],[-1.595286140419969,47.19158408166026],[-1.596404265798176,47.188336300517705],[-1.590367184587681,47.18987064711059],[-1.587610955443815,47.18977699435677],[-1.586944866734047,47.18913702944966],[-1.583480690431614,47.18964576486649],[-1.579689376952595,47.1928289195292],[-1.578533257022701,47.19157486053006],[-1.577491120747867,47.191910508637],[-1.575529484363202,47.19132224366289],[-1.574398281985407,47.19009307173856],[-1.571343461350955,47.19184121881705],[-1.56888637250203,47.19055776003498],[-1.566244437434803,47.19102958626295],[-1.563814099851785,47.189375575219984],[-1.566175531706206,47.18874290088086],[-1.565233820082053,47.18736928141092],[-1.563513535808974,47.18686449780194],[-1.562185761922333,47.18457371614715],[-1.562951080749175,47.183653317901886],[-1.560485505734329,47.18101653759718],[-1.558544391227594,47.179651521182535],[-1.556105276704102,47.18178296048327],[-1.554941015084543,47.184027750375996],[-1.553620704413412,47.18527829880942],[-1.556067282152414,47.18626137888618],[-1.554840600912227,47.1891837674007],[-1.552221351505288,47.190206427048146],[-1.553680626254014,47.191166159917074],[-1.554083084537962,47.192412132620106],[-1.549477376809618,47.19360881791708],[-1.549647867313576,47.197108451370894]]]},"properties":{"CLE":"Rezé"}},
{"type":"Feature","geometry":{"type":"Polygon","coordinates":[[[-1.07253564937575,47.5017299168733],[-1.07417461995091,47.4989405530311],[-1.0740149095856,47.4971064665899],[-1.07682571699766,47.4947231090479],[-1.07936829409778,47.4888968400507],[-1.07889762460397,47.4847661428503],[-1.07819056668704,47.4813531003985],[-1.07847833471835,47.4800180017923],[-1.08125090284473,47.4802317725041],[-1.08457927476276,47.4798535987893],[-1.08603896131451,47.479015455172],[-1.08773082574125,47.4798240623633],[-1.09143962544598,47.4799875750825],[-1.0903880128349,47.4788067821394],[-1.09274534350902,47.4730902700446],[-1.09467818241043,47.4722371632832],[-1.09772597366313,47.4681168973477],[-1.10041858331712,47.4663229135127],[-1.10384364324559,47.4619845340509],[-1.10692104559873,47.4593574324455],[-1.108109543823,47.4560028309979],[-1.10959723440456,47.4541925507272],[-1.11460490671924,47.4509786835125],[-1.11700624906844,47.4497696526802],[-1.11682562747538,47.44866551425],[-1.11338050643518,47.449036201127],[-1.11272928060339,47.4474961976331],[-1.1161137711294,47.4447317329058],[-1.11041733593498,47.441564666903],[-1.11263618593339,47.4403711741825],[-1.11491928997209,47.4401011079846],[-1.11469607305374,47.4364889476484],[-1.11197451517805,47.4361859021592],[-1.11071098532324,47.437257282709],[-1.1085859869876,47.4371106426366],[-1.10586764848264,47.4380098140798],[-1.10275598500964,47.4373146955552],[-1.0987449159016,47.4355082284304],[-1.09670419206185,47.4354891070315],[-1.09208318613658,47.434753136755],[-1.08747556653759,47.4349909241436],[-1.08248360877467,47.4327154215672],[-1.08016588729731,47.4305766533984],[-1.07827561480081,47.4294432246231],[-1.0774937337597,47.4282465605493],[-1.07355532480266,47.4284738627183],[-1.07079510553979,47.4278800821182],[-1.0661311874839,47.4259701119096],[-1.06376528006617,47.4244961482755],[-1.06033281154651,47.4248062785054],[-1.05834492331266,47.4256707113833],[-1.05430271962655,47.4261389532492],[-1.05068725404346,47.4254717732036],[-1.05164025539549,47.424006274261],[-1.0537402222754,47.4220780262148],[-1.05354763770444,47.4206569560906],[-1.05462432890956,47.4180910301972],[-1.05581442970519,47.4170588904396],[-1.05629583779873,47.41529701256],[-1.05597820174277,47.4131546902416],[-1.05648615740485,47.4117262946701],[-1.05784652348103,47.4108756704264],[-1.05771725265792,47.4089241739761],[-1.05964246872884,47.4062600361024],[-1.06130848189389,47.4061333182135],[-1.06199058451339,47.405043131984],[-1.06169841931708,47.403484021331],[-1.06356533580346,47.4010715223365],[-1.06611629357419,47.4026183167876],[-1.06786212610586,47.4016386906521],[-1.06669678614742,47.4001741495058],[-1.0659346867695,47.397934709334],[-1.06682997115332,47.3960005262608],[-1.0682264121606,47.3957371057823],[-1.06631269589389,47.3925437403563],[-1.06881151949302,47.3898079368773],[-1.06867306687964,47.3884742042437],[-1.06457994541511,47.382512299678],[-1.06540049330794,47.3798406701896],[-1.06471144400309,47.3788921714012],[-1.06394363094627,47.3744724133193],[-1.06365443120689,47.370378433539],[-1.05756821832685,47.3694509697135],[-1.05149374835647,47.3672013318873],[-1.04582381610336,47.3654880519772],[-1.04138344861512,47.3648746883779],[-1.03259065081905,47.3650415636115],[-1.02887011007019,47.3655826447194],[-1.02141337431345,47.3654508202882],[-1.01653608972096,47.3650039808177],[-1.01408653468267,47.3652987050572],[-1.01049523717905,47.3663458037974],[-1.00761473861195,47.3683128986221],[-1.00554537965483,47.3691171106066],[-1.00210048511221,47.3686653126161],[-0.999042208333474,47.3697135001412],[-0.996056119192519,47.3696315086791],[-0.993836616555618,47.3707561481665],[-0.993441435176388,47.3720767168998],[-0.991198965669651,47.3728415439587],[-0.987948190030276,47.3710053713131],[-0.985302361461721,47.3713422673137],[-0.979660221588332,47.370710101549],[-0.977061345011411,47.3709469520202],[-0.973580602653687,47.3717808711828],[-0.969379539704456,47.3747322383997],[-0.968116306518469,47.3765059936793],[-0.970878729779508,47.3771651129423],[-0.980437257978778,47.3757418857652],[-0.981082037160538,47.3786699234013],[-0.978895927916498,47.3797885982608],[-0.977648481850106,47.3822730856025],[-0.974350842697492,47.3826689824921],[-0.975747370918768,47.3869675003203],[-0.976835638676454,47.3882723597536],[-0.978739637376849,47.3880142779264],[-0.982829771088222,47.388348236444],[-0.983034236935404,47.3896346665827],[-0.984595111541294,47.3910981184978],[-0.985989618392191,47.3912341588843],[-0.986107866436004,47.3937511844526],[-0.989543521460314,47.3979453353744],[-0.992166342826626,47.3991883527726],[-0.993283814376038,47.4019802039103],[-0.995264086767602,47.4050172976397],[-0.995965660859766,47.40698246091],[-0.995401901494275,47.408057326939],[-0.996994842062406,47.4132655431114],[-0.997849537419872,47.4142555752074],[-0.999246936712635,47.4174622788579],[-0.997711369572279,47.4183993243504],[-0.996129942925218,47.4181887057254],[-0.99535727084703,47.419722318724],[-0.994996642871213,47.423913351816],[-0.995416540082534,47.4256069695547],[-0.995021402277495,47.4280009973789],[-0.992131740524883,47.4267617648615],[-0.988568606647415,47.4262504203865],[-0.986630664504136,47.4256066359403],[-0.981254117995191,47.4213716269764],[-0.978541354019823,47.4238800826088],[-0.975290248993096,47.4244005055567],[-0.974166434217989,47.4231986947785],[-0.971631751292738,47.4223659591611],[-0.96816762371581,47.4219110121619],[-0.96570155891407,47.422379131304],[-0.967067329651057,47.4235691555174],[-0.964247873952117,47.4238933696173],[-0.961305058695224,47.4229634671711],[-0.958333815495483,47.4231566100825],[-0.956007342848736,47.4238081419196],[-0.955220068097021,47.4229849826988],[-0.953572393993986,47.424142443975],[-0.948312179022088,47.4226708997614],[-0.948118366097487,47.425878061475],[-0.94673306187949,47.4277691901525],[-0.946966096259333,47.4291646272287],[-0.950500251330321,47.43258136246],[-0.952546571354011,47.4339764581966],[-0.95305882565354,47.4356967818997],[-0.952824427078512,47.4384050906067],[-0.953654407985017,47.4403074909246],[-0.953866631811448,47.4426409879214],[-0.952529314656468,47.4508342985237],[-0.952898462596609,47.4522341053213],[-0.954649556540206,47.4537050070274],[-0.955661853456641,47.455678704216],[-0.959192094041994,47.4581489700107],[-0.961155956091605,47.4618964608084],[-0.964336032150711,47.4644749478776],[-0.966134373417728,47.4667705848101],[-0.966481298409099,47.4682945910511],[-0.967801476728645,47.4679936059349],[-0.968243870588165,47.4698541463768],[-0.967356166638211,47.4723666236094],[-0.96736937271385,47.4744445905106],[-0.96604665932345,47.4759506979351],[-0.961436396523337,47.4798111856215],[-0.958915532858215,47.4812101617297],[-0.962407966392242,47.4851372499662],[-0.964817600269073,47.4896437142204],[-0.965525804873652,47.491626784335],[-0.967527640410574,47.492762708286],[-0.97233244602597,47.4926754555514],[-0.975049133661495,47.4916002950711],[-0.977498598728306,47.4912245994536],[-0.980793876444912,47.4900285791937],[-0.985915507318806,47.4896991854289],[-0.989763202035008,47.4899224805063],[-0.992347578991381,47.4905900719667],[-0.995977519538375,47.4909053570582],[-0.999151904495377,47.4895561230847],[-1.00418298043624,47.488924384789],[-1.00635995747026,47.4880391827237],[-1.00929641629156,47.4898714150678],[-1.0127685532759,47.4893939392245],[-1.01300565496768,47.4902852900526],[-1.01489607496609,47.4919605648936],[-1.01774830236392,47.4931780930836],[-1.02102077958943,47.4956140592233],[-1.02184480543291,47.4965617336279],[-1.02312183891221,47.499375725365],[-1.02425560900949,47.5005497298718],[-1.02637005618106,47.5004567925506],[-1.0301923845075,47.5011943222059],[-1.03329855276513,47.5029101537727],[-1.03469014957518,47.5041652666415],[-1.04040926211685,47.5054775783136],[-1.04542766678806,47.5055773279549],[-1.04931151828773,47.5052917935563],[-1.05302693370289,47.5042061895157],[-1.06060885645576,47.5038897252365],[-1.06645799650229,47.502687779441],[-1.06875777433718,47.5026696233116],[-1.07253564937575,47.5017299168733]]]},"properties":{"CLE":"Loireauxence"}},
{"type":"Feature","geometry":{"type":"Polygon","coordinates":[[[1.1014495940006266,49.42985376526009],[1.099596472459753,49.42909928094828],[1.096879164897133,49.42904790575763],[1.094398831831254,49.42842112409953],[1.090970600778414,49.42677706858684],[1.087526571425792,49.425934468783495],[1.088964216706015,49.4240180141274],[1.089137998003624,49.421376986134035],[1.091365558272981,49.41724816828561],[1.091460348071677,49.41480205882999],[1.098731515546651,49.416960397030124],[1.099770253757362,49.41685184002446],[1.103467055906508,49.404792167208655],[1.105410246779777,49.399384524822466],[1.11462460512802,49.39993713917098],[1.116015842902631,49.3988974479501],[1.118648234603919,49.40088942046873],[1.117202690173805,49.40576041673454],[1.11572159956918,49.40832775966534],[1.114578197622409,49.411088981162564],[1.113140552342185,49.41325711859215],[1.110581227777392,49.4205542049403],[1.110044085584782,49.42546114227197],[1.107358374621727,49.42556390011163],[1.1014495940006266,49.42985376526009]]]},"properties":{"CLE":"Grammont-Grenet-Voltaire-Lods (Sotteville-lès-Rouen / Rouen)"}},
{"type":"Feature","geometry":{"type":"Polygon","coordinates":[[[-1.90996571867747,47.6066870727662],[-1.91696990903068,47.6090776801718],[-1.91877207353888,47.6092415737944],[-1.91831494913537,47.6108066419558],[-1.91960793158611,47.6115655815986],[-1.92181854674389,47.6116598926887],[-1.92778190005039,47.6100336175772],[-1.92986034630124,47.6091458137006],[-1.93180225778372,47.6058737865022],[-1.93110335767798,47.603622511526],[-1.93218145552915,47.5999522839162],[-1.93675470823528,47.5991707086274],[-1.93935047321846,47.5990517492775],[-1.94830571267863,47.597228093426],[-1.9528426227232,47.5971508840607],[-1.96219827284821,47.5956256818636],[-1.96726256060012,47.5954713424909],[-1.96714925257237,47.5944263567624],[-1.96550963139881,47.5889585281401],[-1.96706314905507,47.5873302416715],[-1.969534328274,47.5855365407027],[-1.9723293001844,47.5867611864365],[-1.97707162507523,47.5863369173175],[-1.97881392470355,47.5866503312382],[-1.97947824314482,47.5852122606952],[-1.97799374369515,47.5828179544683],[-1.9784070606944,47.5784900430143],[-1.97765925104688,47.5770464491878],[-1.97949536038618,47.5726550299932],[-1.97153614959849,47.5670909263871],[-1.96158932138395,47.5592912779812],[-1.95729651311948,47.5563958009145],[-1.9528525456768,47.5531151796768],[-1.95426000847904,47.5499058512939],[-1.95426935075908,47.5486283452671],[-1.95657007395356,47.546993598723],[-1.96124244482741,47.5445921811994],[-1.965072019642,47.5420127336048],[-1.96322422165257,47.5394154900469],[-1.96217492020049,47.5349749380799],[-1.96054326627528,47.5313168034974],[-1.96301608741268,47.5272447489354],[-1.96252748351706,47.5254256407895],[-1.95618898881387,47.5225677656973],[-1.95315963582874,47.5230682851612],[-1.94987774104614,47.5250685320915],[-1.9470924323829,47.5246836480324],[-1.94581214987883,47.52381357727],[-1.9451719152553,47.5223490017413],[-1.9453946485115,47.5178227282746],[-1.9471062473159,47.5161490899519],[-1.9470174187185,47.5128175540599],[-1.94633721834112,47.5099855592265],[-1.94448845591598,47.507398928371],[-1.94188835880399,47.5068184888347],[-1.93613900655343,47.506843308583],[-1.93426189810427,47.5072006965152],[-1.92836480833389,47.5099966567778],[-1.92546957269419,47.5106756912347],[-1.92350853835235,47.5095032045402],[-1.92279831423353,47.5080360784538],[-1.92380045208479,47.505535081377],[-1.92279486521503,47.5040254337971],[-1.91887931709588,47.5042162476435],[-1.91770087435374,47.5059318700137],[-1.91659014842072,47.5065325671804],[-1.91260786410643,47.5069550635963],[-1.90923252633,47.5067259036038],[-1.90684687392032,47.5080116006571],[-1.90508704492416,47.5083581526683],[-1.89774911069324,47.5085363935151],[-1.89761454865736,47.5089271629709],[-1.89200577407727,47.5093975282801],[-1.88904461300193,47.51033454567],[-1.88631034941585,47.5106387582615],[-1.88403672362792,47.5113808306874],[-1.88318276772035,47.5131356398078],[-1.87953174004618,47.5106769142485],[-1.87221081643163,47.5042565197022],[-1.86859285727726,47.5089704878194],[-1.86714378527333,47.5097354509823],[-1.86270849457926,47.5111383484619],[-1.86200502163648,47.5105607803747],[-1.8573217500034,47.5114489388249],[-1.85456355447099,47.514436422478],[-1.85322188393679,47.5163727369388],[-1.84267825866325,47.5199241009787],[-1.83904010488477,47.5220882945796],[-1.82910227277792,47.5265889409431],[-1.82938159775311,47.5341996459085],[-1.82621138642675,47.5389204760919],[-1.82239115623943,47.5438827344384],[-1.81847100696461,47.5464023285354],[-1.81520743138351,47.5473886022053],[-1.81087678746788,47.5476649395937],[-1.80576425607476,47.5477046361877],[-1.80339142242389,47.5480829699502],[-1.80002045344217,47.5494934711157],[-1.79300926198291,47.5517246372544],[-1.79019159473611,47.5531310030341],[-1.78858231312762,47.5546743019796],[-1.78873384630103,47.5569874854206],[-1.79038992256494,47.5616808695963],[-1.79074253511379,47.5636503132595],[-1.79164700305808,47.5650136044577],[-1.78866336963044,47.5728654773847],[-1.78675151396201,47.5739693481599],[-1.79058528295197,47.576120393377],[-1.79819878935392,47.5795144563147],[-1.80301732470797,47.5818608495365],[-1.80684164743969,47.5834490726898],[-1.80949056279977,47.5854067201304],[-1.81264454558671,47.5843756512436],[-1.81194932587249,47.5884462007191],[-1.81482138875831,47.5896514493593],[-1.81851982565087,47.5906619586364],[-1.82044399190275,47.5918485379334],[-1.82228412814975,47.5912196330636],[-1.82495694852871,47.5911460158735],[-1.82696158597634,47.5893450939043],[-1.82799437493352,47.5862776673267],[-1.84509413348259,47.5871932502726],[-1.84618822174407,47.5865588823707],[-1.85037511633227,47.5868960743432],[-1.85226083410524,47.5866417392901],[-1.85312333479124,47.5872578524393],[-1.85523494225705,47.5873178200001],[-1.8594947140057,47.5880583786653],[-1.86233436369703,47.5882078104634],[-1.86402458481347,47.5872273485239],[-1.86385880161445,47.5847361908892],[-1.8664281338642,47.5837649932004],[-1.87154970676461,47.5841931621049],[-1.87574743587594,47.5825332147857],[-1.87714636425662,47.582847148402],[-1.88058444647393,47.5857668037918],[-1.88430320743061,47.5863604726465],[-1.88408451584184,47.5872624636437],[-1.88684673791477,47.5878609589556],[-1.89236724993654,47.5909608302688],[-1.89735714824014,47.593966414803],[-1.90226610586447,47.5952725067481],[-1.9079752978382,47.5956076852897],[-1.90837569858848,47.5971916281474],[-1.90738288105429,47.5980955976053],[-1.90723679903178,47.6001164945401],[-1.90970210293906,47.6016071932745],[-1.91341283523065,47.6015906706325],[-1.91151074465211,47.6040021124947],[-1.90996571867747,47.6066870727662]]]},"properties":{"CLE":"Plessé"}},
{"type":"Feature","geometry":{"type":"Polygon","coordinates":[[[2.28464407949617,48.743323456848714],[2.284184707972192,48.74388386485489],[2.279395759834725,48.74202086274654],[2.283007568441998,48.73817725807582],[2.285379073934534,48.7346439081019],[2.288479831721383,48.73524228460204],[2.293041965168889,48.73664351815887],[2.292129682032991,48.73819003701541],[2.294489703237426,48.738807779183254],[2.295773072432538,48.73990170856549],[2.295098370506696,48.74088627198885],[2.292473492907964,48.742634297895684],[2.291318604185967,48.74396054181571],[2.29297880158434,48.74463359011808],[2.290371868185767,48.7458111663101],[2.28464407949617,48.743323456848714]]]},"properties":{"CLE":"Antony quartiers Noyer-Doré et Pajeaud"}},
{"type":"Feature","geometry":{"type":"Polygon","coordinates":[[[2.479075892858593,48.91599924385642],[2.478301152060335,48.912568665809644],[2.475434329900909,48.910699101239956],[2.473348297827321,48.908134144317955],[2.480174661770657,48.90844903992246],[2.480254018907823,48.910338807747685],[2.481447547895721,48.91214437001778],[2.484141130614493,48.91541593745743],[2.484903802661066,48.91735179556212],[2.479646874794582,48.91798286323221],[2.479075892858593,48.91599924385642]]]},"properties":{"CLE":"Bondy"}},
{"type":"Feature","geometry":{"type":"Polygon","coordinates":[[[9.532629209123705,42.379024548786795],[9.532672682661978,42.379967969125325],[9.535249015674298,42.39399207367236],[9.536401587283425,42.4019194301461],[9.538190633577186,42.41124539952263],[9.538223927257208,42.41200999687851],[9.538631589253606,42.414019694859405],[9.540242674715024,42.41848081502239],[9.542027232257729,42.42182638662694],[9.543389307824173,42.427949811940636],[9.541921106141556,42.43161098488858],[9.540681684484081,42.44154113975842],[9.533446210348053,42.44055531549709],[9.526666702224858,42.44080196491504],[9.52260762607211,42.441354010960545],[9.510449071145135,42.44086685429632],[9.502024590226576,42.441650035450095],[9.492558506609473,42.443711007425144],[9.476913869632135,42.44560542478946],[9.462572430204881,42.446089834664434],[9.459703541617781,42.441658124944205],[9.458888348867273,42.43769242855789],[9.46195113690294,42.43031928566793],[9.460442239700273,42.42505741514632],[9.45807167828843,42.41971713314445],[9.456696372746075,42.417231239236514],[9.453892918478722,42.41401315095773],[9.446628375592486,42.405252310387596],[9.446431205605835,42.404039564755145],[9.444544397312534,42.403526282098596],[9.4351852060197,42.399403727141554],[9.426659221736543,42.39473587957961],[9.425499525500888,42.39203562280843],[9.423378463470282,42.390647886386326],[9.42029467941519,42.38510505768823],[9.424018347591556,42.382595778152364],[9.426263681766422,42.379565244921004],[9.426992760732169,42.37812155950511],[9.426432976034858,42.372524598454454],[9.426749715384977,42.3712248948204],[9.43260834052795,42.364060018611],[9.433651205822876,42.36404466551364],[9.44507231076847,42.36758548226417],[9.448560356900298,42.367775138016775],[9.453003676269594,42.36663781363601],[9.45836968285624,42.362913714287416],[9.466482172667217,42.35789579705163],[9.47930873428024,42.35258524021694],[9.479852722569705,42.35245826559042],[9.47559966615511,42.34346049252582],[9.475216919917687,42.34162970607324],[9.47711977743514,42.34129362519056],[9.479909852831975,42.34174567157584],[9.479812503205988,42.34026452046688],[9.478546474396051,42.33717730916762],[9.47590448679044,42.33694076204657],[9.472939525641973,42.334950894556485],[9.469649280667966,42.3344786657986],[9.467315419401467,42.33476241613938],[9.46410786357027,42.33654307505415],[9.458809006008591,42.33889181922679],[9.458159042745024,42.3388069006094],[9.453413750563175,42.34007381196723],[9.445059192380135,42.34043597949901],[9.445081362239492,42.34061499021467],[9.439835943636517,42.34920612650174],[9.429942584551176,42.35496366784183],[9.426193022589446,42.35510760278515],[9.419833111069916,42.356579693750874],[9.417781344656976,42.357293428373474],[9.414263479116935,42.357943255162134],[9.412013527266978,42.35742800794296],[9.410381371569184,42.355905139631474],[9.406887312936545,42.355751620546016],[9.40374774868272,42.35481643808676],[9.399331139358244,42.35403115220637],[9.395024896363513,42.35364212725841],[9.392189224685698,42.35390387905],[9.39123588105826,42.3540577289294],[9.386291976788536,42.352583151870704],[9.384093029046893,42.3508830060975],[9.381054512551279,42.34901865395281],[9.375504060681848,42.347381682673934],[9.361387184562398,42.345480574415916],[9.350324943519812,42.34185857384495],[9.344157710997845,42.33922632154067],[9.345934812678816,42.33713463708784],[9.346707014034546,42.335280612691186],[9.347111153479496,42.32956684386363],[9.349831941810736,42.328358230334366],[9.353281564579966,42.32765145457511],[9.354301618317642,42.32533079893095],[9.358245673263143,42.32188740506964],[9.36692482594245,42.31637555258005],[9.368107831904823,42.31585916529088],[9.367856638248675,42.31307269925104],[9.37366681851564,42.311072127539376],[9.377053400160335,42.307603726566356],[9.379389740338617,42.30417669287415],[9.378840800083019,42.30007907520039],[9.379128110203782,42.299550554247034],[9.387594810673079,42.299580539911254],[9.393959044543216,42.297199169825255],[9.395770751849103,42.297628316184245],[9.401304287746086,42.29710534424835],[9.412450531925652,42.295808471369604],[9.41753498248015,42.29100610579784],[9.419893444277402,42.28923496273871],[9.42121815064759,42.289055621905135],[9.425235515258446,42.301008192035944],[9.428417815777689,42.301713611757506],[9.43425576944034,42.30169169215777],[9.442106487654687,42.307514139038695],[9.446113747246304,42.30912936180839],[9.449069057864413,42.30898140967319],[9.455210232564397,42.30732941761362],[9.458733493586623,42.30565874201583],[9.467990775446328,42.29976197088789],[9.472661898093012,42.29882250336423],[9.475881352639894,42.29839885377996],[9.486591931905338,42.29855634075075],[9.496463584153185,42.29974435666477],[9.498463551609024,42.299617402039466],[9.497932590330615,42.29875263112662],[9.500714390330469,42.294326714937036],[9.506872454045034,42.291682183715565],[9.512213869997952,42.28687799854071],[9.515906187036931,42.279530759805866],[9.51741085856212,42.27468050038433],[9.515100266337699,42.270887054856196],[9.520431283878256,42.26858368509206],[9.529848302302662,42.26422137502406],[9.534789479762983,42.259034764959296],[9.542259099829085,42.25300838710313],[9.55246183993893,42.250072550924145],[9.553304708349389,42.25128027374789],[9.555153356527489,42.25213634674208],[9.555734199387436,42.25658510330535],[9.55588239545189,42.25973947880841],[9.557151130655141,42.26576450622675],[9.559226271962567,42.27173430066288],[9.559597592751897,42.27599951722564],[9.559558958014303,42.280767172793304],[9.558829307041616,42.28526463527464],[9.55531048117395,42.29388902382089],[9.553665393453072,42.29923033774135],[9.552533672966463,42.30282372894225],[9.550457461762111,42.313214942216234],[9.548237050965666,42.31882079226617],[9.542539416353486,42.3286208530755],[9.540416775814764,42.33728506487603],[9.539201741869357,42.3394414058024],[9.541002001902058,42.341906275067736],[9.538216168082423,42.34257385822744],[9.53724300000441,42.34520951197655],[9.534986135267468,42.35800263177476],[9.535141287119437,42.35885708989542],[9.533370226286584,42.36628031978938],[9.532572393660582,42.375819088965265],[9.532629209123705,42.379024548786795]]]},"properties":{"CLE":"Costa Verde"}},
{"type":"Feature","geometry":{"type":"Polygon","coordinates":[[[-3.893228695133398,47.869126202726044],[-3.891459081923155,47.869759320535664],[-3.891364702551941,47.87083560306193],[-3.894599040786562,47.871228207329736],[-3.896180350753273,47.87069783394327],[-3.897522956523591,47.87233128210449],[-3.898985836777393,47.8763333961225],[-3.900248160867367,47.87759944791026],[-3.908960556572468,47.88089697194525],[-3.911249256324385,47.88260598400536],[-3.913502563812095,47.88600603824145],[-3.916103895231154,47.89073686511684],[-3.914169118121285,47.89399597937232],[-3.91042933553697,47.89703934806609],[-3.909461946982037,47.89955854458758],[-3.905102799774136,47.89998564895627],[-3.902141647002326,47.89962972889372],[-3.901622560460656,47.90049975139341],[-3.901716939831869,47.90261740414303],[-3.903451160777908,47.90295748596065],[-3.90382867826276,47.90506119824329],[-3.905608312448707,47.90720758736382],[-3.908724608144436,47.90886901637157],[-3.912535175257161,47.90435535694229],[-3.911220764868516,47.90366006373587],[-3.911898114501474,47.900598616661405],[-3.915295771865142,47.90437908285663],[-3.916761601474295,47.90395201473457],[-3.915864997447771,47.902718242589415],[-3.916714411788689,47.90111271301151],[-3.914685255307607,47.89928369315368],[-3.917776179714834,47.8958766006361],[-3.917363269965776,47.8924237987706],[-3.918295266256504,47.89011784754437],[-3.917422257072785,47.889682750892895],[-3.918873339905185,47.88830623922978],[-3.919687361981897,47.886688395709264],[-3.919651969717692,47.885161484811256],[-3.92355101749093,47.8825604902018],[-3.922147124344137,47.88125499881606],[-3.923391752302006,47.88076740912536],[-3.926270323123997,47.88086631207058],[-3.925450402336585,47.87930362345974],[-3.925370769742125,47.877774516699304],[-3.929163640722741,47.87714149681141],[-3.930987817006964,47.87650055629525],[-3.929454152224754,47.87483882173648],[-3.929501341910361,47.87394462822973],[-3.931082196378177,47.87259935229163],[-3.929336178010739,47.87020942302461],[-3.924546424921687,47.869164783563875],[-3.92192739737053,47.86946551526395],[-3.916476988682987,47.86767692737473],[-3.913362469432964,47.868816565731066],[-3.913975935345847,47.87039935520975],[-3.912418675720835,47.87115907698947],[-3.91083782125302,47.873074159551834],[-3.912961357105309,47.8747201243716],[-3.907723302002995,47.87606534525231],[-3.908525526658305,47.87392880165702],[-3.910460303768168,47.87331156155051],[-3.909811445591081,47.87212058389925],[-3.906395972526855,47.872234696445545],[-3.905359735313821,47.87295791008762],[-3.899891038345611,47.870267906078524],[-3.899968905881851,47.86929553270577],[-3.893228695133398,47.869126202726044]]]},"properties":{"CLE":"Concarneau"}},
{"type":"Feature","geometry":{"type":"Polygon","coordinates":[[[1.041704140832689,49.39144968440472],[1.041539523427437,49.39117818093466],[1.034631064109818,49.39509418859683],[1.030470026461151,49.39868413001831],[1.028954196766897,49.397578696672575],[1.024532003087613,49.39894515053346],[1.021746568339951,49.400770250077024],[1.021650561740419,49.40140480719918],[1.018076409554552,49.4026671090925],[1.014987210177239,49.401422425930214],[1.012034041579661,49.40133346996543],[1.009904822995226,49.38572731984958],[1.008633637992433,49.380842042989],[1.007068161630232,49.377876047727796],[1.004864533558024,49.37500109469739],[1.019582777582245,49.368496766480426],[1.025153368868996,49.365516395807866],[1.028283373151782,49.36460000274866],[1.032487654862029,49.364426636340305],[1.036916733943138,49.36312114701609],[1.041065902804863,49.360661844270076],[1.056712366762311,49.36541643996222],[1.057236986334297,49.36614508666078],[1.063178496380469,49.374407296108984],[1.063451320498694,49.37546545032496],[1.058447727737613,49.39245331062476],[1.043043908986635,49.39367511774644],[1.041704140832689,49.39144968440472]]]},"properties":{"CLE":"Petit-Couronne"}},
{"type":"Feature","geometry":{"type":"Polygon","coordinates":[[[3.820948977855934,43.646062873993785],[3.818743994540842,43.645929910190674],[3.817595565730898,43.64536481074396],[3.817997515814379,43.64351989024861],[3.809484787260666,43.640964332454686],[3.807716206893353,43.63975092386502],[3.808255968434026,43.6364180796663],[3.807658785452855,43.634252878583126],[3.811506021966169,43.63432768529592],[3.813561709535969,43.63384559595753],[3.814526389736321,43.63473496465425],[3.814055533924245,43.63643885856938],[3.818143940487646,43.63589029311889],[3.819797677973966,43.63736143462439],[3.823317612276445,43.63740299177094],[3.827015553044466,43.638988375448626],[3.828232887583006,43.63998571202823],[3.830368965169503,43.64259533107652],[3.831055151383445,43.64395411649965],[3.835579960894624,43.64258286501295],[3.835867068097111,43.64513419878063],[3.836912138314161,43.64599015945042],[3.838542907224281,43.6503237925254],[3.83639247427766,43.6528602562703],[3.834911001112831,43.65101556598875],[3.832281099138058,43.6509490896056],[3.82896213987732,43.65237000627322],[3.826653797969332,43.65302644180174],[3.825712086345178,43.65119837566305],[3.825895834954769,43.64971926324534],[3.820948977855934,43.646062873993785]]]},"properties":{"CLE":"Montpellier-Grabels"}},
{"type":"Feature","geometry":{"type":"Polygon","coordinates":[[[3.170557792130703,50.70551591057739],[3.166574493430047,50.70451637717745],[3.164620487914731,50.70244006355202],[3.166031714120238,50.70058367882487],[3.164750754949086,50.69995111613121],[3.164316531501238,50.69802587282282],[3.16142894557305,50.69359751327198],[3.159540073574911,50.69178204007895],[3.151984585582357,50.68736684616145],[3.155740618406242,50.686954189983794],[3.160408520470607,50.684677638163265],[3.162210547779176,50.68331578095065],[3.165127986569404,50.68495275603344],[3.166007289051295,50.684822075246245],[3.169426798703094,50.68605321138298],[3.16234895650318,50.68997337381301],[3.163163125467893,50.69107371140748],[3.163369381605621,50.69299580172193],[3.16440066229426,50.69453616787768],[3.167342526153426,50.696207132889455],[3.172545065837949,50.694274859324715],[3.173744608112628,50.69642717322892],[3.174656477353108,50.69937011353096],[3.170557792130703,50.70551591057739]]]},"properties":{"CLE":"Arc Nord Ouest Roubaix"}},
{"type":"Feature","geometry":{"type":"Polygon","coordinates":[[[0.706710105878613,47.3812038175576],[0.704320063880822,47.38265293029563],[0.703323925759496,47.38676360132644],[0.702201902051409,47.38719716254398],[0.702002127098506,47.38934916683023],[0.698750994988243,47.389556673576],[0.695851521527955,47.389125910892304],[0.694231428759205,47.390252371034904],[0.692785112833049,47.38918241974607],[0.695410921974292,47.38574175383704],[0.695679113006956,47.38460871211079],[0.694037127092683,47.38379991109215],[0.695453339943744,47.38148832086864],[0.69746750933192,47.38038761623516],[0.700427188942398,47.379936394815914],[0.701390487345439,47.377971173949675],[0.705152003410721,47.37945459355484],[0.706710105878613,47.3812038175576]]]},"properties":{"CLE":"Tours Sanitas Velpeau"}},
{"type":"Feature","geometry":{"type":"Polygon","coordinates":[[[-61.605525132416645,16.297329370831267],[-61.60325770553607,16.298642968093617],[-61.60204840755216,16.300257271658708],[-61.6013915738089,16.302746474791658],[-61.60226321560911,16.303617166892973],[-61.60567558741623,16.30450283058487],[-61.608610833678505,16.304575504306555],[-61.61148359183509,16.303821662353055],[-61.61256935850599,16.303263925516777],[-61.61598775784114,16.30303237825773],[-61.61940084980074,16.301954790115655],[-61.62249253596928,16.301333272898535],[-61.6248182885916,16.301305942245808],[-61.626768722598655,16.302091370847087],[-61.627626255974704,16.30433293219205],[-61.62887058238403,16.304788389768838],[-61.63184495809852,16.304757058615998],[-61.63337144248058,16.30501277067742],[-61.63388571403927,16.307237630495866],[-61.63813711889044,16.309576996898354],[-61.640747424339644,16.308745142818815],[-61.64338352296708,16.308785587726646],[-61.64451665401551,16.310586002073258],[-61.644877774848176,16.3127818428949],[-61.64258577991408,16.313864336394577],[-61.64097035952751,16.316312279657442],[-61.64323063674513,16.317800912351007],[-61.64651835423754,16.31850890236307],[-61.649334110798534,16.319666628185203],[-61.650276664155086,16.321022031939794],[-61.65168628998134,16.32141786735919],[-61.653908517191944,16.320827405858704],[-61.65619280560992,16.31964442008418],[-61.65818058292397,16.31994176186922],[-61.65957654318763,16.319597242503075],[-61.660172064872626,16.320658474137637],[-61.661532285874294,16.319926886596797],[-61.66299670932706,16.320112408236472],[-61.663049304645995,16.318982984453704],[-61.66498000964854,16.317622320444755],[-61.665418053576325,16.318998875384573],[-61.66685390650324,16.320086188497886],[-61.66856012353559,16.31745783907662],[-61.66976791542727,16.31766971250385],[-61.67089316256924,16.3186022984],[-61.6710296545737,16.321259449193448],[-61.67317751947806,16.323224282763032],[-61.67260474783486,16.324467936704295],[-61.67504605198012,16.325951965762332],[-61.67704114892102,16.326289853236236],[-61.67845952460516,16.32846426793751],[-61.68054607603778,16.32856861019489],[-61.68087592268493,16.3269763509855],[-61.68185975549679,16.325142339718898],[-61.68324051492187,16.324692726525793],[-61.684126259663266,16.325205289038884],[-61.68549795225116,16.3248514082959],[-61.686186133494026,16.32579656183059],[-61.68581948787653,16.328280665678164],[-61.68658596075586,16.329838186829527],[-61.688670083286425,16.330170195584444],[-61.68907619259068,16.331170528326997],[-61.69084845244595,16.331250222488354],[-61.692144848165285,16.33251275582025],[-61.692188697998795,16.333378880902355],[-61.69363367250229,16.334823090193805],[-61.6955470176022,16.335228993972905],[-61.69657721295672,16.334578289092928],[-61.697821867589504,16.334616705858977],[-61.69956706068484,16.335398426531313],[-61.70140434117499,16.334427297502376],[-61.70344678064893,16.33640927744038],[-61.70663567423371,16.336719884829147],[-61.70836948172851,16.336108682636866],[-61.71450742380099,16.337770343847996],[-61.71631263900472,16.339983948853888],[-61.7174757202084,16.342776599932613],[-61.716245221047814,16.344287529001374],[-61.71786028986363,16.34567025975445],[-61.7196334217211,16.34664631645512],[-61.7202365629131,16.3476062211889],[-61.72135885356511,16.347187332036597],[-61.72236967114595,16.348507617044763],[-61.721513904378284,16.350548678811283],[-61.72312175618585,16.351182966433647],[-61.724902372591686,16.352460001185946],[-61.72479374088349,16.354052781330314],[-61.726431106034575,16.35375086504664],[-61.728421809634476,16.355118620759008],[-61.728777707853084,16.356538865800516],[-61.73044861673642,16.357132810241414],[-61.73153590223031,16.356052059711022],[-61.735161553676015,16.356924354578943],[-61.73679296905106,16.35769516265106],[-61.73865318244058,16.35913796716288],[-61.73909237802155,16.36013661184399],[-61.74019174667106,16.359940732530347],[-61.74250583465987,16.360685754448077],[-61.743687975071786,16.361892185889015],[-61.744987444156294,16.360709592475278],[-61.746019013207885,16.360575642698493],[-61.74606356157215,16.357850868356554],[-61.74785689402253,16.3562870658743],[-61.74885970848587,16.35493185735065],[-61.75072117905387,16.354127648001946],[-61.75345519838867,16.35375157680816],[-61.7564090605699,16.354136888645296],[-61.76000743447895,16.35563947416844],[-61.76071409754779,16.354620493867696],[-61.762562648993814,16.353928175832646],[-61.76493260126416,16.35368448700416],[-61.764463017016375,16.351097674952186],[-61.76231941264403,16.34959377335494],[-61.76227858639023,16.34864450906317],[-61.763552807251905,16.346979895585623],[-61.76539999557349,16.343510960518184],[-61.76574321855831,16.34102742519004],[-61.765188123106796,16.339984765831968],[-61.765775838816424,16.33583056607388],[-61.76521650006215,16.33546575855638],[-61.76495328955615,16.332662329394577],[-61.764254697050504,16.332115937668085],[-61.76168582927338,16.331287424694672],[-61.760568618778436,16.33033183899996],[-61.758932638623385,16.330005880875056],[-61.759064764385315,16.328201702253374],[-61.75972871660077,16.326962834022005],[-61.75946706498453,16.323627956171524],[-61.76065914021343,16.32175498299499],[-61.759341782330004,16.320041709206475],[-61.75908330630389,16.318728726329457],[-61.75789943389304,16.31767060564247],[-61.75862949921209,16.315737981877728],[-61.760375105788995,16.314390676213666],[-61.76078054184673,16.31302464900036],[-61.76095152546994,16.31054191205975],[-61.76208266745598,16.308519432373004],[-61.76299635816076,16.30788577230082],[-61.762921538264806,16.306088507157153],[-61.76181039422043,16.304336690151125],[-61.76340900707987,16.303127679796187],[-61.76176212947007,16.300697561329738],[-61.76165579204874,16.29542666535715],[-61.76379069927515,16.29419728753453],[-61.76335336342903,16.293348737690568],[-61.76419583138234,16.291374258359482],[-61.76388055060044,16.29061228759148],[-61.76545497978466,16.28861134836083],[-61.76442905338739,16.28715921514607],[-61.76276307950227,16.286298964061196],[-61.759211089597294,16.28505255279668],[-61.75811932360802,16.28381240805855],[-61.756552001414676,16.280819635734417],[-61.75697472152717,16.27759090227375],[-61.75627730117555,16.276594391187608],[-61.7570359311652,16.274854442402898],[-61.75598189664143,16.27164595384948],[-61.756034073342846,16.26960178008627],[-61.75538329569308,16.26803883538623],[-61.756643070207204,16.26561400957601],[-61.75819220934045,16.26389134577711],[-61.75809022385054,16.26314598463157],[-61.75562391960855,16.261479290884658],[-61.75504197645129,16.259836308706436],[-61.755387292627,16.257153938393266],[-61.75517468590229,16.255998487553587],[-61.75161156418549,16.25275534030784],[-61.7481717503693,16.2532565598754],[-61.74711350782877,16.252226258487795],[-61.74403307173687,16.250209641875845],[-61.74330011521591,16.249381902548404],[-61.74095939960471,16.2496391600548],[-61.738570121690714,16.249441473697804],[-61.73639721911768,16.247595554700105],[-61.737103950174664,16.245491122437095],[-61.7348850960727,16.242939023248404],[-61.73062102399566,16.24112936977859],[-61.730198435970024,16.238604243131785],[-61.729048051415276,16.237671827206338],[-61.72847222028232,16.23541241028456],[-61.726161131718435,16.23341643944764],[-61.72532029646116,16.23076587317136],[-61.7221926080729,16.229055085958],[-61.71980622700007,16.22917627452402],[-61.71420774487169,16.22691448184943],[-61.71184655633042,16.226187040410167],[-61.70761270578538,16.226145027447952],[-61.70671612478224,16.227489881578133],[-61.70490115103727,16.227787015816585],[-61.704170568813545,16.229065083600418],[-61.70390638355587,16.231265188271603],[-61.70186974094447,16.230692363979223],[-61.70144783952811,16.23154479984511],[-61.699053681636826,16.23113696746647],[-61.698468164500234,16.23239872886522],[-61.6969453318099,16.23179647182742],[-61.69447401474118,16.23159960859897],[-61.693761379000804,16.232414084418146],[-61.692386672441295,16.23205041273588],[-61.69213595867117,16.233040359316444],[-61.68933891683629,16.233431621794672],[-61.6889974118475,16.234425521443328],[-61.686836701279766,16.234648051887977],[-61.685684951622534,16.235648676440213],[-61.68575978275005,16.236496018821857],[-61.683165817980694,16.238556902639196],[-61.682590627496296,16.23993526772459],[-61.68130278144891,16.240993766924685],[-61.68069475518458,16.24252285843855],[-61.678621349564104,16.244228100661633],[-61.67883274650698,16.246616397339103],[-61.6767747829045,16.246563791823757],[-61.67509253053181,16.24768847482828],[-61.67607052332945,16.24904307860695],[-61.6739336143598,16.25001668396191],[-61.67315430314303,16.251263588698784],[-61.67032977316131,16.25124859534459],[-61.67037552314773,16.25223675030289],[-61.67329058980455,16.253401962397184],[-61.67320059308871,16.25468300702582],[-61.67014693594377,16.254089036395907],[-61.670050787893636,16.255446863682],[-61.675662675106636,16.256854009296454],[-61.67607023496616,16.25886664032815],[-61.673935745392725,16.259044896689932],[-61.673852866154114,16.25968337410483],[-61.67532197934786,16.261060038068393],[-61.67454444007753,16.262455180866617],[-61.674453229543026,16.2643354460369],[-61.671702262987544,16.26406694746026],[-61.67090074514532,16.265960827918803],[-61.67213859660887,16.26819739638418],[-61.671581770636195,16.2700187000397],[-61.673836677982514,16.271991400803376],[-61.673560426329516,16.272719950350996],[-61.66994725702869,16.273467323118656],[-61.6689191418892,16.275096757492232],[-61.666848079304394,16.27583297959319],[-61.66685876386531,16.276744991376443],[-61.668495649623026,16.27767447291027],[-61.6682178333988,16.279601455957856],[-61.665714742389305,16.283055409530103],[-61.66625756066673,16.28525960852284],[-61.66729241089719,16.287078269663102],[-61.667344073268,16.288157743655894],[-61.66634086268378,16.290240121910383],[-61.663231780841464,16.290430173058354],[-61.660182133759434,16.28986045299067],[-61.657585299588455,16.2899976301627],[-61.65498370650865,16.29083248260569],[-61.6542457975743,16.29145412430942],[-61.65409487222959,16.293137855974333],[-61.6563128999565,16.293801800652933],[-61.658406514523435,16.29349786097576],[-61.65900709412714,16.294354864440365],[-61.65845952185212,16.29574777067293],[-61.656447452272346,16.297677269368215],[-61.65570216608102,16.29786775249192],[-61.652925101195144,16.29642658025828],[-61.650225238219114,16.295333831389105],[-61.64778026564067,16.295150098406626],[-61.646114791050856,16.29538165733054],[-61.64308824004877,16.296350106363555],[-61.64076085725373,16.29675632435857],[-61.63778538394945,16.29669197981588],[-61.63451455705405,16.296170171342375],[-61.6346637694518,16.298407132270146],[-61.633751726119776,16.299295998550992],[-61.62974281157248,16.299133571544584],[-61.62801059804952,16.29845985121365],[-61.6232406355515,16.295653280137437],[-61.62049331747204,16.295219623848745],[-61.615695530931774,16.295471146917617],[-61.61411762778108,16.2960220626895],[-61.61016671277428,16.298665919457836],[-61.60854556783363,16.29910624381767],[-61.606483983443574,16.29896884167286],[-61.605525132416645,16.297329370831267]]]},"properties":{"CLE":"Sainte-Rose"}},
{"type":"Feature","geometry":{"type":"Polygon","coordinates":[[[1.101957266762826,43.00190642356626],[1.103144684678777,42.999218658343594],[1.106032055623911,42.995887035836795],[1.108343893249569,42.994784330499144],[1.108208008477039,42.993465827057946],[1.112356220756856,42.99241511853605],[1.113229156798217,42.99176293648143],[1.112528560695275,42.988741498286565],[1.111698445051167,42.986801796124745],[1.108323094870301,42.98464642259072],[1.108751082349056,42.98208202160581],[1.107436680532903,42.98109723409773],[1.107163712530096,42.97883806106332],[1.105291791848416,42.97928277233912],[1.104216487594341,42.977883850536195],[1.103149727046099,42.97409127193803],[1.10144750347849,42.973921790557455],[1.097888145284591,42.971920271304924],[1.096875414725284,42.97190864588215],[1.094412605753265,42.97050664797875],[1.093165076588803,42.970222748844535],[1.089706628427376,42.972572242212316],[1.088168423008359,42.97300368948322],[1.084681719156732,42.97300819969608],[1.080678083298264,42.97201202179661],[1.077903566715782,42.97281796403108],[1.076391232971174,42.9737219927678],[1.072775033537789,42.97364013855111],[1.070608959896638,42.974968671092604],[1.069728699987638,42.97476665474526],[1.066899288140492,42.97596085960479],[1.066370239998428,42.98054559409877],[1.060554495777132,42.977272458517],[1.055060652609556,42.976729715340745],[1.052237564256505,42.97542636590908],[1.051005079502149,42.97105357217683],[1.055150628365822,42.96751137807492],[1.058645066833332,42.960938269896346],[1.061138907030923,42.9591040481096],[1.06221071330801,42.95763456511469],[1.062927966915554,42.95295527854679],[1.066231325983796,42.95011362875753],[1.067505574459692,42.947410837921005],[1.068776407312259,42.94697669990857],[1.07315490702847,42.94757884638813],[1.072821384029981,42.94195415104108],[1.075991043975456,42.93956593007856],[1.074934107094903,42.93854218553973],[1.077954506931206,42.93599472064344],[1.080504268401222,42.932234265273074],[1.079945069257606,42.931227563188685],[1.080703078862847,42.92870435867388],[1.082890697055596,42.926071744184924],[1.086481277569232,42.92561581893889],[1.08642485908709,42.923466687841845],[1.085312679350527,42.92193202973038],[1.088932229530132,42.91850714414626],[1.087475674377112,42.915205081247436],[1.085441987132111,42.90977880078172],[1.083971667169911,42.90657271351717],[1.08341676793084,42.903996436471296],[1.0819183453653,42.8996492246118],[1.08875688769003,42.893881951247245],[1.089780703726237,42.89269750629196],[1.092554448310256,42.88825640709343],[1.095867398073608,42.88757581103245],[1.097336391055688,42.89082753009781],[1.098890431040055,42.892047822297265],[1.098906747309533,42.89453798788697],[1.100175695758538,42.89837982708735],[1.10456327495015,42.90257179723619],[1.106052689440868,42.90492425599342],[1.106790949478394,42.90885023166264],[1.107918303188451,42.910904841616436],[1.108883495108097,42.913731986364375],[1.110084225770619,42.91466614948017],[1.113259224996929,42.91559541715318],[1.117641196292674,42.91576585150339],[1.120002581476117,42.91741017935256],[1.120645319007922,42.918764433813884],[1.122949072157149,42.919207707552275],[1.123826140846385,42.920850291736684],[1.125532842250976,42.92197122553178],[1.126395728563095,42.92337426602064],[1.135750467825696,42.92871835482138],[1.139437801473321,42.932869789494966],[1.140346485007707,42.93553287721898],[1.141363509610557,42.9364985946641],[1.144652225905407,42.94138869270453],[1.14767297324961,42.94241771494224],[1.148505879037305,42.94413401436736],[1.151704696178566,42.94619057664369],[1.1553506422629,42.94790209549223],[1.159674907765474,42.949429904714236],[1.161150309756997,42.9506713511702],[1.16443818932169,42.95098392757725],[1.165364131845304,42.95248849391555],[1.167431281146757,42.9546583958677],[1.168174509998258,42.95714393676254],[1.169560923720395,42.95710368762957],[1.173045420608673,42.95460914381934],[1.176595210288127,42.95505263273532],[1.176555035858699,42.95605764866707],[1.173974386211919,42.962288226527015],[1.170811001651439,42.96449143432385],[1.16884636403993,42.96763163650684],[1.173880923128628,42.96930050245551],[1.177814095191771,42.96977384147907],[1.181374141020289,42.97148301864647],[1.183677565005041,42.96971024341352],[1.185366087812174,42.97047639639719],[1.187100401674459,42.97028886195051],[1.190270643022435,42.96899383701625],[1.192308223723891,42.97047100802407],[1.19594779903116,42.9688517717973],[1.198076834022426,42.96955854636269],[1.199904660468291,42.97322157745404],[1.202068845898976,42.97319662047777],[1.20420886215922,42.972607194106985],[1.212154088938704,42.97217828758641],[1.21278390296224,42.972491009283644],[1.216356431394457,42.972159930832255],[1.220604682059628,42.974836331375265],[1.220334742218674,42.977563813102684],[1.21887174056435,42.978248439004986],[1.21617122100707,42.97881626992064],[1.211315609604658,42.98049514541742],[1.209354447150031,42.98341846690267],[1.210118273754332,42.98598144921514],[1.210047635383984,42.98973686554538],[1.207770441427177,42.99066237863597],[1.208744097598779,42.99317760721161],[1.208877442006928,42.99481075230489],[1.20799049263746,43.0001115668217],[1.209214909321107,43.00248975226433],[1.208906000599977,43.00383937535987],[1.210346543832335,43.006605273190374],[1.211371452898356,43.009418221347225],[1.21013830151075,43.00985470010351],[1.201979159042903,43.00954412141285],[1.197060727390155,43.0106240711631],[1.19356738447199,43.01269929609674],[1.191368755001973,43.01236639097227],[1.190020104666882,43.013118257950296],[1.190683362289982,43.01672778674699],[1.191328647199682,43.01812761079998],[1.188071853393298,43.01998805554769],[1.186942464228972,43.021444372143684],[1.188645930687941,43.02354663908861],[1.188710023682329,43.02494749678224],[1.187620343386102,43.0266213006846],[1.18871234276747,43.02824547882878],[1.18700490707895,43.03006541417385],[1.188329365148223,43.031551378269064],[1.191320335331915,43.03186257384553],[1.192886986901723,43.03121148976051],[1.195686432171555,43.032159866121674],[1.193792192469788,43.0350185267072],[1.193858366184217,43.03604249164852],[1.191966905872668,43.036133979208145],[1.188539340788788,43.03934463071679],[1.189262081027328,43.042117705388634],[1.18742328073232,43.04463446748765],[1.18367740693446,43.04549433241351],[1.182579876082338,43.04728404204379],[1.182864432219355,43.048574403588276],[1.181659042886777,43.05008520547193],[1.177184685939895,43.05314652574622],[1.17394194838409,43.05234488060592],[1.16730256061002,43.053945847637536],[1.162957965734095,43.054314416977405],[1.158928807482665,43.05324879675853],[1.15820164707304,43.05335510991542],[1.15167250327212,43.052330081486026],[1.150732450018386,43.050997775959544],[1.149669495006863,43.047486246643544],[1.146214836282667,43.04581557196653],[1.145706908269494,43.04436381978353],[1.147439836319978,43.04195477254093],[1.146108603503298,43.041586395408935],[1.147181261546443,43.0397246508137],[1.143993168588946,43.03859287159204],[1.143069062427845,43.037464097589144],[1.141658625126682,43.03444671024855],[1.141326084477674,43.032580552554656],[1.144026848863146,43.02962064098728],[1.142911400936528,43.02891858811844],[1.142814972052641,43.02496581496586],[1.141993004362222,43.021998197156094],[1.143782546944666,43.019528168209234],[1.139874490177314,43.02130577700197],[1.137896153659621,43.02041152896418],[1.134933146604872,43.01979075465105],[1.133595031997027,43.01877887807638],[1.13269747998266,43.0172987381054],[1.130616357692249,43.01644395308729],[1.127258630482518,43.01681647294199],[1.123064443944706,43.01405714572526],[1.118460715454289,43.01878696260212],[1.116105849931423,43.02254663907042],[1.114340337370626,43.02438962161306],[1.112362773753012,43.02720495142701],[1.108860486803699,43.030066340620294],[1.106875180592123,43.03332947072299],[1.104545259205821,43.03486191374994],[1.102810842467158,43.03554566048018],[1.100375074162161,43.03607396155723],[1.095432727854271,43.037862351659044],[1.092820893369846,43.03822003739759],[1.08852992915659,43.03824557337568],[1.086371191165282,43.037842858223634],[1.082928718128009,43.03643033650732],[1.081070947593923,43.03420211101177],[1.078742892133457,43.03347505082169],[1.071830279633072,43.03523256753442],[1.065618263889901,43.037739053514635],[1.063365884163058,43.03940787375086],[1.062868879754147,43.042129359640846],[1.062301508099171,43.04284696278281],[1.060161193335916,43.04343186750379],[1.05879465688825,43.03999665995925],[1.058875693860976,43.03882318182951],[1.054548091731295,43.03628540753026],[1.049386942096545,43.035240160119166],[1.047588267690863,43.03446263621358],[1.048684375313945,43.03334266442178],[1.051808800375828,43.03338937529068],[1.054034340296484,43.03029618428811],[1.056528304492854,43.02803997430109],[1.059350632627005,43.02710310769042],[1.060191189392685,43.02726850317944],[1.063575081812907,43.02566962205266],[1.062494985801451,43.02126536173417],[1.060521494503303,43.02172550437508],[1.059082889165897,43.020419384846406],[1.061839363320483,43.01916640756605],[1.063633301581858,43.0202602732951],[1.066246304539173,43.0202901747373],[1.06888465683715,43.01967003528269],[1.071034553548428,43.01659588856478],[1.071740158534837,43.01407159340624],[1.070786571436946,43.011415001625956],[1.078111023425153,43.00901996965821],[1.081546849489162,43.0084704576731],[1.08575159127203,43.008613733122665],[1.087573926741224,43.00933345240816],[1.091333678717995,43.008995399047066],[1.093915359306305,43.00664550319713],[1.092260008197013,43.00558250370665],[1.090548937408958,43.00323654331324],[1.091785756287199,43.001038255026806],[1.095999424954379,43.00134142676109],[1.099089037855957,43.00112619116253],[1.101957266762826,43.00190642356626]]]},"properties":{"CLE":"Agglomération de Saint-Girons"}},
{"type":"Feature","geometry":{"type":"Polygon","coordinates":[[[2.404271246150588,47.095825667417195],[2.401628504534614,47.09476828501298],[2.401396685094617,47.09363986122906],[2.405059432246581,47.09359251425391],[2.404433519758586,47.091998474859196],[2.401929869806611,47.09005715452921],[2.401605322590614,47.088747117898016],[2.402416690630607,47.08744494112268],[2.404363973926588,47.087081904346974],[2.411619922398518,47.08739758864009],[2.413590387638498,47.086197978373],[2.419733602798439,47.0863558233727],[2.421518612486421,47.092026094759845],[2.422190888862415,47.09314666150672],[2.420452243062432,47.09470910254154],[2.4238136249424,47.094772230508745],[2.432089578950319,47.09552976027797],[2.441397129466229,47.09620837154534],[2.440840762810235,47.10016544987887],[2.439496210058248,47.100212791009916],[2.438290748970259,47.10122272511085],[2.433213903234308,47.10953028406449],[2.42470612978639,47.1046390007955],[2.421414293738422,47.107652715574744],[2.417734160128458,47.10953028406449],[2.41444232408049,47.1106189278957],[2.404271246150588,47.095825667417195]]]},"properties":{"CLE":"Bourges Côté Gibjoncs"}},
{"type":"Feature","geometry":{"type":"Polygon","coordinates":[[[1.15127000334303,49.455182330897046],[1.146177951615682,49.45542274891575],[1.144910061141805,49.45643092801994],[1.143022056736127,49.459487467264594],[1.141830213126394,49.460256737390935],[1.14042296543441,49.45969572179379],[1.141811275661376,49.45845119518803],[1.144244801130972,49.45086110560865],[1.146281097734358,49.44892160351157],[1.144634438081269,49.44793261369137],[1.141095225217397,49.44352876079748],[1.139523435085467,49.442421267751584],[1.132444551945965,49.443188855378644],[1.131428158456944,49.441333718710084],[1.129932616152649,49.43999441668117],[1.137044004338826,49.438927196623645],[1.136433938996434,49.437727462821115],[1.140497627149295,49.436101529208436],[1.14422331973511,49.43535494738795],[1.146832416028632,49.435140484647825],[1.149565113175979,49.43685631895668],[1.150477188274863,49.43798507742845],[1.152783457227725,49.43875930605633],[1.155630152010311,49.436495752273466],[1.159252315913634,49.43505306842943],[1.16253131638241,49.43437465458629],[1.167078060029573,49.43394011694751],[1.169487932032133,49.43447735104205],[1.170803127718225,49.433777095041016],[1.172466089800745,49.4357837086978],[1.174462924749129,49.43560975410194],[1.176873443085616,49.43952005130303],[1.17343676321869,49.440170400880476],[1.173852266416645,49.442021497075515],[1.171029155922999,49.442277364142754],[1.171833956002335,49.44465668417218],[1.171332013904296,49.4484619093736],[1.170437465469834,49.4483351186392],[1.160972855107382,49.45311305293192],[1.162611925043615,49.454984538948516],[1.163086682910638,49.457022643696035],[1.161225786187539,49.457343227058004],[1.159558973630335,49.45535982630442],[1.156300014845517,49.45686467756388],[1.155380315545554,49.455243208700054],[1.15127000334303,49.455182330897046]]]},"properties":{"CLE":"Darnétal"}},
{"type":"Feature","geometry":{"type":"Polygon","coordinates":[[[-0.575752447439428,44.86597905605364],[-0.586741897010457,44.86149006875811],[-0.586418106510427,44.85991103704867],[-0.587065687510487,44.85886100289075],[-0.585160180417809,44.856214602353546],[-0.588223238548095,44.855542080494324],[-0.588540553238125,44.85404092828605],[-0.586656092527949,44.853972067154345],[-0.583981582997699,44.85494529684074],[-0.583829401462684,44.855585691364986],[-0.579043777872236,44.85573718150116],[-0.578813886617215,44.85792915326201],[-0.577531676237095,44.858158674274776],[-0.577667668247107,44.85961152106062],[-0.574993158716857,44.85975841032224],[-0.575036870434361,44.86059211453969],[-0.571677543996547,44.862398336637064],[-0.575752447439428,44.86597905605364]]]},"properties":{"CLE":"Bordeaux Grand Parc"}},
{"type":"Feature","geometry":{"type":"Polygon","coordinates":[[[1.578883234517602,44.24366884626564],[1.575170400612269,44.24190845879353],[1.574924977126823,44.24051078096657],[1.576480254935603,44.23581902949395],[1.575096122832263,44.23530732779737],[1.571320254278587,44.236010393874345],[1.56927822211236,44.23604952750976],[1.565180774649907,44.234922966868254],[1.56226455512815,44.23338860438495],[1.558543880776372,44.23287079586092],[1.555712150056963,44.23339084588698],[1.553805188988608,44.23314428577509],[1.549135544707331,44.231400111337436],[1.545321177225559,44.2303458623335],[1.540427800019821,44.22748563377226],[1.536632164850642,44.230675136948236],[1.529469405088735,44.23462611498719],[1.526827713639689,44.23721767219363],[1.521984197515152,44.233993570404905],[1.518248798113452,44.232899826642644],[1.515661336862606,44.23347255944192],[1.512207274185398,44.233569858595736],[1.509967219595208,44.23285348510657],[1.50705473467779,44.230117636105625],[1.500489123472919,44.227004635316106],[1.499717969005312,44.225864720833535],[1.49974592344339,44.2242383281641],[1.490054258003757,44.219546538298374],[1.485957612321225,44.21919483206793],[1.482915007315579,44.21919604206549],[1.481771135486548,44.21850593174888],[1.479775751762765,44.21579373343779],[1.476982908691106,44.2144001264106],[1.474008786783161,44.21398161317846],[1.472563672788904,44.21256250599937],[1.473299752337614,44.2102779774144],[1.470068016018364,44.2072585168885],[1.468977871078639,44.205899890222526],[1.464983122109503,44.20433234369418],[1.462790809280341,44.20316418118232],[1.457934055383572,44.19893729576444],[1.456502045152076,44.196995560673784],[1.455381636381369,44.19342287473067],[1.454024672641835,44.1913754855187],[1.44857637648684,44.19306452984091],[1.443597215242999,44.19547551024281],[1.440814399969804,44.19747690234318],[1.438317151194516,44.20055450797059],[1.438679732429559,44.203070507187334],[1.43848512065839,44.205642501316],[1.440710213752825,44.20715237334439],[1.435134767530736,44.20909323009963],[1.432757670632661,44.2122548268851],[1.430532912106376,44.21288429061415],[1.425634479300728,44.21506933240693],[1.420981577006974,44.219259911546395],[1.419865763981911,44.217767852323185],[1.412981942730545,44.21409760221942],[1.407518800923629,44.21226474373757],[1.402502752968391,44.217042566170605],[1.399719635474969,44.218869409109445],[1.398421982361565,44.22032225496237],[1.397119654177241,44.22610018248149],[1.394299812854146,44.22920998656119],[1.3905065264467,44.22958928926641],[1.384765965056838,44.226345426575215],[1.380872845267771,44.22511500773733],[1.376654774070499,44.222447734461106],[1.373176118077587,44.219434932434226],[1.370163015767536,44.2157042698143],[1.368094505471204,44.21411199021265],[1.366600751669987,44.213799881054044],[1.363649809971764,44.2114088816282],[1.363471177525235,44.21031056924052],[1.360962187955414,44.208511271883694],[1.358722722280481,44.205836367644345],[1.357582349898828,44.20328950669321],[1.35542549373591,44.19980551752734],[1.353307208770074,44.19789216073794],[1.349844998360984,44.19529325301006],[1.347504573751037,44.19466204678783],[1.346268507641066,44.195169191897556],[1.343963757775871,44.19726450937621],[1.343372565639242,44.19869874470194],[1.34057984229953,44.20056786180146],[1.33863011467913,44.19928246228499],[1.336608105279412,44.195853249047694],[1.33621835143884,44.194121491940216],[1.342030310149767,44.19087840804944],[1.341443493300633,44.18916350432484],[1.337721753594317,44.18578559385936],[1.336082648077281,44.18333314010122],[1.333445438282895,44.181581678763784],[1.331912022660772,44.17939590132547],[1.332816750022825,44.17721297254381],[1.332909603300391,44.17426147179595],[1.331901636632129,44.17314510988482],[1.332925467144704,44.17239904005957],[1.337222374447043,44.1761094764494],[1.340299625938083,44.1777378623705],[1.343105781647101,44.17888762067752],[1.344295245028651,44.17898120185424],[1.34867987922562,44.178209130777546],[1.351241786170175,44.17829807877121],[1.354400449030414,44.177910672158106],[1.359554422284437,44.17665365796054],[1.365153565830734,44.17574154267958],[1.366056150141206,44.175326461389005],[1.373085400798684,44.17393883371746],[1.375018746849461,44.173317853075915],[1.372333283867986,44.169383486382884],[1.369736938483782,44.16702044290104],[1.366668177374805,44.16630679144489],[1.365234492781877,44.165233022181546],[1.366005402366106,44.16312798737182],[1.370396165134012,44.16095436046659],[1.373628615595018,44.1606372866963],[1.378711206138987,44.15924736719314],[1.379864407633675,44.158626125602204],[1.381781313763585,44.159712887585805],[1.385385230219228,44.160660204578505],[1.386377194981031,44.1628313736153],[1.385790560192963,44.16444185840975],[1.386278086448093,44.166211742392356],[1.388009037654592,44.16634432630524],[1.390412365893115,44.165699924685036],[1.391963994354082,44.16572429868724],[1.39460712888864,44.167560119924126],[1.395021252474924,44.16999103076322],[1.394851904450845,44.17151404505417],[1.397029058889823,44.17321676658342],[1.405776234348759,44.173706141761556],[1.413158313552867,44.17296063115278],[1.416593584543459,44.17460417664669],[1.419831858799047,44.17533191451047],[1.421449351503761,44.17496809083066],[1.425642242524129,44.17505985354811],[1.431013827657061,44.17627113268879],[1.434536495879464,44.17849107216112],[1.437922671681769,44.17999775190311],[1.441009519904034,44.1807024466212],[1.445643524874554,44.18334292567963],[1.446612357473698,44.18350698941296],[1.451938962444701,44.17911341867627],[1.455161795166304,44.17675337751134],[1.458289963939527,44.17980871974457],[1.459472803427107,44.1825521962122],[1.46147762918518,44.183104724301955],[1.464207757162749,44.181402339238176],[1.466304232899983,44.179000092757406],[1.468716030590059,44.17709824966578],[1.470762826089262,44.17638949791185],[1.475557362100692,44.173969750650826],[1.476651633009824,44.1725778707368],[1.479655426834719,44.172788788352726],[1.486363215537792,44.177965218871556],[1.487674638997885,44.17959294081],[1.489638150419683,44.18365848772577],[1.490733158849074,44.18486998257726],[1.491246245813658,44.18472309710437],[1.492974711222788,44.181959693272624],[1.493168734715322,44.180870362279435],[1.494939234187918,44.177976077928136],[1.496031737442405,44.17687206020762],[1.498856992290256,44.17222770970699],[1.499724197403564,44.1714779721117],[1.504475528915604,44.18090173671916],[1.506585354069943,44.182541907505644],[1.51037113547038,44.18353592482861],[1.51044122142538,44.18615928069905],[1.509769934542993,44.18809379018471],[1.510196864479499,44.19008642571677],[1.512036712565025,44.19140053938529],[1.513202896908626,44.1913983415327],[1.515658295251998,44.19372450484308],[1.519067589887471,44.19277939834765],[1.519227974083225,44.191570735406295],[1.523159397674692,44.189689096840304],[1.529108106696192,44.18913207830706],[1.528872549667135,44.19098116486118],[1.528036949737488,44.19256698724853],[1.528908160112988,44.19516236462144],[1.533943590439423,44.19621911555948],[1.537524042513285,44.19753780458226],[1.541190456627656,44.198098164378436],[1.543895782518369,44.198984764522955],[1.547762479165378,44.19790445151489],[1.553748955007889,44.19519906895421],[1.555212954229141,44.195690977404546],[1.557212260909656,44.19747454395559],[1.55590948121369,44.19949824970284],[1.556340266882907,44.20258768793326],[1.565179181153716,44.207294365953494],[1.567734158713563,44.20905799682215],[1.570913484750079,44.210587532964155],[1.576537678731814,44.20926163722844],[1.580513702140958,44.206918493191964],[1.584400838955613,44.2085801176702],[1.58734191467813,44.20747740802027],[1.588686029765431,44.20621996472325],[1.589865279474912,44.20439234068241],[1.59146713266104,44.20293022415691],[1.596350467382815,44.199731245800855],[1.595851944306695,44.19873821604196],[1.592936112811672,44.19626974030685],[1.589017313626166,44.19187812758341],[1.586936930306203,44.190555929098345],[1.58502023423438,44.19060234860221],[1.581884210223828,44.19127754811678],[1.581162826109519,44.19095494318029],[1.580632936204232,44.186173277044695],[1.580037612145497,44.18556512264943],[1.577313932779479,44.18625645936378],[1.575829110423531,44.18720931019578],[1.570979144378772,44.188381370061194],[1.563540569425904,44.1890494411342],[1.560567626961445,44.18979908681956],[1.552691624127763,44.193381954395754],[1.550335675398143,44.190880411053094],[1.547998066103612,44.18903122366774],[1.546804721386349,44.18684495837321],[1.549249235829956,44.18339610240529],[1.549445887018567,44.18103469245107],[1.546905717788428,44.17920331608584],[1.543155665761757,44.17821824253005],[1.540331276802352,44.17658053842168],[1.537971970391995,44.1738884878798],[1.542917045132033,44.17049920250259],[1.54490308129786,44.16942998830791],[1.546362030719747,44.16803687631218],[1.551915196953612,44.15885333471175],[1.553181733932609,44.1558435280669],[1.55438167094512,44.155009978988794],[1.558381030671555,44.15502346618268],[1.562304286230674,44.15472118409275],[1.568449870200234,44.15340804636785],[1.575226379355939,44.15312540997537],[1.576678849946992,44.1527931883016],[1.581164653907012,44.15180797313189],[1.582356301886775,44.1512526509537],[1.583305791784674,44.14912512199519],[1.582367391552731,44.1425855840175],[1.580266168780311,44.14172570466459],[1.580675214755541,44.1400125068417],[1.581597188524465,44.1387074379676],[1.581720740301464,44.13632878340049],[1.579788309143746,44.1332809958794],[1.580007506431421,44.1316607705189],[1.579690624915027,44.12913520114467],[1.57805830095018,44.12788796556349],[1.5766915984631,44.127615471260135],[1.575495971741163,44.12635136170522],[1.575590374331037,44.1234305405358],[1.577704685583403,44.12263791618128],[1.580005266182637,44.12254081755033],[1.583588229887051,44.12193273498538],[1.587443561010717,44.11996515162766],[1.591794141875405,44.11711171169762],[1.596005128690474,44.11473252151609],[1.599306841578251,44.11212281309547],[1.602416666351523,44.11064930214757],[1.605471404718428,44.10846025768707],[1.609574951373365,44.10470192494007],[1.611103118438084,44.10489414103021],[1.612054531532134,44.105837885686384],[1.612937803333022,44.109628941640885],[1.611647640830701,44.11086476110383],[1.611304511097327,44.11419830446252],[1.611696075547322,44.11489550955601],[1.61560860071509,44.11667615412585],[1.618427318789366,44.118462497000486],[1.619076647748409,44.121131637116676],[1.618112666215731,44.124187334697474],[1.618962074034025,44.12605603433232],[1.618519262982749,44.128233419980646],[1.617260445822749,44.130609361867045],[1.619127902414734,44.13147638320059],[1.622490147987631,44.132064651650275],[1.626552878585942,44.1341595164672],[1.62986932658606,44.134219919572814],[1.63279981914883,44.13338556943915],[1.63519326131375,44.13393705406035],[1.637488644096231,44.13573988462735],[1.6356791283855,44.13895267626296],[1.636465398585906,44.140463982165116],[1.63791914735992,44.150224432977176],[1.636723047343295,44.152188659069296],[1.634931315862457,44.15427284119016],[1.64363754379126,44.153539179513366],[1.646650504488211,44.153606559893845],[1.651485715227583,44.15444344482571],[1.652569924885176,44.15628327482645],[1.647899099497508,44.15756978773663],[1.64659156791849,44.15839264748375],[1.648424540128452,44.160135536599846],[1.651491451072077,44.16021019618843],[1.65267177716197,44.16206201353281],[1.652309173146716,44.16316750809213],[1.646531895955744,44.162684076290354],[1.645267136791748,44.16401516712286],[1.647865072136243,44.16388878809716],[1.650877244701375,44.16559305641837],[1.652804162809912,44.16866393167429],[1.654567063687998,44.173758228855824],[1.652709222068105,44.17487314107854],[1.652173803878357,44.175889350288024],[1.655843434954102,44.179127412969535],[1.65399367326274,44.18125263642732],[1.652978414218221,44.18342093869817],[1.65575486906335,44.18662508667664],[1.662797076977824,44.188486351549514],[1.672112148104429,44.19100213556707],[1.695068845673786,44.19754118247843],[1.701353706341821,44.20018493013388],[1.700101118673819,44.20182468981377],[1.698926500208656,44.20448260205857],[1.701616241059782,44.20731231475762],[1.697899987347323,44.20951883101539],[1.693416512094928,44.21176651043391],[1.69066775527937,44.21405632252275],[1.691695125525019,44.21515333501228],[1.692929818950326,44.218229689584625],[1.692893514734927,44.220024297647605],[1.690526560413048,44.22099353816837],[1.689535871933816,44.2221883537027],[1.689029209949445,44.226097941268584],[1.688610898911223,44.22724343368903],[1.685127711575949,44.22994409379406],[1.682383481646245,44.231568294338466],[1.68159322858563,44.23427300049358],[1.683005864146359,44.23947746226169],[1.686853504144709,44.25077427419078],[1.687159270677132,44.25228312455666],[1.681681950100558,44.26555189632051],[1.677283869235671,44.26507412332506],[1.673413793993245,44.26430636919477],[1.669490051992652,44.26126534197849],[1.667297897074009,44.25987382002775],[1.664533834212141,44.25859791879699],[1.657426453244961,44.25591813732956],[1.656877497260463,44.254344102277145],[1.651630073876195,44.25283492746341],[1.649492793538733,44.253275899458444],[1.648873196479878,44.254047892543646],[1.651047660201569,44.25546909504205],[1.651296097917325,44.257137599807784],[1.650569194630201,44.25789118207815],[1.65316061883067,44.26191377671394],[1.653129803608785,44.2636868878629],[1.651617626299694,44.266642764702176],[1.651838041805033,44.268807871361545],[1.655668553537331,44.27082365071637],[1.66082642940381,44.27463527665174],[1.662069546407354,44.276063814230184],[1.661934493991745,44.27711456522388],[1.659552357929516,44.27804565571014],[1.657992280167456,44.28183244350702],[1.659812183154258,44.28346340734436],[1.655389937660201,44.286147078124635],[1.656117425129775,44.2883291575664],[1.656052444469257,44.29076810778712],[1.654477591666417,44.29491525070814],[1.651087242379127,44.29669673419052],[1.647438714237756,44.29505123606999],[1.645309122802727,44.2953121976134],[1.639366651421256,44.29702763495649],[1.63678024509336,44.298557556004916],[1.635256806010567,44.298756069377035],[1.633544747735209,44.29783408500564],[1.631957058398705,44.29396749847325],[1.638307760053812,44.290384974574835],[1.651759466077533,44.28687592788471],[1.652289909875996,44.28538620319435],[1.650088467042118,44.28278489940735],[1.649352257499709,44.27980995752891],[1.647903288493246,44.27667095300484],[1.644068486111812,44.2737023759027],[1.642508125504397,44.27094363718361],[1.641656761903673,44.27023722009648],[1.636103390221159,44.269214386069116],[1.633048117488797,44.26966053241323],[1.629628170159111,44.27093771003923],[1.623456111323593,44.27378280321731],[1.621713557264125,44.275624498662346],[1.621728951007359,44.27751793951556],[1.619609474241966,44.27795137128039],[1.618192250271439,44.27759056113968],[1.616243966614518,44.27793965559597],[1.609819229001085,44.274699099820936],[1.605818132613965,44.270295395236786],[1.602647743914411,44.26751993121723],[1.602487030150349,44.266720256770334],[1.604138750566369,44.26359484753253],[1.6030316000916,44.26220878263712],[1.59884980994497,44.258307829802256],[1.59780752894762,44.2580064494401],[1.592881232267197,44.258445356240216],[1.588547021912445,44.259955758466695],[1.580142797241596,44.26010043839061],[1.582373771937517,44.25584220963],[1.582660482835112,44.25481961395776],[1.587006264896513,44.248987019866334],[1.580775277054314,44.244730403896575],[1.578883234517602,44.24366884626564]]]},"properties":{"CLE":"Quercy Caussadais"}},
{"type":"Feature","geometry":{"type":"Polygon","coordinates":[[[2.51946134816555,48.697503063037],[2.5207795039557,48.6974660405478],[2.52236876980197,48.6964293997963],[2.52058318288057,48.6948651425405],[2.52183589831234,48.6940721967292],[2.52414500810075,48.6951582516439],[2.52711787009555,48.6952940068609],[2.52848276899882,48.6962072597152],[2.52615496196516,48.6977560493176],[2.52786575990556,48.6987710668547],[2.52887541114908,48.6980923339906],[2.53041793388223,48.6991166000701],[2.52972613580797,48.7005141343242],[2.52623909956879,48.70192396952],[2.52645411788917,48.6990240467629],[2.5236775769695,48.6972408198187],[2.52180785244446,48.697993608448],[2.51946134816555,48.697503063037]]]},"properties":{"CLE":"Epinay sous Sénart Plaine et Cinéastes"}},
{"type":"Feature","geometry":{"type":"Polygon","coordinates":[[[1.572851068886637,45.78921204808662],[1.580423806491898,45.788097101153184],[1.584509075115575,45.78858071888827],[1.589488704416488,45.79049296636954],[1.591797305250198,45.79260315823733],[1.591022896582149,45.79706964140602],[1.590147954876787,45.7994670109228],[1.589921601760107,45.80273438511343],[1.588923852734354,45.80391961392515],[1.585721954137571,45.80607093732184],[1.584319384081121,45.807480177276034],[1.582414424799773,45.812110545449144],[1.589431273865566,45.81104111264845],[1.591774126696894,45.81276355075676],[1.594384403960725,45.813523789011924],[1.594279023978358,45.815841608198106],[1.595096983748711,45.81907785726491],[1.593733093868895,45.81913914099186],[1.59147170914887,45.81789069058147],[1.588485648080511,45.81946643974343],[1.589795416006859,45.82063471596366],[1.597101773064934,45.823111500184694],[1.599035886898285,45.82320103237777],[1.600538685636405,45.822575037881045],[1.603059884455862,45.81999352097274],[1.606075872786767,45.817573869264976],[1.607875260959127,45.81747178082896],[1.609923784282211,45.820084529304964],[1.61044037010457,45.82287113340015],[1.608377912012673,45.8250216604819],[1.605931436401401,45.82594615615913],[1.603381853823274,45.8263091317642],[1.604211578087404,45.82752803752446],[1.608008399010551,45.83032632672006],[1.609133884063461,45.830244725572875],[1.614561918869272,45.8264351297259],[1.614306576400784,45.825111673767374],[1.61279484046818,45.823291070639776],[1.614083307744599,45.82194682299397],[1.616732757958029,45.824578524021454],[1.619224436742882,45.824926938492005],[1.617200659328303,45.826675515227144],[1.61705554432469,45.82737712976553],[1.61844695771253,45.82938094706813],[1.618737107280388,45.83075975644959],[1.617565398455305,45.832275589913834],[1.619433790251229,45.83561604491616],[1.614350183588423,45.83669329347234],[1.612913797040542,45.83860312820128],[1.613598702782687,45.84344792130419],[1.616173404261621,45.84622280830481],[1.626530362145655,45.84716876644644],[1.628242824966269,45.847541717315906],[1.628035213866179,45.84904034218053],[1.626584044604495,45.84962002764878],[1.620409782737422,45.850381488918494],[1.61127988313066,45.85437651679734],[1.608031352559388,45.85610808691752],[1.602394716516057,45.85746060901225],[1.603559809028681,45.85968111330557],[1.606136067053196,45.86207302722],[1.606547328459747,45.865286151222925],[1.606339432389023,45.86851415602023],[1.605429734616617,45.8697692242873],[1.603850177387981,45.87410698571381],[1.604264154424326,45.87820457447721],[1.604999570606327,45.88055799976982],[1.603773420922349,45.881977120468775],[1.600304812468971,45.88252549353743],[1.598477701867593,45.88074211689699],[1.599440082299917,45.879609338439764],[1.598981754321328,45.87866699957749],[1.595054139014154,45.88134537542208],[1.591067469781604,45.88319069629987],[1.595879274866997,45.88656805096037],[1.59682147448979,45.88886961227297],[1.599768919712824,45.89133966689015],[1.599778469082781,45.88933857624291],[1.603000493988897,45.889224424889626],[1.604652767391551,45.890900191804356],[1.606702636799915,45.89103534772655],[1.610203603903633,45.889631119573345],[1.611997373270759,45.88953787372806],[1.616060969669446,45.89196490150341],[1.619059981715451,45.889893643992515],[1.618836974562586,45.887108873280326],[1.616330218850635,45.8863757302319],[1.613882381217337,45.884378767028934],[1.613621863239604,45.88273822507561],[1.617180621867191,45.88100666894388],[1.619104162087023,45.88117788524914],[1.620385447559938,45.88238326120198],[1.620852441602832,45.88407764003983],[1.620180439568702,45.8862471632993],[1.620415889531571,45.88864030835717],[1.619279942117139,45.89192545006678],[1.619415907437671,45.894015671641796],[1.620416559580052,45.8986129921566],[1.623316597745025,45.8997380964478],[1.625989240662497,45.89995072710106],[1.626572072784362,45.899286838665375],[1.625997791651439,45.893242046384614],[1.626292233612269,45.89250260519224],[1.635993742886376,45.88844564862],[1.637518548665235,45.89020404439979],[1.642118192550118,45.89311706336814],[1.640916491890755,45.89665919749611],[1.6379157991034,45.89792990175938],[1.637509530835239,45.89902377195924],[1.640122793973117,45.90044129131564],[1.640150281390323,45.901523273849],[1.638872665550698,45.90405217340315],[1.631322934346423,45.90346886437947],[1.629394656027809,45.902495798882065],[1.627953569633037,45.90358970006436],[1.631391512105461,45.90524010360092],[1.634953778316866,45.90586383479048],[1.633380769301509,45.90848097500434],[1.632322012085162,45.90934628918421],[1.629543495486566,45.910259217195446],[1.628346928348951,45.91108499909225],[1.625905355279085,45.91371762347664],[1.624760435725843,45.91611379328551],[1.625923731222492,45.91675837042973],[1.625848662032324,45.919690452848634],[1.634440933954022,45.92439007845383],[1.637499130094299,45.92506977223795],[1.637074732279593,45.92589683971682],[1.630612025218322,45.92593138063459],[1.628753039678096,45.92528022617929],[1.625720438711393,45.92638497726008],[1.625668211773228,45.92726290661316],[1.628982861079246,45.9309812880315],[1.628533242246581,45.93203677965065],[1.625211666223501,45.93330148302688],[1.622034518803968,45.93415265925523],[1.620706946410069,45.93402480664032],[1.619906458477118,45.93119967594782],[1.619088585474718,45.92999132185589],[1.617656520160726,45.92982126470523],[1.614918426449364,45.931898859297405],[1.61085595067355,45.93234707221133],[1.606721516414293,45.93336352372654],[1.605208499748032,45.93327193229577],[1.603135727856575,45.93158559464309],[1.589729652459265,45.93181828057305],[1.587809028401268,45.931467395011204],[1.587185314674477,45.92984341590724],[1.58522994019942,45.92986896830581],[1.580836013092984,45.931390959135676],[1.579147942863788,45.93138418426618],[1.577879300548507,45.9275792588252],[1.577819807422113,45.92543408995617],[1.576419945423287,45.921072701986546],[1.577066383414305,45.91977670957441],[1.578685668863929,45.91928460261084],[1.57958022647654,45.91812713161265],[1.579045028510377,45.91733383081683],[1.574723581942232,45.91601046361366],[1.571013979072802,45.91560655803774],[1.566755144820547,45.914145424892716],[1.561722684658755,45.915539686866474],[1.561516277680487,45.918108395570904],[1.559307293396571,45.921704469915035],[1.558340003519315,45.92237303336151],[1.555507886479228,45.92067882262275],[1.555292604431908,45.919193614370265],[1.553659344756447,45.91769368537259],[1.549556809073942,45.9168096128855],[1.547221957572595,45.91690438992284],[1.543970372012178,45.91963296983525],[1.540453591237964,45.92125294600283],[1.535414026160664,45.92589842682465],[1.53354006736208,45.92922073553639],[1.530981697278994,45.93165082148641],[1.530089217235839,45.93205983383296],[1.522319323527182,45.930963860857254],[1.516116627777399,45.9306584224488],[1.514318041260259,45.93082530814014],[1.510890531978753,45.932568947739085],[1.511194979982065,45.93403201162799],[1.509670313201081,45.93671299958016],[1.508372894966913,45.93776588113204],[1.508948260831808,45.940307001680594],[1.506409333626484,45.94096071977114],[1.505132877333192,45.93928486085783],[1.500221431173776,45.938508357655],[1.496591258562268,45.93931851266603],[1.495473745241464,45.93897221922048],[1.493604194303189,45.93619854359427],[1.491750947631865,45.937833768246385],[1.488604757422359,45.9382682388386],[1.48560127232087,45.93679693796483],[1.483025013105067,45.93516871453528],[1.472290322384462,45.93398808328633],[1.468340156320924,45.93418506588651],[1.465512381096864,45.93393960074374],[1.462200793209497,45.93424139842619],[1.460114591194148,45.93365011172128],[1.459413239415784,45.931727554088006],[1.46033708855616,45.92956862833897],[1.459502491815245,45.92858184870937],[1.456442097259452,45.92826633573817],[1.455133364480891,45.9276216103968],[1.453906880449234,45.92565671736737],[1.45194248835899,45.924694963971746],[1.442765334968325,45.923681857966905],[1.441433269569157,45.92670011718152],[1.443928405097236,45.928333597845],[1.445606787630509,45.9284530403499],[1.444559872206756,45.93069932779018],[1.442105062813397,45.933112669290544],[1.436818754660636,45.93216431128885],[1.433352006776017,45.93283599915423],[1.42756578316819,45.93260802592786],[1.423847563821624,45.929657028768325],[1.422577629627517,45.92778169364027],[1.422876494042831,45.9262911942689],[1.421570671970969,45.92276666465776],[1.418868768974317,45.92058983490537],[1.418519029729649,45.91937624240647],[1.419618556878715,45.91865485825142],[1.419856861488801,45.91668976635793],[1.417559996177087,45.91520442079638],[1.414845974578187,45.91472328759486],[1.414290403130477,45.91371665262765],[1.415433164846971,45.912162792615725],[1.415922871650813,45.91047818649117],[1.415503954726133,45.908713302223276],[1.415880786747692,45.90754320147771],[1.421192016405646,45.903462666524696],[1.423821577148968,45.901781765037825],[1.426412308649139,45.901048671374056],[1.427880016353301,45.89870932704141],[1.427612576434806,45.89781097924671],[1.432320957920152,45.89464411118585],[1.436489566448638,45.89497383222416],[1.440374432956261,45.89661965642539],[1.444829998707573,45.89735312986532],[1.446048475015801,45.89860739767038],[1.444084748084403,45.9003574116567],[1.443987535010732,45.90329855466985],[1.441023684922621,45.90591650806016],[1.442016173018372,45.90754688387411],[1.444275836795673,45.90739065058383],[1.451057162488671,45.90472408805085],[1.453190005391466,45.90158834170232],[1.454779908996614,45.89742648850928],[1.455972594370747,45.893161921086936],[1.457118675501528,45.890970937966266],[1.457629722333413,45.888793799722635],[1.454349662161249,45.88944611989748],[1.452852262569383,45.888695645449374],[1.451785564029929,45.88728906904432],[1.45026328693093,45.88689083344162],[1.44705866156229,45.886949085450766],[1.44538360894565,45.88536115550446],[1.443802026844613,45.8815385796717],[1.439866109054173,45.88022069088611],[1.435482948067538,45.87962871729209],[1.43219693072241,45.8802731030092],[1.428893294994466,45.87994892852019],[1.425353832985477,45.87867206450104],[1.421419504224486,45.87921253433827],[1.423704048101253,45.87586959761756],[1.425981245532434,45.87358750710385],[1.427406193165214,45.869874061378006],[1.428296197325374,45.86936315203036],[1.430933562210727,45.86942771857111],[1.432187080139372,45.86873628737598],[1.431122451943648,45.86777310818008],[1.428976401224673,45.867368167309984],[1.427848588060238,45.86575244261532],[1.42703227148307,45.86318407930529],[1.418384680735291,45.86142730821435],[1.414506695020575,45.85956571216708],[1.413945615126645,45.858220839006655],[1.41518750369251,45.85411903452544],[1.413989256224689,45.85150197672796],[1.414442221941543,45.84927733239782],[1.415828355478918,45.84652454009222],[1.41755169128939,45.84386468869583],[1.417072057455182,45.84253378172034],[1.414842496396269,45.84055636182539],[1.414565716554427,45.83868538228709],[1.418410382255944,45.8364767916025],[1.419521387993214,45.83412717874614],[1.417839888052368,45.83084725693156],[1.414594764595299,45.82962321962262],[1.413166848479798,45.82806841882096],[1.412917245987691,45.826186107423105],[1.411870053441297,45.823571142147394],[1.414895521516938,45.81823123210871],[1.415890314404655,45.81518831181585],[1.419050174917985,45.81247924866771],[1.420416586147146,45.81225879546167],[1.425775158762015,45.80986580370361],[1.427795707957108,45.80944272459144],[1.432832423328091,45.810178347258464],[1.433057066808771,45.80884307287308],[1.433213563787531,45.80201187893404],[1.431703827136753,45.801032603182605],[1.427883416088764,45.79926098359557],[1.424760273821322,45.79675230976042],[1.422744711738522,45.79685836210528],[1.417539790431013,45.79853461170545],[1.415917490663814,45.79817050148227],[1.410223848104064,45.79408876403082],[1.407124871543215,45.79421709901399],[1.405037619029329,45.7936418139043],[1.404116162432573,45.79229038697739],[1.405440711700314,45.79145346874382],[1.406680458704498,45.78913643299833],[1.406365538875727,45.78528160871851],[1.406912880930411,45.784158091803896],[1.408926957975611,45.783329067416744],[1.413563744953579,45.78413830468252],[1.409899617637658,45.78111181272218],[1.405862805400174,45.77669559758145],[1.405559857400395,45.773366933530845],[1.406429496795286,45.77135678676903],[1.407674896364798,45.76710155617053],[1.408016240560211,45.764589446301514],[1.405124752657625,45.764006397691695],[1.399947833104298,45.76142560979456],[1.397856928008879,45.76189805653252],[1.394045119847735,45.76171648242554],[1.391215016481521,45.76047457587323],[1.390440656521381,45.75648884748469],[1.390974311840851,45.75416617867711],[1.392262434290831,45.75096577263543],[1.390748727181549,45.749222993149594],[1.39188863795402,45.747540581139454],[1.392427052219066,45.74477508097427],[1.39111542028473,45.7413986596759],[1.392300284716286,45.74002221670658],[1.394215914589124,45.739745086481264],[1.395266443557988,45.73873867894877],[1.395813541439591,45.736108392239096],[1.397787495524908,45.73514482017826],[1.400414451512106,45.73440144774949],[1.406941482742318,45.73493588306243],[1.410378060492384,45.731885634834],[1.413605623582822,45.72745612502863],[1.414946454224212,45.726081652216614],[1.417686796259335,45.72707215652479],[1.420080100740563,45.726461747648074],[1.423827500168752,45.72437720114079],[1.426279399509429,45.72342495440368],[1.429353831928592,45.72343045738656],[1.434931776570033,45.72144991398239],[1.440458345322045,45.720074307813604],[1.442407429624168,45.71811890266362],[1.445958346741834,45.715982014610695],[1.450297252234908,45.71397744569681],[1.453962749645056,45.7119981537088],[1.456918510494253,45.71079620541604],[1.45832577988507,45.70799910974189],[1.458500462685942,45.70412957422783],[1.458073456331733,45.69892694127461],[1.461005605522992,45.70025496799895],[1.463677728310911,45.69959844096994],[1.462244939197053,45.69513618360083],[1.460310561306283,45.69354639185181],[1.45797367722611,45.69314561177397],[1.455362553295113,45.691843068108895],[1.456711640755181,45.68787888563982],[1.454781907040288,45.684011099733375],[1.456544568844694,45.68217991445453],[1.459816048865672,45.68065485302237],[1.461747057747929,45.680546142963],[1.465240384853098,45.6787267413087],[1.470911426427929,45.67464466101665],[1.475640020513681,45.67382612354006],[1.480027795216862,45.67502745195722],[1.482391764553316,45.67479273875588],[1.486561160918131,45.672100964656686],[1.488450382744751,45.670615950245406],[1.490206789167655,45.67055845306452],[1.489875052587252,45.67240573724646],[1.491846968794278,45.67632250935313],[1.493623846287705,45.68108954956193],[1.495474244767178,45.68259652158615],[1.496353532291931,45.685230272434964],[1.491681840294037,45.685163312236334],[1.488563673930846,45.68679132050301],[1.486602114605223,45.6891156805564],[1.486327252642854,45.69023780013822],[1.491106628928194,45.69245086444461],[1.489782015933201,45.69475255645316],[1.489671548529569,45.69589508253968],[1.493026542219877,45.69712661207227],[1.49647927510924,45.698006740309516],[1.501549994960211,45.698044570001066],[1.504944629733819,45.70279374231351],[1.504145668142449,45.70472223184498],[1.502125748290762,45.706686731778476],[1.502489505800557,45.70778814206502],[1.504836248506096,45.70999027522116],[1.502593046690028,45.70974883954786],[1.500981878018675,45.71014171818662],[1.502624582881533,45.71190811127649],[1.508298516367873,45.714605137164455],[1.512278276206188,45.714701872305426],[1.513557848673994,45.71504839180596],[1.514490609249174,45.717034904787084],[1.508091383768979,45.721712103142885],[1.509008735531326,45.723050894226915],[1.513494008140517,45.72617773322874],[1.51378223015329,45.7278459279174],[1.512336834948821,45.729565111301405],[1.511588511998219,45.73142317577981],[1.513876307652084,45.732623296449695],[1.515134169048015,45.735326498372935],[1.519601273052967,45.73682807508049],[1.523809319622046,45.738526924240865],[1.526500156984054,45.7383315559608],[1.530167898973531,45.74067426708274],[1.530435378283066,45.74258801841866],[1.53170552688429,45.744237881120405],[1.533631196865237,45.747826332807286],[1.53330776417388,45.75104643004195],[1.532579961221532,45.753601095171256],[1.532476129654427,45.755428051091414],[1.535636272939084,45.75425415668762],[1.538025294963841,45.75450355512841],[1.540303821775902,45.75633119911586],[1.543085173821397,45.75785727173169],[1.54730591499895,45.7584264266884],[1.551410362767755,45.760269235495464],[1.554607611985721,45.7623695621403],[1.55554333181146,45.763517254229974],[1.553877625788782,45.765359336495564],[1.554278846226637,45.76674696112655],[1.556437645113865,45.769650347749035],[1.55739751577746,45.77288601389447],[1.558475982632344,45.77520633537218],[1.558262695064563,45.777165202748215],[1.556950944625441,45.77810851605753],[1.553695457820394,45.778071788193884],[1.551598986573057,45.78056534000889],[1.553209167609304,45.784599251576694],[1.554251620539896,45.78551865612932],[1.558824991442878,45.784070292818434],[1.565474987023588,45.784130797558895],[1.566594304765523,45.78341010024141],[1.56624588797393,45.78225285736354],[1.564608231259041,45.7813728290445],[1.565091252340348,45.78017121644423],[1.567478482010181,45.77969358842706],[1.568619339781348,45.78136613968469],[1.5702688977424,45.782236352769885],[1.573178711349472,45.78240917866875],[1.572605668075012,45.78849564014593],[1.572851068886637,45.78921204808662]],[[1.440024583072519,45.847177376972276],[1.441966588700651,45.84978548768361],[1.443437511328938,45.84771711666363],[1.440024583072519,45.847177376972276]],[[1.445898869940407,45.84809145400761],[1.446885759988925,45.848927333362205],[1.451364265828766,45.849483275962285],[1.454204838298112,45.85058766266909],[1.457409836313334,45.85272190784996],[1.457227812153175,45.85396140595736],[1.454836329428133,45.85641689201859],[1.454386491964953,45.85877244605017],[1.452166411552563,45.861755019617846],[1.449984622833073,45.86361201139345],[1.449559046391344,45.86478649290853],[1.450695758344734,45.866084179520115],[1.456298808608221,45.87004181542496],[1.460196232299837,45.87152523471807],[1.460254806473013,45.8726599679478],[1.462383227726889,45.875619925605804],[1.462855692275602,45.87690776985806],[1.462551820953978,45.88017574592051],[1.463907481373947,45.880440957285806],[1.467464210374406,45.88210592058462],[1.46881961770354,45.88461191499069],[1.472827072519217,45.885477616839864],[1.475655337383142,45.88556982656821],[1.476078948954902,45.884941472773896],[1.481499015115345,45.8816756617151],[1.482485619029026,45.87989209610364],[1.484844284000021,45.87812804795305],[1.489556254634809,45.87615944147205],[1.490417230793364,45.87523922362537],[1.491125601106001,45.87260615527748],[1.493429572712244,45.87093464899841],[1.497700669374902,45.86943516853667],[1.499520421717653,45.8702433624596],[1.500590641883909,45.87149641591485],[1.50009911851583,45.87269226819736],[1.501452574651025,45.873939614045916],[1.505736845118061,45.87533290332265],[1.508224128768756,45.87380762751504],[1.510985500296634,45.87301363709357],[1.515131982069159,45.872538602987504],[1.524776484271257,45.87045920320979],[1.528043050336563,45.87064730787184],[1.528113338939115,45.8698254200905],[1.526267553838442,45.866671612110856],[1.524558400685589,45.865743258462196],[1.499682665059124,45.8519797916497],[1.496166882395358,45.85055144622926],[1.494173332155716,45.84761307454445],[1.492818473998098,45.84479531959845],[1.49319022935786,45.841115696888636],[1.49226422742269,45.8381019061541],[1.490681202128131,45.8358183172273],[1.489163313522556,45.83581963997693],[1.484649234073211,45.834991809690834],[1.480050683138235,45.83361010672831],[1.474672941186084,45.83432343466562],[1.472254703712906,45.83510674923768],[1.469265881688054,45.83685499526442],[1.465655652156617,45.841203041481755],[1.457151896893267,45.846551541911],[1.448540948854083,45.84813587358645],[1.445898869940407,45.84809145400761]]]},"properties":{"CLE":"Communauté de Communes de Noblat"}},
{"type":"Feature","geometry":{"type":"Polygon","coordinates":[[[2.027905368816852,49.05646015699379],[2.025295327811139,49.05518998634316],[2.024340515933061,49.05324183477151],[2.033499819567611,49.052143546798405],[2.032919057703625,49.04958078050263],[2.029952496572124,49.050316238593766],[2.030159208422017,49.05129925166325],[2.026584816017615,49.0521379020839],[2.026181235739252,49.05042591123663],[2.025009868589858,49.05054848625707],[2.025338392779866,49.048409831356224],[2.024107965101932,49.04767434506505],[2.025151367772821,49.0465823859221],[2.02789276063926,49.045682348393875],[2.029536612016981,49.04423225366568],[2.028719608038832,49.04325797272457],[2.026494994797125,49.04267726639609],[2.024280224976842,49.041561000742234],[2.025948684908122,49.04039147589095],[2.025643538843995,49.03905899061368],[2.026873966521929,49.037607089503176],[2.030584936398582,49.03687144343064],[2.033058096031231,49.037110206944966],[2.035755193501265,49.03827819572835],[2.039741779177775,49.03561468955426],[2.038275109385676,49.03402071213556],[2.049284976247841,49.028864135746],[2.049757460476168,49.0271698998291],[2.053451204365329,49.02465909746743],[2.054937561000274,49.023974897995735],[2.056423917635219,49.02589837821971],[2.055134429428743,49.027082766136516],[2.056955462392088,49.028657603407545],[2.059396630905112,49.02888995222801],[2.058604235480521,49.0312956668615],[2.056517430138743,49.035746980931215],[2.055031073503798,49.038242704760506],[2.053131293169066,49.040249517899404],[2.051546502319885,49.040797989716154],[2.048509806810742,49.04064635399529],[2.047220318604265,49.04235626193213],[2.0448874277269,49.04169811564775],[2.042377355263912,49.04169166319008],[2.041048493371743,49.04066571177265],[2.036490989252671,49.04423547972982],[2.035486960267476,49.04558395620678],[2.033587179932744,49.04469357871068],[2.035063693146267,49.04388061142142],[2.033173756232958,49.04308053539918],[2.029462786356306,49.04641625118861],[2.031131246287585,49.048069509008066],[2.027633140399215,49.048416282942235],[2.027906295343717,49.04905337293665],[2.031373640540139,49.04894853590377],[2.030974981972488,49.04718804716766],[2.033154069390112,49.04544604551848],[2.034802842478544,49.046800940963976],[2.037338753922769,49.04650093158329],[2.040080146789208,49.04718159542228],[2.041874725557477,49.04499722826227],[2.043444751274522,49.045277890740685],[2.044448780259717,49.046334393336664],[2.047274731674047,49.0449247138143],[2.048308700077777,49.04618356251905],[2.050542726832442,49.046904204559176],[2.054004883478413,49.04494924710206],[2.055586246919411,49.0471326612384],[2.048108690352621,49.047879354606295],[2.046441942642989,49.04687583905932],[2.044926079462861,49.04709049649405],[2.044633667583978,49.04850644571223],[2.045314402438018,49.05022362292869],[2.046942551779637,49.051928475921535],[2.062657935798313,49.05030948023273],[2.066964577950499,49.050904344624044],[2.061340912695825,49.05329599559831],[2.05769629103743,49.05424035942531],[2.046827926323115,49.05616582489514],[2.046603354000132,49.05401346845485],[2.043061661323105,49.054172905461186],[2.037393549462841,49.05543611905095],[2.029505446618099,49.055748851438686],[2.027905368816852,49.05646015699379]]]},"properties":{"CLE":"Cergy"}},
{"type":"Feature","geometry":{"type":"Polygon","coordinates":[[[1.913077919069457,49.0013619887323],[1.90295622502422,48.99883778464633],[1.896831252000811,48.9970881838181],[1.893565704813771,48.99670209423953],[1.894924968109899,48.9938715855921],[1.89272445344452,48.992382852961796],[1.891555818537479,48.99106878852161],[1.894791321032761,48.98624255039578],[1.891677810346263,48.98415476353119],[1.890766109354957,48.98276365027606],[1.886661382846374,48.979127262719075],[1.889520808682741,48.975787100827226],[1.893689768670259,48.97861183703183],[1.896385502737733,48.98168391292898],[1.903322718462487,48.98189061508799],[1.903927756393081,48.982333933932715],[1.903803951542557,48.98549314644934],[1.906612612210091,48.98672781275938],[1.909724827866775,48.98707590698369],[1.910106084644957,48.98552680103022],[1.911749736488942,48.985717169948614],[1.913813496005625,48.99101593290244],[1.913774127099181,48.99703499476969],[1.913077919069457,49.0013619887323]]]},"properties":{"CLE":"Les Mureaux Stade Léo Lagrange-bords de Seine"}},
{"type":"Feature","geometry":{"type":"Polygon","coordinates":[[[-0.749631461822661,48.091495796730996],[-0.749667581525439,48.08953470061116],[-0.752021347681449,48.08700323038808],[-0.752950271117233,48.07585240105445],[-0.7498230189131,48.075874655670724],[-0.751288571425333,48.072068976378],[-0.74963797440398,48.06985319459765],[-0.756107130442825,48.06797860828248],[-0.759215878196045,48.06118204213544],[-0.758456270486106,48.059536559454884],[-0.759519351191002,48.05906102309694],[-0.758342468112997,48.05763624287641],[-0.756958335184778,48.05928611497641],[-0.755540894244916,48.058838403786616],[-0.753072400493252,48.05907215403718],[-0.749767505560364,48.054435290743875],[-0.747772725752047,48.05526894272799],[-0.746632851575867,48.05631779133254],[-0.73605200654437,48.05049566962124],[-0.734149748990614,48.05039671136416],[-0.732906249889326,48.052187826389655],[-0.732565767992545,48.053820556525125],[-0.734023918724412,48.06179297834719],[-0.735689319306495,48.06247316195583],[-0.740870565561862,48.06526305740945],[-0.743268742400061,48.066316648802335],[-0.745740937041908,48.070461554900135],[-0.745681722798989,48.071742550233026],[-0.743347386316428,48.0773292212415],[-0.739117268837908,48.07954715366912],[-0.737052172116111,48.081816911936244],[-0.73492045937103,48.08564412062874],[-0.738217952523577,48.08776528030985],[-0.738961831450246,48.087832028670285],[-0.743280770293144,48.090101421381206],[-0.745701152472455,48.0909839359466],[-0.749631461822661,48.091495796730996]]]},"properties":{"CLE":"Laval Grand Saint Nicolas"}},
{"type":"Feature","geometry":{"type":"Polygon","coordinates":[[[-2.821545627892792,48.527191916226776],[-2.821508839178664,48.525450644218864],[-2.819074777986151,48.52368058604165],[-2.815778807587171,48.52273544525945],[-2.81190206574864,48.519838986423984],[-2.811842878850342,48.51862565500887],[-2.810230035871716,48.51609541510662],[-2.80641987929377,48.508630467558774],[-2.80414118370929,48.503614377928],[-2.804244760781312,48.50115812164862],[-2.808735566689687,48.49353041013045],[-2.808099307532982,48.491747404819215],[-2.808247274778727,48.49022334218803],[-2.807485243463138,48.48953529449532],[-2.799110297353945,48.484815139356044],[-2.796596703766844,48.48356620332239],[-2.802659661661264,48.47124053175181],[-2.80443526861021,48.469168990311374],[-2.812292329359293,48.46086432864391],[-2.81344832346668,48.456978338852515],[-2.810237434234003,48.454385212870825],[-2.802620820259256,48.45536364628331],[-2.801307610953265,48.456131226370616],[-2.801996583441269,48.45794105074513],[-2.803949751085109,48.4598794216644],[-2.799421953365297,48.460515680821096],[-2.798090248153588,48.46156624826589],[-2.789145628148275,48.46241705992894],[-2.78574238149613,48.46317909124452],[-2.785017341991977,48.46511746216379],[-2.786489616087144,48.4663307935789],[-2.785372463381766,48.467447946284274],[-2.782738646407497,48.4681285956147],[-2.777293451764064,48.46843192846848],[-2.780385967200144,48.47289314092771],[-2.783929782735748,48.47129509467366],[-2.785786771669854,48.472930132739144],[-2.786948314548956,48.47288574256542],[-2.789774488942693,48.477716873139],[-2.790373756287962,48.479840203115465],[-2.789153026510562,48.480557844257326],[-2.788250426311515,48.4838871072866],[-2.791039608893817,48.488244742673814],[-2.791102494973259,48.4918477451077],[-2.789722700406682,48.4943483915608],[-2.795241878672988,48.49255058952498],[-2.796551388797835,48.49516591059354],[-2.798138337508456,48.496771355209894],[-2.796029804256583,48.49720046022255],[-2.791465014725336,48.49925720493842],[-2.793285011848005,48.500611105236985],[-2.786870631744939,48.50411053059886],[-2.789829976659849,48.507254834570965],[-2.791575990159645,48.508364588914056],[-2.794121026786467,48.50897125462161],[-2.79896695408463,48.514468237801054],[-2.796212913723193,48.51483075755313],[-2.790671540370026,48.51424073816072],[-2.785485288406648,48.51445529066706],[-2.780498792225026,48.51312358545535],[-2.779278062447626,48.515106346548336],[-2.776777415994528,48.5151877285335],[-2.775970994505215,48.51619390580456],[-2.778412454060015,48.51732585523452],[-2.775845222346331,48.51828024396958],[-2.777709609642725,48.519582355732126],[-2.777680016193576,48.520803085509534],[-2.775342133710796,48.525767386604294],[-2.776104165026386,48.52621128834153],[-2.779426029693371,48.526189093254665],[-2.782267000811684,48.52739502630749],[-2.782755292722644,48.528556569186584],[-2.781341280730488,48.5302165767248],[-2.785010868424976,48.53213275255719],[-2.786372167085834,48.534352261243384],[-2.788458505250845,48.534056326751895],[-2.789331512000743,48.53285779206135],[-2.792409230712248,48.53070486863576],[-2.795627518307212,48.52988365042187],[-2.796426541434237,48.530164788188785],[-2.797351336720146,48.53259145101901],[-2.79926751255255,48.532931775684226],[-2.800776778459154,48.530586494839156],[-2.802737344465281,48.53133372943018],[-2.802404418162354,48.53267283300418],[-2.806584492854663,48.53304275111853],[-2.809588227943295,48.528233815631815],[-2.811504403775698,48.52825601071868],[-2.812222044917564,48.52935836669948],[-2.813738709186455,48.529706089726986],[-2.814922447152418,48.528736904267355],[-2.817682036285571,48.52924739126517],[-2.819968130232338,48.52760495483741],[-2.821545627892792,48.527191916226776]]]},"properties":{"CLE":"Saint-Brieuc - Ploufragan : des Villages aux Châtelets"}},
{"type":"Feature","geometry":{"type":"Polygon","coordinates":[[[4.121396573856097,48.276788340968444],[4.127491934054564,48.28284636074891],[4.135445427262628,48.282175179887474],[4.137693883148452,48.28261144744741],[4.139791323340452,48.28168857376293],[4.14248443654698,48.27856758275723],[4.147149143533988,48.276252008785264],[4.149397599419812,48.27574862313919],[4.152115881908644,48.27573184361765],[4.155010349373605,48.27432236380862],[4.158919977891492,48.27561438696689],[4.163937054830757,48.274288804765554],[4.167913801434788,48.27391965529176],[4.171747922105765,48.27300517136805],[4.174684338374565,48.271377557779054],[4.175993141054373,48.264497953949295],[4.177016691868069,48.26303813557566],[4.179953108136869,48.26055476638834],[4.180221580481445,48.25726598016728],[4.180674627562916,48.25639344504741],[4.180003446701476,48.25387651681701],[4.175909243446692,48.25090654150514],[4.170791489378213,48.25219856466341],[4.168257781626276,48.251326029543534],[4.164180357893029,48.24941316408843],[4.167200671769509,48.244345748584564],[4.168291340669349,48.24307050494782],[4.172301646316453,48.23993273442059],[4.172905709091748,48.23880850647768],[4.172452662010277,48.23768427853477],[4.173123842871717,48.23630835776882],[4.175976361532836,48.23336355173925],[4.176127377226661,48.23058654092504],[4.177352282298789,48.22974756484824],[4.178593966892453,48.23050264331736],[4.181513603639717,48.230871792791156],[4.186287377516709,48.230032816714356],[4.188015668234916,48.23164365078181],[4.195264421538469,48.23181144599717],[4.195616791490725,48.233506177672304],[4.197353471969701,48.23430320494526],[4.201867163262885,48.23494082676363],[4.205810350823845,48.23757521164479],[4.213436643361957,48.23500794484978],[4.222698939249828,48.23317897700235],[4.225626965757861,48.23319575652389],[4.225190698197925,48.235024724371314],[4.225459170542501,48.23797792016165],[4.227338476954533,48.24089755690891],[4.233244868535205,48.24066264360741],[4.237230004900005,48.23916926619071],[4.239361004135078,48.238917573367665],[4.245737222318757,48.23965587231525],[4.253346735335334,48.23915248666917],[4.255511293613478,48.23856520341541],[4.25655162394871,48.23769266829554],[4.261753275624869,48.235209299108206],[4.262256661270949,48.233900496428404],[4.261870732275622,48.23254135518398],[4.260528370552741,48.23108153681035],[4.260826207060005,48.22878274235992],[4.255255405910054,48.22732292398629],[4.254198296053286,48.226198696043376],[4.254080839402533,48.22450396436824],[4.249533589066278,48.22316160264536],[4.244147362653222,48.22032586350578],[4.24503667729463,48.21580378245183],[4.246110566672934,48.21367278321675],[4.248191227343398,48.2124814371877],[4.250808832703014,48.209343666660466],[4.249802061410854,48.20488031393189],[4.25208407633975,48.202011015749235],[4.25560777586231,48.201255937280116],[4.258191822178854,48.20021560694488],[4.259953671940133,48.20088678780632],[4.262453820648997,48.20519912484107],[4.265155323616294,48.20529980197029],[4.265205662180901,48.20459506206578],[4.267538015674406,48.20395744024741],[4.270147231273254,48.204485995175794],[4.274593804480293,48.20475446752037],[4.275080410604838,48.20436853852504],[4.278570551084326,48.204939042257266],[4.281179766683174,48.20647436847781],[4.284737025248806,48.208135541109876],[4.290827991566374,48.2091255328805],[4.292103235203109,48.20902485575128],[4.297707595396133,48.206809958908536],[4.300878924966439,48.20751469881305],[4.306818875590182,48.209964508957306],[4.311047315017253,48.21073636694796],[4.31618184860727,48.20999806800038],[4.319067926311462,48.21076992599103],[4.323027893393958,48.21113907546483],[4.323195688609317,48.212749909532285],[4.321920444972582,48.21624005001177],[4.32255806679095,48.2175152936485],[4.328900725931558,48.21761597077772],[4.330478000955941,48.216844112787065],[4.330662575692839,48.215434632978045],[4.333649330526247,48.21546819202111],[4.334052039043111,48.217213262260856],[4.33572999119671,48.220636284654205],[4.335293723636775,48.22187796924786],[4.33354865339703,48.224092866090615],[4.329118859711526,48.22422710226291],[4.325737786122022,48.223723716616824],[4.310904689084198,48.227616565613175],[4.305434565063463,48.2265091171918],[4.296709213864743,48.230200611929725],[4.293336530036006,48.23367397288767],[4.293638561423654,48.23394244523225],[4.292329758743846,48.2376003809271],[4.28971215338423,48.23917765595148],[4.286792516636966,48.23981527776985],[4.285450154914086,48.24149322992345],[4.285416595871014,48.245151165618296],[4.28618845386167,48.24703047203033],[4.295887017309478,48.24501692944601],[4.30565269884343,48.24739962150412],[4.307297091953957,48.248406392796284],[4.307968272815398,48.249614518346874],[4.310149610615078,48.25052061250982],[4.313069247362342,48.249346046002294],[4.316190238368037,48.251661619974264],[4.315519057506597,48.25270195030949],[4.313673310137637,48.25253415509414],[4.312767215974693,48.25364160351551],[4.313337719706918,48.256024295573624],[4.312398066500902,48.2585747828471],[4.31035096487351,48.261024592991355],[4.314008900568357,48.26226627758502],[4.314243813869862,48.25998426265612],[4.315854647937317,48.25780292485644],[4.319898512627494,48.261595096723575],[4.322482558944039,48.262870340360315],[4.32687879358647,48.263809993566326],[4.328959454256934,48.26879351146252],[4.328959454256934,48.271075526391414],[4.327281502103334,48.27191450246821],[4.326778116457254,48.27295483280345],[4.327147265931046,48.275438201990774],[4.329026572343078,48.27584091050764],[4.328254714352422,48.273760249837174],[4.33040249310903,48.27258568332966],[4.334328901148454,48.27389448600947],[4.339262080480037,48.27426363548326],[4.340436646987558,48.27527040677542],[4.34080579646135,48.2768476817998],[4.338825812920102,48.27970020046092],[4.335134318182182,48.28168018400217],[4.33392619263159,48.27919681481484],[4.314663301908262,48.27778733500582],[4.315602955114278,48.28147882974373],[4.318052765258535,48.28261983720819],[4.321475787651878,48.28134459357145],[4.324831691959078,48.28500252926629],[4.32167714191031,48.28604285960153],[4.31664328544951,48.28610997768767],[4.315166687554342,48.2869153947214],[4.313354499228454,48.29043909424396],[4.311810783247142,48.29265399108671],[4.30942809118903,48.29439906132646],[4.307683020949287,48.293258053862004],[4.310636216739622,48.2908753618039],[4.309528768318247,48.29006994477017],[4.306810485829415,48.2908753618039],[4.302548487359271,48.29349296716351],[4.301340361808679,48.29275466821593],[4.299159024008999,48.29040553520089],[4.297179040467751,48.28949944103795],[4.294930584581927,48.29107671606233],[4.291020956064038,48.289163850607224],[4.286926752809254,48.287855047927415],[4.283235258071334,48.287485898453625],[4.28081900697015,48.288324874530424],[4.27998003089335,48.289163850607224],[4.280047148979494,48.292855345345146],[4.275885827638566,48.29513736027404],[4.272630600460582,48.29597633635084],[4.270348585531687,48.29701666668607],[4.266438957013797,48.29496956505868],[4.261203746294566,48.29282178630207],[4.256304126006054,48.29188213309605],[4.254022111077158,48.28976791338252],[4.25388787490487,48.288694024004215],[4.247142507247398,48.28993570859788],[4.244055075284774,48.288861819219576],[4.242846949734182,48.28772081175513],[4.24130323375287,48.28466693883558],[4.242377123131174,48.28402931701721],[4.24264559547575,48.28215001060518],[4.23945748638391,48.2810425621838],[4.23517870839223,48.28000223184857],[4.232863134420262,48.278089366393466],[4.225413026858277,48.28198221538982],[4.217627328865573,48.281243916442236],[4.210898740729637,48.28372728562956],[4.211469244461861,48.28513676543859],[4.207341482164005,48.28597574151539],[4.206435388001061,48.28949944103795],[4.203247278909221,48.29470109271411],[4.202139830487845,48.29527159644633],[4.197072414983973,48.29634548582463],[4.191166023403301,48.29654684008307],[4.190998228187941,48.30003698056255],[4.183724305602085,48.29963427204569],[4.183288038042149,48.30223509788377],[4.173757269809701,48.29995308295487],[4.169746964162596,48.29827513080127],[4.162061943299109,48.29619447013081],[4.158538243776548,48.29726835950911],[4.156524701192229,48.2959595568293],[4.143990398604836,48.2982415717582],[4.138990101187108,48.29830868984434],[4.134627425587748,48.297503272810616],[4.132949473434148,48.29864428027506],[4.131649060515108,48.30406406573119],[4.126715881183524,48.30778911951219],[4.123729126350116,48.30792335568447],[4.116648168261924,48.309198599321206],[4.1118827841457,48.30889656793356],[4.107452990460196,48.3106416381733],[4.106177746823461,48.3118497637239],[4.102385574956324,48.312822975972985],[4.100825079453475,48.31262162171455],[4.099851867204388,48.30973554401036],[4.10005322146282,48.30879589080434],[4.09921424538602,48.30587625405708],[4.096999348543267,48.30389627051583],[4.099482717730596,48.30245323166373],[4.09451597935594,48.296379044867706],[4.088374674473764,48.29124451127769],[4.086621214473251,48.29000282668402],[4.082241759352355,48.28813191003275],[4.083282089687587,48.28779631960203],[4.085178175621155,48.28596735175461],[4.090562304594019,48.28304771500734],[4.092382882680675,48.28349237232805],[4.094094393877347,48.282829581227375],[4.097706185887971,48.28482634429016],[4.097655847323363,48.28591701319],[4.094092296437156,48.28698251280753],[4.092028415288227,48.28897088610955],[4.096298803519139,48.29116900343077],[4.097993535194275,48.292989581517425],[4.102586929214755,48.29554426367128],[4.107985740268964,48.29244005218712],[4.110586566107044,48.290694981947375],[4.109185476058787,48.28871499840613],[4.109873436441763,48.28714611314251],[4.109260983905699,48.28533392481663],[4.111475880748451,48.28335394127537],[4.113187391945123,48.28294284299774],[4.115012164912163,48.27901643495832],[4.117445195534883,48.279654056776685],[4.118410018023203,48.281315229408754],[4.121396573856097,48.276788340968444]]]},"properties":{"CLE":"Troyes Champagne"}},
{"type":"Feature","geometry":{"type":"Polygon","coordinates":[[[6.220308646298065,45.461173396442774],[6.22034879,45.46113499],[6.22225435,45.46434588],[6.22297876,45.46456939],[6.22418543,45.46712119],[6.22600698,45.46692516],[6.22816114,45.46910882],[6.22966217,45.46919737],[6.23250277,45.47330684],[6.2329171029253345,45.47503041689519],[6.23580203,45.47656794],[6.23746578,45.4797464],[6.23945919,45.48212054],[6.2401302,45.48406015],[6.24172481,45.48685826],[6.24375155,45.48844235],[6.24645609,45.4889811],[6.24803313,45.48985516],[6.24833993,45.49143677],[6.25329884,45.49689641],[6.25615029,45.50059231],[6.2577199,45.50208453],[6.25883138,45.50493811],[6.26084705,45.50710363],[6.2629148,45.50835808],[6.263974684220072,45.51227458241305],[6.26479785,45.51074153],[6.26602688,45.5142088],[6.26322349,45.51630091],[6.26177045,45.51792832],[6.26060555,45.5200798],[6.26065103,45.52095169],[6.25918913,45.52209113],[6.25994858,45.52436796],[6.25792492,45.52702343],[6.25652382,45.52996011],[6.25568062,45.53056541],[6.254118951570571,45.53520052554198],[6.25376543,45.53778764],[6.25565687,45.53813027],[6.25653886,45.54106652],[6.25816817,45.54209255],[6.25578209,45.54327793],[6.255078507045447,45.544515852610076],[6.25755818,45.54491968],[6.2584284,45.54448716],[6.26036834,45.54540808],[6.26258976,45.54529355],[6.26637616,45.54626454],[6.26607019,45.5491968],[6.26869431,45.55091295],[6.27280985,45.55132971],[6.2744441,45.55122125],[6.27649744,45.55188381],[6.27967751,45.55238375],[6.28307949,45.55382056],[6.28885833,45.55364466],[6.29062847,45.55223715],[6.29034145,45.55050253],[6.29076438,45.54925992],[6.29376734,45.5480091],[6.2982188,45.54952913],[6.28880689,45.55612957],[6.28107942,45.55968377],[6.25089583,45.5541149],[6.23807624,45.56080081],[6.237506214947906,45.56072969381164],[6.23440063,45.56222006],[6.2323345,45.56396914],[6.22874878,45.56195914],[6.22479252,45.56426707],[6.22376701,45.56383264],[6.21676867,45.56668453],[6.21986278,45.56825668],[6.22234651,45.57052127],[6.22325091,45.57200011],[6.21410295,45.58065648],[6.20791977,45.57819492],[6.20880559,45.57742252],[6.20164957,45.57337747],[6.20092325,45.576008],[6.19628076,45.57370334],[6.19033584,45.5712868],[6.18446328,45.56773275],[6.18680997,45.56481019],[6.18972091,45.56298249],[6.18848361,45.56255863],[6.19220937,45.55697347],[6.1956035,45.55288938],[6.19814188,45.55032007],[6.20048474,45.55048729],[6.204884530880582,45.55125653523547],[6.20898676,45.55163656],[6.208529729454228,45.5479983039309],[6.206256493396848,45.545528337236625],[6.20562928,45.54595302],[6.20320128,45.5443756],[6.20135862,45.54387317],[6.19805937,45.54061196],[6.19634501,45.5412023],[6.19090062,45.53885897],[6.18809784,45.53696836],[6.18360871,45.53470428],[6.18409964,45.53342759],[6.18002385,45.53053713],[6.17705915,45.52933802],[6.1744095,45.52711526],[6.1750225,45.52662264],[6.16628048,45.52065199],[6.16331355,45.51832638],[6.162105218853845,45.51809159592516],[6.16049486,45.51762651],[6.15552475,45.51506771],[6.15444764,45.51582569],[6.15197636,45.51402758],[6.15121274,45.51441733],[6.14822926,45.51196106],[6.14843417,45.51140919],[6.14545767,45.5096973],[6.14302235,45.50758268],[6.1418508,45.50594631],[6.13993281,45.50443031],[6.13755784,45.50161377],[6.13278523,45.497814],[6.131873228371997,45.49649225404663],[6.12800448,45.49313941],[6.12598673,45.49220318],[6.12417441,45.49006922],[6.12086377,45.48802449],[6.118876814670652,45.485799673305024],[6.11730371,45.48493531],[6.11579097,45.48490352],[6.11312774,45.48187356],[6.10943592,45.47911583],[6.10450222,45.47398429],[6.10263366,45.47264505],[6.09978778,45.46990544],[6.097275456865021,45.467451432363305],[6.09668564,45.46818747],[6.09358866,45.4671381],[6.09087151,45.46809722],[6.08860994,45.46800371],[6.08402719,45.47099511],[6.08030364,45.46900379],[6.07725827,45.46632203],[6.07333257,45.46766288],[6.07075852,45.46600048],[6.06959662,45.46474761],[6.06516138,45.4611991],[6.061224740794945,45.45709683236865],[6.05943065,45.45553783],[6.05846533,45.45561418],[6.05726614,45.45403529],[6.05487582,45.45307872],[6.05477813,45.45160028],[6.05263636,45.45117515],[6.05353418,45.45003519],[6.05285383,45.44844852],[6.04995513,45.44515167],[6.04951947,45.4436471],[6.05102752,45.44286723],[6.05420218,45.44046371],[6.05719549,45.44182268],[6.05860986,45.44326196],[6.0632717,45.44429499],[6.06852758,45.44421534],[6.07038044,45.44389968],[6.07313506,45.44404994],[6.07659162,45.44336372],[6.08151178,45.44333016],[6.0830037,45.44388921],[6.08572097,45.44297666],[6.091056351386513,45.44409060028683],[6.09276227,45.44428784],[6.09417675,45.44230223],[6.09643074,45.44223919],[6.09559674,45.43935592],[6.09355713,45.436269],[6.09503113,45.43499311],[6.09431268,45.43335645],[6.09474339,45.43175484],[6.09742009,45.43182969],[6.09996671,45.4324566],[6.10066292,45.43333165],[6.10283765,45.43377422],[6.102283513997524,45.43521765621111],[6.10287811,45.4337813],[6.10492911,45.43360556],[6.10885116,45.43507108],[6.11066443,45.43543576],[6.11676519,45.43825816],[6.11881225,45.43824457],[6.12264087,45.43908719],[6.12403996,45.43867224],[6.12792895,45.43602846],[6.12962588,45.43622901],[6.13304136,45.43278342],[6.13411528,45.43227388],[6.13325405,45.4304767],[6.13435582,45.42791118],[6.13586289,45.42546327],[6.13798956,45.42408209],[6.13983607,45.42343389],[6.14067415,45.42129608],[6.14192364,45.41994508],[6.14220809,45.41795742],[6.14355755,45.41529446],[6.14706862,45.41265073],[6.15166771,45.4108725],[6.15137893,45.4099088],[6.15496724,45.40948591],[6.15825954,45.40751754],[6.16003665,45.40541879],[6.16228951,45.40455921],[6.16404443,45.40236054],[6.16562351,45.40160283],[6.16669758,45.40015465],[6.16818189,45.40017117],[6.17049881,45.39922282],[6.171047,45.39740711],[6.17255945,45.39703932],[6.17464628,45.39507546],[6.17567109,45.39490736],[6.17754465,45.39340927],[6.1777605,45.39171172],[6.17890487,45.39116647],[6.17891865,45.38944536],[6.18074067,45.38662592],[6.18115238,45.38457413],[6.18298505,45.38320561],[6.1852869,45.37804955],[6.18488546,45.37723116],[6.18594828,45.37622395],[6.18631137,45.3740579],[6.18864129,45.37159379],[6.19050281,45.37082135],[6.19181622,45.36967311],[6.19114435,45.36836464],[6.18930435,45.36722525],[6.18878124,45.36628679],[6.18385745,45.36270135],[6.18043764,45.36051281],[6.16993045,45.35960028],[6.17124101,45.3572175],[6.17368771,45.35662025],[6.17530091,45.35568134],[6.17752321,45.35528592],[6.18171978,45.35516374],[6.18355124,45.3558108],[6.18492954,45.35427708],[6.18792131,45.35371897],[6.19262831,45.35427052],[6.19495172,45.35317697],[6.19789194,45.35247596],[6.19929702,45.35356356],[6.20257129,45.35701934],[6.20185674,45.36050197],[6.20323953,45.3612797],[6.20392672,45.36296382],[6.20331069,45.36430521],[6.20495918,45.36843261],[6.20647389,45.37117077],[6.20348718,45.37372868],[6.2045546,45.37747089],[6.20341973,45.38210197],[6.20116577,45.38342511],[6.20155593,45.38559962],[6.19880283,45.38849848],[6.19873426,45.39092599],[6.20026921,45.39228846],[6.20196213,45.39291895],[6.20329903,45.39446917],[6.1996808,45.3963464],[6.20031293,45.39798843],[6.19916538,45.40147422],[6.19901802,45.40309733],[6.19964598,45.40473471],[6.19862358,45.40672554],[6.2008643,45.40663261],[6.20497943,45.40764255],[6.20820844,45.40886723],[6.20911525,45.41077902],[6.2130667,45.41427698],[6.212381934334301,45.415364225385105],[6.21293687,45.41737021],[6.21295118,45.42182363],[6.21599734,45.42222408],[6.21831678,45.42340701],[6.21531436,45.42584984],[6.21143755,45.42800529],[6.208397788694518,45.431609708095806],[6.21117331,45.43358536],[6.2147664,45.43528225],[6.21709725,45.43765909],[6.21794939,45.44224476],[6.2146380961785015,45.44629949602533],[6.2149809,45.44782486],[6.21281937,45.45198091],[6.21358826,45.45290136],[6.21398934,45.4553298],[6.21532231,45.45682003],[6.21828925,45.45892477],[6.220308646298065,45.461173396442774]]]},"properties":{"CLE":"Cœur de Savoie-Val Gelon"}},
{"type":"Feature","geometry":{"type":"Polygon","coordinates":[[[3.510736703060647,50.36690072076592],[3.504404634668798,50.35675294921978],[3.50978525862248,50.353711531118755],[3.512491756925679,50.3585134390492],[3.515535213256896,50.35956286057933],[3.515954015885526,50.362092896778115],[3.517683824780872,50.36503670061789],[3.521587666916768,50.368481246368],[3.523713654553071,50.37099682009369],[3.522937156438238,50.37246619183326],[3.521243441159244,50.371713829654446],[3.519484698948197,50.37173111788544],[3.51518712590524,50.37276900613029],[3.510736703060647,50.36690072076592]]]},"properties":{"CLE":"Valenciennes- quartier Faubourg de Lille et Acacias"}},
{"type":"Feature","geometry":{"type":"Polygon","coordinates":[[[2.413020798144573,48.87408671665999],[2.412309822580815,48.876383407385596],[2.410866568814684,48.87818348034852],[2.409356744302882,48.87784130671575],[2.411603380435877,48.874004584370226],[2.410113569876247,48.87325143758518],[2.410483169687423,48.87163546859944],[2.408957223297197,48.87154924977556],[2.409153751498682,48.86796165915556],[2.408990189318092,48.86460292879602],[2.411196376870227,48.8652039247154],[2.412555591270163,48.8667279692198],[2.413123621168644,48.869268888676395],[2.412426987093192,48.8721827933338],[2.413390931490497,48.87304288736783],[2.413020798144573,48.87408671665999]]]},"properties":{"CLE":"Paris 20e - Fougères le Vau"}},
{"type":"Feature","geometry":{"type":"Polygon","coordinates":[[[-3.94796055,48.44117278],[-3.94431766,48.44169506],[-3.94205879,48.44251311],[-3.94145188,48.4446648],[-3.93906432,48.44553531],[-3.93473615,48.44874417],[-3.93362535,48.45059332],[-3.92983073,48.45297516],[-3.92878645,48.4549103],[-3.93066253,48.45563713],[-3.92969886,48.45717082],[-3.92992211,48.46018457],[-3.9304444,48.46166705],[-3.93319756,48.4646213],[-3.93733329,48.46743348],[-3.93957625,48.4683112],[-3.93697254,48.46973077],[-3.93608296,48.47067088],[-3.93147855,48.46848069],[-3.92953893,48.46700213],[-3.92038186,48.46877604],[-3.92095308,48.47155214],[-3.92207871,48.47232307],[-3.91974152,48.47304049],[-3.92067733,48.47513541],[-3.92016185,48.47606318],[-3.92176374,48.47850172],[-3.91994937,48.48005182],[-3.91775175,48.48116949],[-3.91369529,48.48159304],[-3.91142666,48.4826208],[-3.9104971,48.48166649],[-3.90804001,48.48262832],[-3.90519889,48.47981865],[-3.90183409,48.481865],[-3.90076508,48.48287818],[-3.89722179,48.48431465],[-3.89367882,48.48524419],[-3.89419793,48.48650533],[-3.89582618,48.48582676],[-3.89824003,48.48731805],[-3.89689889,48.48900579],[-3.8975543,48.4900931],[-3.89820175,48.49456664],[-3.89929993,48.49488804],[-3.90529445,48.49495111],[-3.90518173,48.49628949],[-3.90407183,48.49721801],[-3.90500913,48.49870463],[-3.90668749,48.49992699],[-3.90982738,48.49899389],[-3.91245763,48.499988],[-3.91176755,48.50103921],[-3.91014808,48.50068005],[-3.91083129,48.50291733],[-3.91257545,48.50277336],[-3.91419125,48.5036246],[-3.91409781,48.50540363],[-3.91797997,48.50670922],[-3.91919408,48.50750564],[-3.92176516,48.50825009],[-3.91990674,48.50998463],[-3.91955544,48.51229347],[-3.91704914,48.51300279],[-3.91685162,48.51495523],[-3.91774307,48.51613812],[-3.91702484,48.5179406],[-3.91784764,48.51921257],[-3.91591919,48.52113179],[-3.91525224,48.52266088],[-3.91354221,48.52390755],[-3.91390042,48.52570574],[-3.91306457,48.52937734],[-3.91316303,48.53098965],[-3.90946185,48.53334787],[-3.90820882,48.53537239],[-3.90841449,48.53691315],[-3.90592944,48.53745439],[-3.90402254,48.53987469],[-3.90503262,48.54274111],[-3.90819577,48.54496255],[-3.90852022,48.54733005],[-3.90755714,48.55045266],[-3.91137733,48.55284104],[-3.91171519,48.55389675],[-3.91001938,48.5564872],[-3.91160944,48.55893637],[-3.9113661,48.56175618],[-3.91439267,48.56303388],[-3.91507215,48.56406696],[-3.91819569,48.56442462],[-3.92080207,48.56681949],[-3.91892186,48.56973333],[-3.92148047,48.57202306],[-3.92151739,48.5766545],[-3.92363818,48.5773166],[-3.92313455,48.57918332],[-3.92439022,48.58081621],[-3.92607062,48.58142857],[-3.92784339,48.57956723],[-3.92718339,48.5782544],[-3.92839423,48.57514049],[-3.92948175,48.57476872],[-3.92911916,48.5734574],[-3.92991754,48.57246515],[-3.93371818,48.57059813],[-3.93436973,48.56930315],[-3.93421984,48.5676666],[-3.93214489,48.56501943],[-3.93222327,48.56255421],[-3.93350064,48.56073764],[-3.93332422,48.55993982],[-3.93489176,48.55793948],[-3.93422227,48.55713392],[-3.93739558,48.5557881],[-3.9385586,48.55462028],[-3.9390616,48.55236821],[-3.9400737,48.55038481],[-3.94494407,48.54579269],[-3.94737211,48.544367],[-3.94951742,48.54393916],[-3.95219627,48.54181342],[-3.95193549,48.54054527],[-3.95398698,48.53812662],[-3.95536572,48.53831344],[-3.9597107,48.53694506],[-3.95956091,48.53536562],[-3.95641252,48.53508128],[-3.95554541,48.53414897],[-3.95736174,48.53216323],[-3.95701518,48.53033858],[-3.95704414,48.52725623],[-3.95763651,48.52593748],[-3.96063293,48.5244758],[-3.960812,48.52256412],[-3.96344521,48.52042036],[-3.96437201,48.51760527],[-3.96840338,48.51673295],[-3.97158598,48.51391889],[-3.97321249,48.510251],[-3.9716472,48.50580038],[-3.97353245,48.50394376],[-3.97333374,48.50188218],[-3.97539561,48.49924766],[-3.97790245,48.49984758],[-3.97968455,48.49705848],[-3.9822661,48.49558034],[-3.98124056,48.49410076],[-3.9816488,48.49171115],[-3.98016165,48.48971364],[-3.98244136,48.48914021],[-3.98332471,48.48759067],[-3.97941418,48.48652033],[-3.98027646,48.48335527],[-3.97600487,48.48106367],[-3.97266584,48.47878163],[-3.97044211,48.47510042],[-3.96973092,48.47245005],[-3.96963036,48.47036676],[-3.97291786,48.46680141],[-3.97254326,48.46554526],[-3.97364587,48.46427257],[-3.97341561,48.46327444],[-3.97469539,48.4611932],[-3.97771216,48.46103741],[-3.97827421,48.45846781],[-3.97661315,48.45631253],[-3.97462027,48.45472733],[-3.9728714,48.45274868],[-3.97069253,48.45241774],[-3.96827599,48.44779881],[-3.96554938,48.44571705],[-3.96274242,48.44465111],[-3.96100163,48.44197209],[-3.95983903,48.44145712],[-3.95817088,48.44382314],[-3.95654966,48.44350488],[-3.95323854,48.44428483],[-3.94950905,48.44142787],[-3.94796055,48.44117278]]]},"properties":{"CLE":"Saint-Thégonnec Loc-Eguiner"}},
{"type":"Feature","geometry":{"type":"Polygon","coordinates":[[[3.079486773037719,50.638154376132235],[3.07881434959354,50.637865248755695],[3.08147365135018,50.6357136033284],[3.0838442289161,50.63432490043471],[3.084241857845425,50.63344057489732],[3.083446599986773,50.63173131362736],[3.084915547623774,50.62871103840744],[3.090243015476243,50.624068593488225],[3.091587862364602,50.625164377135306],[3.094272490804638,50.624965145644275],[3.097744779098308,50.62564959868675],[3.095455246919257,50.62768040541434],[3.096458183581762,50.62819773298312],[3.09299855862979,50.63020834803492],[3.090022673330693,50.62947897784277],[3.08908558604502,50.63207429537958],[3.090417769591679,50.632936959731374],[3.09284913119775,50.632063050115896],[3.093126458380942,50.63386707730161],[3.099201696560695,50.63443052040171],[3.098224086581588,50.63703038347327],[3.097150235205573,50.63709142270731],[3.09525073395083,50.63949036245339],[3.092241923963317,50.63900528374392],[3.092206466606562,50.636844855841055],[3.086633329925146,50.63734923228189],[3.086349671071105,50.63830656885619],[3.081151369303959,50.637754014555114],[3.079486773037719,50.638154376132235]]]},"properties":{"CLE":"Lille Fives"}},
{"type":"Feature","geometry":{"type":"Polygon","coordinates":[[[2.72165142,50.690215],[2.72010427,50.69330489],[2.71949508,50.69628738],[2.72212861,50.69735513],[2.72319066,50.69858301],[2.73099501,50.70064608],[2.73162356,50.70182152],[2.73538019,50.70322637],[2.74074636,50.70482408],[2.74239541,50.70295306],[2.74805334,50.70439986],[2.75585658,50.70827468],[2.75598954,50.70906226],[2.75836525,50.70964827],[2.76176716,50.71210598],[2.76378953,50.71207942],[2.76542694,50.71114544],[2.7675611,50.71254317],[2.76799189,50.71348527],[2.7699238,50.71424261],[2.77359763,50.71373788],[2.77357196,50.71303621],[2.77632713,50.71254121],[2.78058334,50.71064485],[2.78214899,50.71173372],[2.7853132,50.71264184],[2.79196374,50.7113374],[2.79523113,50.71176062],[2.79898244,50.71177347],[2.80139186,50.71271289],[2.80173656,50.71342825],[2.8131825,50.71706827],[2.81064068,50.71746786],[2.80846652,50.71936298],[2.80431291,50.7209139],[2.8029732,50.72220221],[2.79783984,50.72368557],[2.79456613,50.72488394],[2.79534984,50.7258187],[2.79354179,50.72633005],[2.78962466,50.72619401],[2.79136176,50.72819918],[2.78949105,50.72889045],[2.79042628,50.73165276],[2.7871153,50.73270639],[2.78500854,50.73593304],[2.78319678,50.74065574],[2.78161583,50.74341527],[2.7835722,50.74426034],[2.78271262,50.74873752],[2.78322474,50.75079595],[2.77799541,50.75057596],[2.77626124,50.7533055],[2.77522431,50.7526453],[2.77274628,50.75503974],[2.76751218,50.75451298],[2.7659617,50.75465068],[2.76466978,50.75566278],[2.76158152,50.75919509],[2.76396186,50.76108746],[2.76244705,50.76347335],[2.75758814,50.76225673],[2.75723044,50.76343754],[2.75835398,50.76614001],[2.76206418,50.7709854],[2.76028754,50.77238546],[2.75738986,50.77392508],[2.75432912,50.77474526],[2.74987602,50.77445592],[2.74770573,50.77466356],[2.74125854,50.76926838],[2.74377215,50.76629587],[2.74221238,50.76551733],[2.74096985,50.7637259],[2.73878697,50.7621986],[2.73657146,50.76125073],[2.73576153,50.75970232],[2.73184992,50.75844541],[2.72992242,50.75749822],[2.72307733,50.75620628],[2.72328773,50.75560575],[2.72031616,50.75446299],[2.71409083,50.75423548],[2.7115489,50.75312902],[2.71031755,50.7518488],[2.70630493,50.75073476],[2.70046084,50.74984967],[2.70349396,50.74759157],[2.70439492,50.74530367],[2.70757121,50.73937158],[2.70685518,50.73813244],[2.70740433,50.73591284],[2.70231193,50.73537737],[2.70443887,50.73128492],[2.704301,50.73061799],[2.70153709,50.73025184],[2.70074142,50.72868727],[2.70109819,50.72687189],[2.69879021,50.72712833],[2.69442096,50.72575],[2.69566035,50.72385738],[2.69871381,50.72067082],[2.69718633,50.71990547],[2.69323333,50.71921525],[2.69181656,50.71692277],[2.68696768,50.71597772],[2.68474576,50.71461894],[2.68396249,50.71558185],[2.68005116,50.71364923],[2.67711648,50.71453584],[2.67488048,50.71221849],[2.67386183,50.71019136],[2.6720068,50.70890024],[2.67224432,50.70719809],[2.67127339,50.7064589],[2.672619,50.70504591],[2.67571032,50.70381173],[2.67659989,50.69911385],[2.67784297,50.69508771],[2.68846134,50.69250617],[2.69859357,50.69139465],[2.7128019,50.69077052],[2.71786659,50.69064886],[2.72165142,50.690215]]]},"properties":{"CLE":"Bailleul"}},
{"type":"Feature","geometry":{"type":"Polygon","coordinates":[[[6.39286196,48.22613103],[6.39397183,48.22595811],[6.39790535,48.22758948],[6.40628239,48.23033847],[6.41351296,48.23463549],[6.41559588,48.2364834],[6.42136798,48.2402968],[6.42365077,48.24070745],[6.42371691,48.24139981],[6.42638021,48.24211478],[6.4280076,48.24394165],[6.43053577,48.24357404],[6.43672743,48.24080381],[6.43842291,48.24099485],[6.44337406,48.23750816],[6.44713662,48.23409726],[6.44921081,48.23580383],[6.45298169,48.23722239],[6.46062882,48.23900143],[6.46218917,48.24085595],[6.46336737,48.24026816],[6.46476769,48.24167369],[6.4687381,48.24168336],[6.47008577,48.24240292],[6.47850702,48.2405795],[6.47982404,48.24105984],[6.48495163,48.24414622],[6.48151887,48.24766013],[6.48396644,48.2502119],[6.48490844,48.25259683],[6.48374625,48.2528378],[6.48011587,48.25644454],[6.47761596,48.25793645],[6.47249569,48.26034101],[6.47093388,48.2605427],[6.46587489,48.26200068],[6.46419357,48.2634055],[6.4643252,48.26553673],[6.46134263,48.26843971],[6.45927408,48.27122083],[6.45795656,48.27193952],[6.45708178,48.27348876],[6.4554769,48.27389818],[6.4518063,48.27322153],[6.44435673,48.27231902],[6.43923575,48.27209645],[6.43674966,48.27152888],[6.4338529,48.27143592],[6.42696722,48.26892685],[6.42488575,48.2705761],[6.4234146,48.26987969],[6.42258669,48.27158804],[6.42110461,48.27245156],[6.41561613,48.27373484],[6.40982995,48.27246734],[6.40602959,48.2708984],[6.40603768,48.26889734],[6.4020307,48.26741086],[6.40175307,48.26584355],[6.3994628,48.26309791],[6.39147177,48.26151578],[6.38934835,48.26025618],[6.38651051,48.25910364],[6.38174328,48.25960714],[6.3824903,48.26052714],[6.38004595,48.26099468],[6.37969101,48.26229482],[6.37576411,48.26097477],[6.37260242,48.26251901],[6.37164946,48.26454989],[6.36827664,48.26524826],[6.36391193,48.26309035],[6.36550326,48.26282522],[6.36745976,48.26109019],[6.36680255,48.26033488],[6.3691085,48.25896711],[6.36987904,48.25692443],[6.36819384,48.25603219],[6.36905988,48.25520067],[6.36638036,48.25405144],[6.36508589,48.25123601],[6.36426101,48.25032506],[6.3654941,48.24947114],[6.36637068,48.24758332],[6.36895966,48.24738047],[6.37043388,48.24575763],[6.37063117,48.24434746],[6.37218131,48.24381231],[6.37488358,48.24172423],[6.37457273,48.24084468],[6.37804555,48.24007016],[6.37782366,48.23830946],[6.38016834,48.23783415],[6.38390507,48.23792422],[6.3847822,48.2364214],[6.38672317,48.23522696],[6.38819798,48.23517494],[6.38872987,48.23374151],[6.38618824,48.23257175],[6.38529755,48.23107374],[6.38605291,48.22925143],[6.38838785,48.23019016],[6.39038375,48.22845038],[6.39188417,48.22790684],[6.39286196,48.22613103]]]},"properties":{"CLE":"Thaon-les-Vosges"}},
{"type":"Feature","geometry":{"type":"Polygon","coordinates":[[[4.9077002,45.7511896],[4.9108921,45.7503623],[4.9146257,45.7490297],[4.9177102,45.7485169],[4.9192874,45.7519794],[4.9209074,45.7543824],[4.9212078,45.7561116],[4.9165783,45.7555914],[4.9166375,45.7573092],[4.912625,45.7560142],[4.9104148,45.7582674],[4.909181,45.7581401],[4.9077002,45.7511896]]]},"properties":{"CLE":"Villeurbanne Les Brosses"}},
{"type":"Feature","geometry":{"type":"Polygon","coordinates":[[[2.389078127552415,48.900843948703915],[2.392285417587935,48.89988349727347],[2.394335876913049,48.89790883972843],[2.407365313615882,48.898814508668984],[2.410941313173198,48.90053324698254],[2.398291308844438,48.90583927748363],[2.400379692585912,48.90774547345817],[2.397814007008788,48.908823543219434],[2.389078127552415,48.900843948703915]]]},"properties":{"CLE":"Pantin - Quartier des 4 chemins"}},
{"type":"Feature","geometry":{"type":"Polygon","coordinates":[[[1.318460682334196,47.58479013669556],[1.315898360180261,47.58578944315801],[1.312712888627628,47.58542493113108],[1.310872575117252,47.58606625250591],[1.311039876345468,47.587281178091736],[1.305249560920097,47.58729312817938],[1.304178036386999,47.58598658525427],[1.302856929810127,47.58589908069535],[1.301312007013155,47.586769316000535],[1.298449961001887,47.5874186041005],[1.297947061476594,47.58682956435948],[1.293280552218144,47.58679968914018],[1.293027607455155,47.58497486343853],[1.289990375842519,47.585902705076755],[1.286466014690281,47.587459931487246],[1.287503680641476,47.58897360926631],[1.284789019045545,47.59009094246907],[1.281905064540108,47.58847369726296],[1.280678188866526,47.590067042293605],[1.281395194130307,47.59215432428371],[1.281316169360774,47.5960781983172],[1.277722627194713,47.59478113406295],[1.275048795065184,47.59412387923781],[1.273136781028427,47.592047551494765],[1.259902058867745,47.592077426714084],[1.259902058867745,47.582801171113886],[1.254315392854094,47.58296548482017],[1.26937250339356,47.54726459772759],[1.270642200214845,47.54405301165023],[1.272203180424541,47.54415757491785],[1.273480346050657,47.54628618429472],[1.275272859210117,47.54609946417394],[1.278663696603429,47.544209856551674],[1.281203090245998,47.54692850151018],[1.278234240325642,47.548444668890895],[1.283346637232518,47.55446079118235],[1.283290621196285,47.55622342912249],[1.284157002556692,47.55921095105493],[1.286547020102639,47.5613694356511],[1.285227842449348,47.561759680703524],[1.28698721278737,47.56394010491388],[1.288497778564457,47.564714993415116],[1.288598607429676,47.567489654409876],[1.289972789312285,47.56898804504519],[1.290092368395892,47.57033825657248],[1.292305147429554,47.571028243813984],[1.295593890034469,47.57131965752729],[1.297834531483794,47.57216811375609],[1.299722443963274,47.571959709833635],[1.301491142086145,47.57286097267493],[1.304757926842088,47.572053841042155],[1.304825146085568,47.5711889534427],[1.306601227874399,47.56958316040403],[1.307394414947461,47.57110082154568],[1.306306956964055,47.57242877504464],[1.307621466614325,47.57425863222825],[1.310019139685223,47.57481897931071],[1.310571831242722,47.57610510750262],[1.312173142998504,47.57736882928004],[1.311790740191153,47.57823521064045],[1.316576750326904,47.579869385137506],[1.317599976588761,47.581213770007096],[1.319078443297105,47.581050227546704],[1.320538951289789,47.58268811208081],[1.322384492726127,47.58220462792235],[1.322978891275617,47.58363505044796],[1.322606788118619,47.58551248001283],[1.32174418534558,47.586752018451385],[1.318460682334196,47.58479013669556]]]},"properties":{"CLE":"Blois"}},
{"type":"Feature","geometry":{"type":"Polygon","coordinates":[[[3.880390145414836,45.050756569883006],[3.878141689529013,45.04890243275327],[3.875968741490101,45.04793761026496],[3.874907436752949,45.04458170595776],[3.877810293978677,45.04343650361293],[3.879664431108405,45.03982890648269],[3.879941293213749,45.036993167343105],[3.881610855606581,45.03634715576397],[3.884949980392245,45.03581021107482],[3.886933372273805,45.034724261415406],[3.889584536676493,45.03437189146315],[3.887591968494092,45.02998824146187],[3.887952728207116,45.02674140404466],[3.887701035384076,45.02441744031192],[3.888581960264716,45.022806606244465],[3.894528203209036,45.019937308061806],[3.896055139668812,45.01643038806078],[3.899400556775053,45.01532293963941],[3.898872001846669,45.0143539222707],[3.898754545195917,45.01123712614539],[3.901386832636876,45.00994929786751],[3.905514594934732,45.00895091633611],[3.906378740293836,45.011929281408754],[3.908153174696269,45.0136743516485],[3.909856296132173,45.01635907509426],[3.910594595079756,45.01896409581272],[3.912373224362573,45.02154814212926],[3.910439384505549,45.02398536763236],[3.907888897232076,45.02494180035991],[3.903291308331213,45.02604924878129],[3.900086419717837,45.02776075997796],[3.898341349478093,45.0317878451466],[3.898878294167245,45.03581493031524],[3.896883628544653,45.037673262325356],[3.894248194943405,45.037243287085985],[3.889606559798509,45.03910791141667],[3.890693033817965,45.04126093377376],[3.896903554226476,45.04435256061677],[3.8983130340355,45.046013733248834],[3.897608294130988,45.04699533525869],[3.900337063820779,45.05132025693458],[3.900706213294571,45.052796854829744],[3.902501622098923,45.055548696361654],[3.901008244682219,45.05601013320389],[3.899909186021612,45.054583873873334],[3.900244776452331,45.05274651626514],[3.899271564203243,45.05146288286763],[3.897518104202732,45.05053161942239],[3.893453265110635,45.05059873750853],[3.887962166687979,45.048786549182644],[3.887265816544235,45.047024699421364],[3.880822480274411,45.048476128034224],[3.879901704030123,45.04949967884792],[3.880390145414836,45.050756569883006]]]},"properties":{"CLE":"Territoire zéro chômeur Le Puy en Velay"}},
{"type":"Feature","geometry":{"type":"Polygon","coordinates":[[[2.416113110667183,48.86231918449451],[2.416569586328479,48.8632847854492],[2.418735777561389,48.86354303551743],[2.419369554035648,48.86237312093842],[2.424526082401765,48.862765169828094],[2.428704750424203,48.86356481558272],[2.427820301165351,48.86639614336187],[2.425323032669767,48.8654814242111],[2.424930469629742,48.86653303866712],[2.420057721774488,48.8653911959059],[2.417872611840852,48.86600101163037],[2.418252168274131,48.86726417770602],[2.416048139639771,48.867845970074725],[2.41641232462871,48.86636503074026],[2.413984818842048,48.86587500439847],[2.414103060721573,48.86359281850989],[2.416113110667183,48.86231918449451]]]},"properties":{"CLE":"Bagnolet - Quartiers de la Capsulerie et de la Noue Jean Lolive"}},
{"type":"Feature","geometry":{"type":"Polygon","coordinates":[[[55.30799045774845,-20.94072680339625],[55.305414253205335,-20.940722296587545],[55.3051190572332,-20.941675486634978],[55.30389883876821,-20.94202363760975],[55.301338408055685,-20.9416461923782],[55.300606051636265,-20.942008990481362],[55.29953568456172,-20.943710310778798],[55.30082801196646,-20.9462724315446],[55.303146765060575,-20.946533826451223],[55.301878098401694,-20.948846946034422],[55.30035817715584,-20.947935443967783],[55.29977792553121,-20.94854611655137],[55.30502385089867,-20.951872141397754],[55.30888167917578,-20.9539678074595],[55.310477089467945,-20.952823078040826],[55.31005344944686,-20.95200283885107],[55.30760625230379,-20.949172562965526],[55.30980782837081,-20.946536079855587],[55.31164998644122,-20.946572134325468],[55.3172068816114,-20.952029879703474],[55.32364260448489,-20.946297218992633],[55.32268716103308,-20.94521558489625],[55.3180316276099,-20.94496320360709],[55.312641484362906,-20.9443322503842],[55.311361550682186,-20.94371932439625],[55.30799045774845,-20.94072680339625]]]},"properties":{"CLE":"Le Port"}},
{"type":"Feature","geometry":{"type":"Polygon","coordinates":[[[-60.89751206424276,14.471361657618296],[-60.89520600955785,14.472113632663294],[-60.89560977479703,14.473256719204333],[-60.89715130925642,14.475103968631128],[-60.895216957896295,14.477641213633158],[-60.89102396010539,14.478449430264892],[-60.889119535141205,14.486243253975616],[-60.887740034432674,14.489346354576421],[-60.88337335617257,14.491337060924236],[-60.88154419342205,14.494060957628792],[-60.88056286495618,14.494653913241276],[-60.87558747511075,14.496844503000862],[-60.874050660818405,14.498010714294713],[-60.87295950349706,14.50009811885752],[-60.87325625652355,14.503017671393618],[-60.870372070735904,14.50473007044877],[-60.870044495809125,14.507560371576242],[-60.86854994850204,14.509072095655492],[-60.86684551427546,14.510270605724667],[-60.86519531215106,14.51284203175479],[-60.864536278691716,14.51526823850269],[-60.86666838103368,14.515785529647212],[-60.86679881767434,14.516934751414817],[-60.865455757497465,14.517946771099282],[-60.865195968496344,14.522208532535673],[-60.86644654797283,14.525087970009787],[-60.8682281878621,14.525888512888407],[-60.868519910862496,14.528453801838495],[-60.86950421620448,14.530377501098272],[-60.87201694906193,14.532526529985425],[-60.87521205993421,14.532971189953445],[-60.877111650224094,14.533184494202878],[-60.879146802326034,14.532995998713286],[-60.88169845483368,14.53496863420819],[-60.88274866512815,14.535442135410548],[-60.88387980911474,14.53813293493342],[-60.882618822602744,14.539820787756323],[-60.8841524248494,14.54175890718752],[-60.88627160426276,14.543658015264652],[-60.88862818342166,14.544213317253323],[-60.889804612836954,14.544882661970966],[-60.89102297687665,14.547682210663988],[-60.89233748954437,14.546512115551705],[-60.89505911414771,14.545947443204671],[-60.89558596999606,14.545269493607735],[-60.895305219917226,14.543079752956613],[-60.89651951629408,14.542495177953336],[-60.89534276534474,14.541074953130352],[-60.89492811837166,14.537939272116212],[-60.899492492498986,14.537415486140754],[-60.901961718918606,14.537730391930236],[-60.90567804581019,14.536485922513826],[-60.90798975619413,14.53515565506735],[-60.910059817639514,14.534809065967051],[-60.918803364631664,14.537486663525916],[-60.920669761809485,14.537939695822946],[-60.925199199473525,14.53787955978852],[-60.926478720243104,14.5295963943098],[-60.92111434573559,14.527994613111233],[-60.92119066810506,14.52280570707084],[-60.923852892581415,14.524098005706728],[-60.92446220940739,14.525701936853066],[-60.92672245147927,14.526437622047075],[-60.92742639444789,14.524360055315528],[-60.929066502829535,14.52126150928925],[-60.929448545116315,14.518284676120834],[-60.92575580568779,14.517389970716819],[-60.9242461889811,14.516243451290919],[-60.92441372484547,14.51558527788598],[-60.92480776323161,14.509036478499535],[-60.92448318698577,14.506740171701654],[-60.92221180585661,14.505927581659257],[-60.9199486814727,14.50363669458281],[-60.919131621518744,14.501813901170422],[-60.915457915805774,14.495474079608067],[-60.91413510492309,14.49185389439988],[-60.91326518003673,14.487958957623935],[-60.91229460936177,14.485431002924038],[-60.91192996066078,14.477023961928875],[-60.910333646291726,14.472789808092259],[-60.91094469642991,14.469727397018525],[-60.90893443083292,14.4698947798054],[-60.90829759496269,14.468479449341059],[-60.91076254038816,14.46604669073079],[-60.911426073019754,14.464909874323569],[-60.912212346022855,14.462194197521443],[-60.91137876779651,14.460496098744775],[-60.90911956775256,14.459625719305361],[-60.90746979554888,14.45745137340524],[-60.90352222614467,14.457841860622272],[-60.901640778972585,14.459214880951858],[-60.900095121548496,14.46156228147864],[-60.89904215101455,14.465554153604575],[-60.90088373788233,14.46882546553219],[-60.89882462434441,14.470933320185953],[-60.89751206424276,14.471361657618296]]]},"properties":{"CLE":"Rivière-Pilote"}},
{"type":"Feature","geometry":{"type":"Polygon","coordinates":[[[4.31674596,47.45364299],[4.31907697,47.454647],[4.32131536,47.45442787],[4.32478798,47.45722103],[4.32788093,47.46121438],[4.32914566,47.46510681],[4.33057564,47.46707736],[4.33454511,47.46446481],[4.33557353,47.46216192],[4.33682793,47.46115089],[4.34059267,47.4623791],[4.342721,47.462478],[4.3416022,47.46465352],[4.34405479,47.4669193],[4.34454665,47.46868326],[4.34378074,47.47024621],[4.34406518,47.4721088],[4.34176807,47.47272931],[4.34117736,47.47574681],[4.33958969,47.4760539],[4.33687317,47.47466066],[4.33593985,47.47247032],[4.33454063,47.47209374],[4.33137089,47.47457749],[4.3314409,47.47551264],[4.33433817,47.47548308],[4.33846372,47.47656246],[4.33797709,47.47749941],[4.34299314,47.47817623],[4.34738136,47.47919231],[4.34862251,47.47775331],[4.35713004,47.48173176],[4.35984669,47.48150552],[4.36535129,47.48206539],[4.36661125,47.4865965],[4.36745968,47.48658565],[4.36974948,47.48958015],[4.36972367,47.49159739],[4.36758304,47.49521761],[4.36901549,47.49815295],[4.37053208,47.49969335],[4.3691211,47.50094577],[4.37000501,47.50148132],[4.36923189,47.503858],[4.37065551,47.50603618],[4.36846486,47.50752949],[4.3692303,47.51020193],[4.36619996,47.51073491],[4.36493604,47.51267805],[4.36776447,47.51607706],[4.36609558,47.51958272],[4.36591205,47.52118567],[4.36629082,47.52455676],[4.36684482,47.52591995],[4.36668453,47.53036194],[4.36153561,47.53154771],[4.35949129,47.53120831],[4.35732455,47.53388425],[4.34783687,47.52715239],[4.34976082,47.52614999],[4.35345695,47.52261504],[4.35409587,47.5195453],[4.35086497,47.51732092],[4.34948304,47.51559452],[4.3462908,47.51348975],[4.34425275,47.51088823],[4.34288739,47.50973819],[4.33944713,47.50595481],[4.33843523,47.5065022],[4.33410001,47.50201996],[4.33388384,47.50026067],[4.33138353,47.49844367],[4.32836077,47.49723587],[4.3236166,47.49747542],[4.32258577,47.49636428],[4.32042276,47.49626971],[4.31922643,47.49380324],[4.3172628,47.49186364],[4.3176809,47.49117083],[4.31572197,47.4899187],[4.31144367,47.4879728],[4.30862084,47.48323059],[4.31189663,47.47857362],[4.31145923,47.47403854],[4.31204221,47.47311412],[4.30928446,47.47065026],[4.31048833,47.47000966],[4.31139563,47.46811972],[4.31281434,47.46741239],[4.31179725,47.46596763],[4.31430297,47.46484938],[4.31401926,47.46426018],[4.31632858,47.46247536],[4.31429676,47.46125401],[4.31210391,47.45901034],[4.31371485,47.45655524],[4.31280232,47.4548311],[4.31674596,47.45364299]]]},"properties":{"CLE":"Semur-en-Auxois"}},
{"type":"Feature","geometry":{"type":"Polygon","coordinates":[[[4.87672679,44.7574466],[4.87873919,44.76091217],[4.88046459,44.76247437],[4.88123082,44.76478617],[4.88072238,44.76712942],[4.88567476,44.77734938],[4.88524549,44.78002651],[4.88685211,44.78174916],[4.89013207,44.79146197],[4.89040675,44.79577528],[4.88999303,44.79782925],[4.89056883,44.79920317],[4.89005798,44.80189731],[4.89065858,44.80238653],[4.88914604,44.80426318],[4.88709885,44.80561026],[4.88551542,44.80790287],[4.88344924,44.80919168],[4.88371823,44.81073646],[4.88025238,44.81085678],[4.8775243,44.8113278],[4.87445184,44.81362086],[4.87191609,44.81485767],[4.87059077,44.81632095],[4.86912569,44.8196251],[4.86754306,44.82138906],[4.86518789,44.82330801],[4.86224367,44.82450688],[4.86152898,44.82551239],[4.85631926,44.80898268],[4.85088979,44.80989348],[4.85126997,44.80777017],[4.85045106,44.80662021],[4.84374098,44.80830914],[4.84163288,44.81008118],[4.83903868,44.81127614],[4.83604095,44.81171737],[4.83462665,44.81252706],[4.83184682,44.81302689],[4.82850575,44.81072408],[4.82262974,44.81007811],[4.82094303,44.8103333],[4.81898784,44.81174108],[4.81586437,44.81013217],[4.80588398,44.8074799],[4.80264886,44.80679569],[4.79695856,44.80487602],[4.79715792,44.80405734],[4.79605477,44.80239496],[4.79728312,44.79976814],[4.79561273,44.79377673],[4.79303717,44.79189826],[4.78981995,44.79090885],[4.78755045,44.78958978],[4.78660715,44.78696648],[4.78270201,44.78305254],[4.77779495,44.7830439],[4.77521739,44.78240908],[4.77009676,44.78031328],[4.76838912,44.77910518],[4.76560581,44.77814995],[4.76308652,44.77570421],[4.7599639,44.77198582],[4.76151808,44.77095109],[4.76870748,44.77131883],[4.77319254,44.77127616],[4.77922459,44.77233965],[4.78121236,44.77212861],[4.78444049,44.77074776],[4.78822927,44.7700039],[4.79591375,44.76780722],[4.79996606,44.76716748],[4.80418422,44.76613999],[4.80859051,44.76720582],[4.81220237,44.76980676],[4.81328919,44.77015983],[4.82023991,44.77011046],[4.82360348,44.76949205],[4.82884292,44.76808587],[4.83203649,44.76680342],[4.83751519,44.76584305],[4.83939856,44.76582315],[4.84246535,44.7652271],[4.84491144,44.7640346],[4.84795823,44.76169561],[4.85144062,44.76060959],[4.85292716,44.76059672],[4.85809937,44.76139473],[4.86258671,44.76089739],[4.8668131,44.75968805],[4.87672679,44.7574466]]]},"properties":{"CLE":"Val de Drôme Livron sur Drôme"}},
{"type":"Feature","geometry":{"type":"Polygon","coordinates":[[[5.66154425,44.72060313],[5.66164826,44.72257249],[5.66307719,44.72538712],[5.67071342,44.72407059],[5.68527897,44.7235083],[5.68730294,44.72387141],[5.69060161,44.72269608],[5.69889101,44.7220639],[5.69961554,44.72432973],[5.69981901,44.72875492],[5.70291758,44.72885075],[5.704190759641929,44.72954059385649],[5.70722523,44.72438399],[5.70874877,44.72083585],[5.71519531,44.71934156],[5.71732734,44.71574225],[5.71994027,44.71345727],[5.72339713,44.71189834],[5.7255792,44.71321254],[5.72676702,44.71307744],[5.72936407,44.7137604],[5.73216746,44.71288104],[5.73474473,44.71305683],[5.73665004,44.71398841],[5.73908411,44.71274424],[5.74209118,44.71061193],[5.74156949,44.70765093],[5.74333096,44.70637666],[5.74635083,44.70245593],[5.74611929,44.70119204],[5.75021848,44.6999615],[5.7554365,44.69712244],[5.75706297,44.69596418],[5.76136864,44.69614635],[5.76390118,44.69793488],[5.76560594,44.69809823],[5.76757803,44.69893355],[5.77133985,44.69690368],[5.77300154,44.69732103],[5.77467816,44.69893755],[5.77713666,44.69969276],[5.77783886,44.70082281],[5.78054127,44.70057802],[5.78192068,44.70098432],[5.78423656,44.70055286],[5.78800795,44.70219673],[5.79037288,44.70266791],[5.7958537,44.70444183],[5.79817038,44.70633273],[5.80102171,44.70686292],[5.80118005,44.70863846],[5.802715,44.71038276],[5.80640217,44.71217781],[5.81070785,44.71275268],[5.81109062,44.71587571],[5.81068803,44.71714975],[5.813365,44.72052981],[5.81479892,44.72180142],[5.81592976,44.72490858],[5.81715321,44.73043573],[5.81676241,44.73104592],[5.82328887,44.73666476],[5.82854609,44.74137732],[5.82923375,44.74377564],[5.82682468,44.74692249],[5.82630956,44.74891793],[5.82508145,44.74990068],[5.82600944,44.7518693],[5.82403527,44.7552276],[5.82439837,44.75620147],[5.82697249,44.75890071],[5.82711246,44.75990667],[5.82605183,44.76182108],[5.82467857,44.76186331],[5.82528814,44.76426601],[5.826805860846909,44.76606152733277],[5.82791476,44.76942162],[5.83014715,44.77220575],[5.82894126,44.77671793],[5.829207824762648,44.779030252408695],[5.82906293,44.77697428],[5.83028306,44.77238065],[5.83091184,44.77235477],[5.83315732,44.77227134],[5.83502406,44.77275548],[5.84003592,44.77565675],[5.84111182,44.77750997],[5.83999065,44.77987059],[5.84059561,44.78155949],[5.84194096,44.78237454],[5.84594283,44.78297536],[5.8485598,44.78607055],[5.85136334,44.78659098],[5.85378667,44.78581573],[5.86160768,44.78930742],[5.86463543,44.79101887],[5.8664374,44.79270833],[5.86779235,44.796349],[5.86855883,44.79694828],[5.86873193,44.79914951],[5.86933632,44.8007765],[5.8690206,44.80312092],[5.86963825,44.80463469],[5.86981748,44.80899147],[5.87032148,44.81061999],[5.87206321,44.81186293],[5.87354104,44.81213897],[5.87459569,44.81318517],[5.8787341,44.81537732],[5.88246458,44.81556771],[5.88895345,44.81778783],[5.89100294,44.81969043],[5.88862184,44.822655],[5.88612884,44.82303766],[5.88373681,44.82193048],[5.88203469,44.82267493],[5.88009567,44.8256043],[5.87842372,44.82585123],[5.87599611,44.82726505],[5.87276245,44.82711723],[5.87030739,44.82926868],[5.86730263,44.82849052],[5.86616616,44.82877873],[5.86312969,44.83284301],[5.85992352,44.83385457],[5.85633224,44.83414477],[5.85534512,44.83506786],[5.85564578,44.83753954],[5.85744764,44.84025545],[5.85403703,44.84159489],[5.8519719,44.84191278],[5.85067937,44.84296017],[5.85021963,44.84541879],[5.84955105,44.84653562],[5.84939157,44.84884058],[5.84736088,44.84970354],[5.84268376,44.85096114],[5.83954004,44.85127372],[5.83963678,44.85359471],[5.83836375,44.85706419],[5.83394455,44.85810445],[5.8326624,44.85909017],[5.83224107,44.86101772],[5.83072512,44.86171974],[5.82687109,44.86065084],[5.82390334,44.86343878],[5.82260499,44.86374541],[5.82069511,44.86529138],[5.81760161,44.86601672],[5.81706838,44.8680456],[5.81581199,44.86930263],[5.81276832,44.86993801],[5.8124925,44.87175051],[5.81039407,44.8723607],[5.80932222,44.8739047],[5.805340668665976,44.8760477567155],[5.80097521,44.87736908],[5.7993061,44.87872056],[5.79376416,44.88133388],[5.78958596,44.88070912],[5.78556287,44.88044771],[5.7842353,44.8794875],[5.7813403,44.87514818],[5.77881467,44.87465485],[5.7755625,44.8749691],[5.77482819,44.87306603],[5.76281387,44.87231374],[5.76126172,44.87018356],[5.75681358,44.86925783],[5.75569541,44.86867651],[5.75282924,44.86866772],[5.74710859,44.86674544],[5.74108323,44.86718728],[5.7375699,44.86851271],[5.73495593,44.8681231],[5.73406186,44.86611122],[5.73268373,44.86519788],[5.7280594,44.86656278],[5.72349632,44.86506958],[5.720414803797802,44.86572938627856],[5.71478428,44.86695575],[5.71318577,44.86840092],[5.711544439567474,44.868355502392795],[5.70839564,44.86867042],[5.70565418,44.87003066],[5.70247441,44.86892087],[5.69975015,44.86980939],[5.69827578,44.87192777],[5.69448945,44.87356428],[5.69426118,44.87518813],[5.68765649,44.87574317],[5.68634304,44.87709077],[5.68609861,44.8789539],[5.68503377,44.87979314],[5.68284284,44.88045716],[5.67861102,44.8844753],[5.67886028,44.87998948],[5.67942871,44.87690897],[5.678686183217305,44.87489174324144],[5.67931006,44.87721821],[5.6789525,44.87820013],[5.67847015,44.88461149],[5.67731843,44.8868053],[5.67701875,44.88834894],[5.67849861,44.89170924],[5.67740895,44.89274205],[5.67865761,44.89540057],[5.67712091,44.89603607],[5.6770696,44.89754274],[5.67804001,44.89937027],[5.67725224,44.90167791],[5.67813606,44.90313997],[5.67644945,44.90507506],[5.67656991,44.90623671],[5.6777967,44.90721034],[5.67870981,44.91002687],[5.67851752,44.91082914],[5.67585441,44.9117233],[5.67553376,44.91270089],[5.6773361,44.91486883],[5.67401621,44.91573237],[5.67372643,44.91721749],[5.67544422,44.91819646],[5.67776013,44.91883479],[5.67871264,44.92014412],[5.678109457509362,44.92087132932004],[5.67709076,44.92207469],[5.67849437,44.92515265],[5.68085797,44.92630939],[5.68237633,44.92846575],[5.68461627,44.92988792],[5.68455681,44.93133986],[5.68557384,44.9326248],[5.6856372794734344,44.933826576484336],[5.68587239,44.93375269],[5.68717561,44.93598743],[5.68649785,44.93745189],[5.68697491,44.93967815],[5.68509365,44.94162564],[5.68580761,44.94418743],[5.68791044,44.94574044],[5.68999533,44.9479377],[5.68959513,44.95011717],[5.69057415,44.95148867],[5.69347556,44.95250632],[5.6949175,44.9538927],[5.6943896,44.95599645],[5.69502164,44.95894496],[5.69376223,44.95972485],[5.69001836,44.9606117],[5.68638751,44.96214578],[5.68333965,44.96236515],[5.68320991,44.96316961],[5.68549642,44.96519771],[5.68567707,44.9659645],[5.6842559,44.96903202],[5.6859912,44.97100621],[5.68527222,44.97295481],[5.68348336,44.97360465],[5.68078681,44.97316853],[5.6762933,44.97520061],[5.67391028,44.97555027],[5.671493257669607,44.975319443551435],[5.67384274,44.97560027],[5.67673173,44.97519906],[5.67892348,44.97434306],[5.67936097,44.97518692],[5.68184788,44.97689208],[5.68275046,44.97834227],[5.68349993,44.98156352],[5.68456738,44.98431394],[5.68651195,44.98595373],[5.688127,44.98836973],[5.68983938,44.99240497],[5.69106491,44.99722972],[5.69376493,45.00101689],[5.69212654,45.00345843],[5.68924353,45.00515238],[5.68590846,45.00645357],[5.68255684,45.00472723],[5.67669168,45.00617613],[5.67304511,45.00819504],[5.67256368,45.01014569],[5.66855994,45.00857756],[5.66728113,45.01042875],[5.6674714,45.0117621],[5.66601241,45.01193868],[5.66254283,45.01404948],[5.65873056,45.01517584],[5.65910607,45.01666126],[5.65545508,45.01740924],[5.65150834,45.01662642],[5.64863907,45.0130149],[5.64806443,45.01084907],[5.64672312,45.00883553],[5.64628506,45.0059888],[5.64293876,44.99827762],[5.64067128,44.99575928],[5.64021915,44.99405978],[5.64064821,44.99183407],[5.64217617,44.99045675],[5.64197191,44.984915],[5.63959028,44.98279593],[5.63928252,44.98059069],[5.63733354,44.97756919],[5.63527815,44.97670632],[5.63530328,44.9749929],[5.63247123,44.97356148],[5.63249921,44.97169881],[5.63141791,44.97151756],[5.62996541,44.96994091],[5.630449663075638,44.96869932278962],[5.62859399,44.96689084],[5.625751446342875,44.96689081537793],[5.62464192,44.96674655],[5.62348744,44.96550638],[5.62121336,44.9646932],[5.61759697,44.96390204],[5.61553029,44.96454957],[5.612278220874363,44.96367736385158],[5.60713489,44.96254514],[5.6050721,44.96141049],[5.60253158,44.96123019],[5.60021049,44.962084],[5.59907653,44.96180846],[5.59841941,44.96050362],[5.59376069,44.95901376],[5.59224924,44.95966537],[5.58791596,44.96063762],[5.58314804,44.95884781],[5.58152422,44.95738481],[5.57920607,44.95669569],[5.57503888,44.95602162],[5.57241039,44.95627435],[5.57125015,44.95699349],[5.5690399,44.96160816],[5.56780748,44.96019069],[5.565939521842284,44.95944318380678],[5.56780704,44.96025853],[5.56899817,44.96167497],[5.56470886183142,44.96186200636776],[5.56917519,44.96177214],[5.57126543,44.96100747],[5.57479679,44.96157489],[5.57918808,44.96473281],[5.58149685,44.96688316],[5.58358194,44.96800412],[5.58645743,44.97077125],[5.58960303,44.97264316],[5.59202116,44.97467536],[5.59572317,44.97637667],[5.59959011,44.98019976],[5.60222633,44.98195478],[5.60350175,44.98464246],[5.59533322,44.99088038],[5.57615817,45.00028248],[5.57495614,45.00159177],[5.57317909,45.00148893],[5.57209076,45.00266061],[5.56899417,45.0035912],[5.56733284,45.00457589],[5.56399596,45.00494372],[5.55918414,45.00325569],[5.55373371,45.00246188],[5.55313881,45.00078771],[5.55008406,44.99930345],[5.55030043,44.99855655],[5.54875294,44.99640522],[5.54726513,44.9960241],[5.54414718,44.99420683],[5.54346994,44.99261495],[5.54145999,44.99143656],[5.5389473,44.99103424],[5.536745,44.98923245],[5.5353307,44.98616978],[5.53411907,44.98585841],[5.53463067,44.98434434],[5.53343327,44.98113565],[5.53157229,44.97893684],[5.52981247,44.97820785],[5.52993887,44.97688093],[5.52849375,44.9763851],[5.52827864,44.97378659],[5.52678926,44.97237191],[5.52948674,44.96995311],[5.5291583,44.96946071],[5.530678481078081,44.96768224869638],[5.51518843,44.97004998],[5.50705423,44.97103477],[5.49860861,44.97322342],[5.489713,44.97307963],[5.48894851,44.99000662],[5.47814397,44.96713154],[5.4802675,44.94977499],[5.48113962,44.94335548],[5.48371353,44.92308533],[5.5158585267973566,44.92848245018018],[5.48344618,44.9229007],[5.47586535,44.88811788],[5.46996462,44.87943737],[5.47486769,44.86729876],[5.47401802,44.86590798],[5.47063681,44.85506253],[5.4662083,44.84132841],[5.46585163,44.83992087],[5.46348025,44.82639394],[5.46820702,44.82512318],[5.47003722,44.82405457],[5.47256064,44.823819],[5.47621591,44.82410236],[5.47999246,44.82294337],[5.48448106,44.82391114],[5.51209071,44.84180802],[5.51643773,44.84470869],[5.518269600360038,44.84628169823269],[5.51683964,44.84494648],[5.48476047,44.82341765],[5.48455261,44.82260413],[5.48240762,44.82158871],[5.48022736,44.81919911],[5.47795541,44.81585697],[5.47569912,44.81466178],[5.47570442,44.81207944],[5.47432722,44.8087769],[5.4755676,44.80868391],[5.47481224,44.80695563],[5.47140452,44.80518922],[5.47029915,44.80556569],[5.46760585,44.80482704],[5.46578045,44.80316594],[5.46327123,44.80266567],[5.46058366,44.80110192],[5.45867268,44.79924948],[5.46202018,44.79572539],[5.46303223,44.79343652],[5.46475377,44.79186715],[5.46951596,44.79262967],[5.4805506,44.79281954],[5.48047665,44.79164553],[5.47707423,44.78959509],[5.47728227,44.78792954],[5.47900562,44.7875698],[5.48265461,44.78598197],[5.49606868,44.78226194],[5.50561358,44.78146369],[5.51175237,44.77898805],[5.51494131,44.77856408],[5.51733089,44.77862782],[5.52003172,44.77715106],[5.52497505,44.77685019],[5.52712158,44.77617829],[5.53305272,44.77520895],[5.53530776,44.77615039],[5.54561605,44.77180419],[5.5555733,44.76748348],[5.55650469,44.76887369],[5.55775702,44.76946534],[5.55526021,44.77200775],[5.55292124,44.77590899],[5.55454999,44.7778603],[5.55399185,44.77959411],[5.5558074,44.78048493],[5.55193866,44.78388995],[5.54999036,44.784563],[5.54946087,44.78384573],[5.54455465,44.78904402],[5.54477545,44.79166356],[5.54597168,44.79415001],[5.5449895,44.79442406],[5.54519554,44.79599048],[5.55080319,44.79515348],[5.55239527,44.79446206],[5.55286146,44.79324526],[5.55734287,44.79000614],[5.56104338,44.78960831],[5.56393544,44.78752503],[5.56416748,44.78665004],[5.56688143,44.78426751],[5.56973385,44.78372931],[5.57214266,44.78277949],[5.57348306,44.78171201],[5.57876883,44.77975594],[5.57994909,44.77974199],[5.581915424911014,44.77818419971388],[5.58211989,44.77619491],[5.58086915,44.77396369],[5.58216045,44.77317054],[5.58206541,44.77108166],[5.58315663,44.76906476],[5.5828113,44.7668048],[5.58417137,44.76510743],[5.58597493,44.76364724],[5.58838942,44.76235074],[5.5917868,44.76205521],[5.59422216,44.76272002],[5.60059163,44.75924595],[5.60233223,44.75731215],[5.60476699,44.75578186],[5.60705473,44.7551028],[5.613603,44.75446396],[5.61967564,44.75344719],[5.61836886,44.75758034],[5.61625055,44.75784081],[5.61657363,44.76068989],[5.61368645,44.76253856],[5.614437313521348,44.76321889293445],[5.61748821,44.76153639],[5.6173316,44.75858978],[5.6194751,44.7583486],[5.62098178,44.75442628],[5.6233324,44.75367747],[5.625248906433997,44.753873005604646],[5.62589674,44.75308028],[5.62589576,44.75064111],[5.6274774,44.7497882],[5.62864238,44.74541663],[5.63067785,44.74032003],[5.63287894,44.73804392],[5.63482107,44.73553098],[5.63536533,44.73277257],[5.63843938,44.73330975],[5.64391769,44.73186544],[5.643933310311895,44.731870973187384],[5.6450736,44.72974446],[5.64580307,44.72703193],[5.64708525,44.72446687],[5.65047372,44.72410521],[5.65262441,44.72294229],[5.65421522,44.72299677],[5.65698628,44.72203427],[5.65901697,44.7221519],[5.65928881,44.72136455],[5.66154425,44.72060313]]]},"properties":{"CLE":"Le Trièves"}},
{"type":"Feature","geometry":{"type":"Polygon","coordinates":[[[3.9005158352180453,46.88655785538321],[3.900835920661141,46.88623555610374],[3.900991094160386,46.886364949697395],[3.9017849900501558,46.88725836307886],[3.90232181,46.88823359],[3.9050727733333983,46.889921120718675],[3.9060441235159162,46.88929808281009],[3.906346916921748,46.88927824228767],[3.906694915124303,46.8889889506753],[3.9089479793350006,46.88816386866871],[3.9088957057299667,46.88792521608172],[3.911360977288569,46.88861043942954],[3.9113645483970894,46.88837192628751],[3.9116127652548744,46.88832831526458],[3.912178131739985,46.88813991644311],[3.91424464,46.88846551],[3.914637832717795,46.88969612681046],[3.914658941440572,46.89004896867966],[3.917133935008448,46.89064049520185],[3.91723037932161,46.88999448308726],[3.9179329621036536,46.889829987116215],[3.9180690498486563,46.88995213803561],[3.918963746559324,46.889664578455076],[3.919099819891372,46.88945056587964],[3.9191209767886774,46.88941296654197],[3.919222253253871,46.88899992236756],[3.92135201,46.88970991],[3.9218867113984386,46.891115286486404],[3.9218318275947177,46.891249501189364],[3.9219949421457194,46.89159471324012],[3.9219121450255185,46.89178891580806],[3.92330752,46.89216305],[3.9238265,46.89328767],[3.9253475257757398,46.893842237626316],[3.9254290259534987,46.89386956717725],[3.92464952,46.89627707],[3.92372612,46.89748835],[3.92281572,46.90006565],[3.9226149150271934,46.90196095977731],[3.92243562,46.90385499],[3.92452414,46.90494794],[3.92504462,46.90618248],[3.92655001,46.90628969],[3.92675552,46.90783335],[3.9311592,46.91106909],[3.9324859801304615,46.91168860243112],[3.933087038025284,46.91144475197533],[3.93579105368879,46.913125211008555],[3.9393797021503594,46.91483003427321],[3.939385308636555,46.914832535097865],[3.940481672459285,46.91460781551617],[3.9404643619932647,46.91568775431597],[3.9428398552129527,46.91569765742744],[3.943845872545215,46.91569498758412],[3.944412187960709,46.915771851376896],[3.9455924105994775,46.9161350170903],[3.947001314817558,46.91654771971028],[3.947330596761067,46.916024430501935],[3.95067826351562,46.91561478547158],[3.9532935920104624,46.915146605996966],[3.9539445854922173,46.915108324678556],[3.9543357935704018,46.91504766568819],[3.954384516171414,46.91504154012754],[3.954451541047186,46.915034185054324],[3.95768832,46.91397838],[3.9589921673024975,46.9138568824381],[3.9595755623572644,46.91383257856212],[3.9602000232086887,46.914021072760164],[3.96098403,46.91437009],[3.9613404228260487,46.91436530364483],[3.96197907,46.91455808],[3.96436493,46.91439299],[3.96623482,46.91379772],[3.968434140259906,46.914133374032616],[3.97389022,46.91498118],[3.97949472,46.91483868],[3.98140996,46.91404945],[3.98489284,46.91055054],[3.988296623000179,46.91082114115939],[3.989567802069556,46.910923576526876],[3.9905272,46.90849797],[3.991240844096829,46.90809906949923],[3.9928951181139705,46.908679606451116],[3.993191279073437,46.908654716641664],[3.9936399785723733,46.90862875131122],[3.997673962984799,46.90842027106139],[3.997707822183372,46.90875283347301],[3.99857004550507,46.90878740649978],[4.00069085165774,46.909478767594734],[4.003880514704326,46.908788618350876],[4.008772427165332,46.911939349814304],[4.008924026256442,46.91198168201598],[4.009322211508634,46.91205226457473],[4.009726661302467,46.91199288630094],[4.01065906,46.9145601],[4.010429154151754,46.91638183000252],[4.010550684820797,46.91645682797017],[4.01143635,46.91831512],[4.011452508053446,46.92028605998046],[4.011680700633772,46.92088789179941],[4.011684864724185,46.92096563835065],[4.0119919579787355,46.92184242972361],[4.01198335,46.92428264],[4.01302487,46.92451165],[4.0145081,46.92602043],[4.01699069,46.92779365],[4.01681488,46.92988025],[4.01771281,46.93113977],[4.01692903,46.93228124],[4.01476574,46.93204062],[4.01153465,46.93365855],[4.01056455,46.93532683],[4.01117444,46.93683528],[4.00963131,46.9385644],[4.00667793,46.94042584],[4.00429334,46.94085651],[4.00500255,46.9425155],[4.00340676,46.94355138],[4.00393739,46.94656094],[4.00348353,46.94766711],[4.00460897,46.95035255],[4.00195372,46.95155728],[4.00184969,46.95274135],[4.00057982,46.95353709],[3.99766687,46.95786456],[3.99482991,46.95715621],[3.99364095,46.95588309],[3.99189355,46.95638688],[3.99161661,46.95764923],[3.98836838,46.96101893],[3.98534842,46.96079239],[3.98468868,46.96329516],[3.98612926,46.96406684],[3.98425134,46.96507092],[3.98508415,46.96649871],[3.98503612,46.9679334],[3.9827023,46.97068995],[3.98273678,46.97189153],[3.98448941,46.97403281],[3.98645467,46.97440311],[3.98806102,46.97534507],[3.98757911,46.97626483],[3.9895322,46.97781824],[3.98985131,46.97897884],[3.98809419,46.98028195],[3.98444579,46.98116376],[3.98255701,46.97999878],[3.98132618,46.98019132],[3.9787671,46.97774188],[3.97620278,46.97691262],[3.97419916,46.9756561],[3.9737914,46.9780759],[3.97198123,46.97854137],[3.96979574,46.97745549],[3.96707721,46.97796823],[3.96602058,46.97900869],[3.96434374,46.97913626],[3.96544401,46.98404889],[3.9650344,46.98464442],[3.9602688,46.9857943],[3.95610875,46.98412293],[3.95204172,46.9801519],[3.94931552,46.97879971],[3.94847719,46.97709672],[3.94546689,46.97580881],[3.94299406,46.97546781],[3.94018634,46.97461319],[3.93909939,46.97332104],[3.93392308,46.97264642],[3.93160706,46.9720716],[3.92917077,46.97083383],[3.92644905,46.96888346],[3.92382337,46.96823111],[3.92308086,46.96657561],[3.92108836,46.96616124],[3.9206171,46.96542828],[3.91802367,46.96419027],[3.91673387,46.96174268],[3.91702617,46.95913421],[3.91619496,46.95822275],[3.91235633,46.95571385],[3.91684063,46.95369944],[3.91797753,46.95363556],[3.91999487,46.952462],[3.92242434,46.949816],[3.92167646,46.94923148],[3.92226033,46.94752413],[3.91977701,46.94673602],[3.92033536,46.94505662],[3.91744584,46.93801804],[3.91662465,46.93482539],[3.916544,46.93113638],[3.91560511,46.92951409],[3.91624518,46.92846442],[3.91633917,46.92497374],[3.91761145,46.92200933],[3.91313261,46.91823297],[3.9104851,46.91708832],[3.90644259,46.91365519],[3.9046810192019317,46.91352681646663],[3.90476881,46.91525822],[3.90329083,46.91722166],[3.89944925,46.92071067],[3.8967922,46.92001825],[3.89641536,46.92057692],[3.88837107,46.91949901],[3.88596775,46.91695519],[3.88487047,46.91529892],[3.88117736,46.91665498],[3.87816248,46.91646946],[3.87484117,46.91819309],[3.87234108,46.92010076],[3.86833091,46.91734912],[3.8635786,46.91598891],[3.86122175,46.91609074],[3.8597952,46.91351855],[3.85729531,46.91251466],[3.85653418,46.91328136],[3.85292159,46.91128744],[3.85292127,46.91250075],[3.85027928,46.91140584],[3.84893066,46.91254571],[3.84641325,46.9134298],[3.84664091,46.91406418],[3.84169452,46.91542799],[3.84225405,46.91779262],[3.84047331,46.91861257],[3.83405265,46.91844141],[3.83131495,46.91806429],[3.82812571,46.92103196],[3.8258012300756885,46.922087842323315],[3.82654735,46.92321463],[3.82402035,46.92427558],[3.81622944,46.91951788],[3.81267392,46.92250166],[3.80994312,46.92283477],[3.80222099,46.9281829],[3.79992361,46.92779792],[3.7984340294945,46.93032190108447],[3.79932594,46.92886229],[3.80476587,46.93061543],[3.80605221,46.931237],[3.80856777,46.93473834],[3.80982899,46.93579737],[3.81218082,46.93536898],[3.81478109,46.93407881],[3.81879603,46.93581245],[3.82079469,46.93729678],[3.82184139,46.93738585],[3.82339995,46.93535728],[3.82696699,46.93315312],[3.8277446,46.93200024],[3.8292282,46.93215399],[3.82988097,46.93359418],[3.83502323,46.93465977],[3.83544449,46.93628231],[3.83737177,46.93676788],[3.83794027,46.93753693],[3.83693184,46.93912447],[3.83524472,46.93847283],[3.83474244,46.94045034],[3.83380364,46.94132774],[3.83374086,46.94361711],[3.8314529,46.94384298],[3.83331058,46.94680144],[3.83349448,46.94823194],[3.8275654,46.94867289],[3.82772069,46.95040839],[3.82870464,46.95248548],[3.83057552,46.95364011],[3.83067801,46.95626233],[3.83286655,46.95828137],[3.83729217,46.96043621],[3.83882511,46.96053952],[3.84080499,46.96183797],[3.84290205,46.96395644],[3.8427376,46.96532823],[3.84393581,46.96625588],[3.84386697,46.96778626],[3.84502675,46.9702047],[3.84753859,46.96984475],[3.85393274,46.97032091],[3.85605858,46.96914507],[3.86010712,46.96776624],[3.8612849,46.96688578],[3.86363428,46.96753622],[3.86428265,46.96978489],[3.86284886,46.9705326],[3.86414207,46.97232967],[3.86615653,46.97281428],[3.86578962,46.97643349],[3.86426586,46.97779201],[3.86456795,46.97925838],[3.86688101,46.98165158],[3.86580305,46.98346362],[3.86844117,46.98596896],[3.86938453,46.98512448],[3.87293765,46.98550464],[3.87218739,46.987313],[3.87393213,46.98785768],[3.8737852332312497,46.98963443877282],[3.8736101,46.99310358],[3.87475427,46.99503608],[3.87452798,46.99669812],[3.87131332,46.99889239],[3.86821494,46.99998478],[3.86701642,47.00175136],[3.86740005,47.00258566],[3.86741413,47.00574935],[3.8655758,47.00686181],[3.86806301,47.00890044],[3.87160033,47.01039958],[3.87029942,47.01137435],[3.87128202,47.01256121],[3.87306734,47.01333485],[3.87324871,47.01542553],[3.87202016,47.0171777],[3.86956534,47.01800945],[3.86756735,47.02123787],[3.86861582,47.0248337],[3.86645924,47.02754449],[3.86664216,47.02902272],[3.86245606,47.03270952],[3.85963346,47.0330096],[3.86245403,47.03428863],[3.85872748,47.03577016],[3.86090148,47.03713696],[3.86078713,47.03840699],[3.85957327,47.03975868],[3.85760279,47.0409097],[3.8548045,47.04152649],[3.85312934,47.0410144],[3.84996401,47.04135269],[3.84766292,47.03945882],[3.8441528,47.03857352],[3.8434952,47.03793248],[3.84004187,47.03752889],[3.83599522,47.0357349],[3.83384686,47.03596553],[3.83190387,47.03783306],[3.82968715,47.03848143],[3.82864071,47.03949034],[3.82109375,47.04090417],[3.82054334,47.03918008],[3.8191686,47.03819078],[3.81854257,47.03676326],[3.81564067,47.03570559],[3.81307748,47.032795],[3.81056836,47.03296769],[3.80978149,47.03062151],[3.80870619,47.02941039],[3.80995691,47.02795435],[3.81015475,47.02583509],[3.80933867,47.0247474],[3.80933759,47.02283077],[3.8085904462279268,47.022036296520284],[3.80929766,47.02288066],[3.80907545,47.02464138],[3.80988772,47.02581734],[3.80968426,47.02792295],[3.8088749,47.02805026],[3.80856606,47.03031454],[3.80957679,47.03055596],[3.81064472,47.03340455],[3.81387878,47.03753651],[3.81642057,47.03915338],[3.81405572,47.04071989],[3.81282636,47.04002049],[3.81109712,47.04006047],[3.81230228,47.04256602],[3.80912371,47.04267558],[3.81031818,47.04724371],[3.80719516,47.04843552],[3.80654172,47.04968188],[3.80835083,47.05014319],[3.80832101,47.05101964],[3.80616162,47.05192727],[3.80179095,47.05225895],[3.79872165,47.0536765],[3.79811384,47.05457828],[3.79445462,47.05490413],[3.7934155,47.05412903],[3.79069537,47.05531123],[3.78854026,47.0546767],[3.78404159,47.05430035],[3.78090757,47.05458934],[3.7779168,47.05581664],[3.77115378,47.05617387],[3.76786986,47.05665294],[3.76714361,47.05805702],[3.76966873,47.05877745],[3.77117826,47.06156473],[3.76990761,47.06305358],[3.76706305,47.06384546],[3.75962153,47.06228216],[3.76050508,47.0655985],[3.76106167,47.07018496],[3.75875688,47.06970015],[3.75718861,47.06760845],[3.75668961,47.06585359],[3.7536384,47.06405399],[3.75149092,47.06220126],[3.74948815,47.06171573],[3.7496368,47.06008647],[3.7479670100735403,47.060162192245464],[3.74735644,47.06179347],[3.74898702,47.06337358],[3.74598777,47.06545561],[3.74449206,47.06793792],[3.74136658,47.0705026],[3.73606711,47.07103896],[3.73292319,47.07032966],[3.73346182,47.0677261],[3.72864993,47.06635522],[3.72482624,47.06611024],[3.72278797,47.06704011],[3.72243482,47.06854564],[3.72059922,47.06976052],[3.7158643,47.06886627],[3.7156628,47.06999774],[3.71314067,47.06987629],[3.70551744,47.06793159],[3.70369715,47.06799464],[3.70247177,47.06724417],[3.70199044,47.06308431],[3.69980168,47.06182898],[3.70111341,47.058347],[3.699438241514512,47.05689260311286],[3.69799325,47.05798567],[3.69577668,47.05879118],[3.6950779,47.05993811],[3.69690019,47.06062239],[3.69314603,47.06465921],[3.69373404,47.06643748],[3.69223456,47.06765403],[3.69452005,47.06893601],[3.69306977,47.07025212],[3.69104693,47.07036192],[3.68782754,47.07112446],[3.6776681,47.06888516],[3.67363206,47.06828076],[3.6674691,47.06570064],[3.6646442,47.06534121],[3.66175715,47.06612208],[3.66008749,47.06454728],[3.65759711,47.06309607],[3.65373323,47.06307433],[3.6521478,47.06462631],[3.64743778,47.06321259],[3.64442704,47.06363152],[3.6445057,47.06548418],[3.64285054,47.06483893],[3.64189318,47.06620558],[3.64105125,47.06859564],[3.63948625,47.070247],[3.63797811,47.07392965],[3.63592269,47.07564542],[3.63712642,47.07792846],[3.63333604,47.07754369],[3.63290468,47.07630861],[3.63385419,47.07400438],[3.62789406,47.0746559],[3.62579047,47.07458961],[3.61789411,47.07170219],[3.61386396,47.07070502],[3.61138042,47.06536391],[3.61011757,47.06543379],[3.60548616,47.06048067],[3.60670821,47.05624245],[3.61098719,47.05519071],[3.61642074,47.05520542],[3.61985028,47.05478615],[3.62346291,47.05326276],[3.62357741,47.05197644],[3.62607962,47.04994963],[3.63001189,47.04972793],[3.63607669,47.05029109],[3.63737024,47.05084605],[3.6393939,47.04485426],[3.64015466,47.0434084],[3.64255516,47.04374324],[3.64518908,47.0434716],[3.64823119,47.04261165],[3.65203346,47.04089253],[3.65536618,47.041393],[3.66021216,47.04154836],[3.6600448,47.04032356],[3.65637145,47.03767322],[3.65601096,47.03691213],[3.65717853,47.0351334],[3.66090252,47.03363763],[3.66143058,47.03273371],[3.67093995,47.03594392],[3.67238652,47.03543941],[3.67484364,47.0337631],[3.67722784,47.03548162],[3.6799063,47.03906382],[3.68230582,47.04040003],[3.68548536,47.04081725],[3.68803701,47.04276703],[3.6875707,47.04444853],[3.6973889,47.04166337],[3.70165751,47.03998536],[3.702187437327585,47.04231159057939],[3.70186388099639,47.040559227096026],[3.70175816,47.0398758],[3.69841813,47.03511268],[3.69822819,47.03225824],[3.6966657,47.02933734],[3.6966828,47.02794843],[3.70006691,47.02640796],[3.70298616,47.02614137],[3.7059272,47.02395831],[3.70504832,47.02280788],[3.70492345,47.02110973],[3.70651189,47.02028249],[3.7052138,47.01932892],[3.70156909,47.01987703],[3.69542515,47.02258973],[3.69383537,47.02160943],[3.6904069,47.02170976],[3.69086266,47.02061452],[3.68931862,47.01971033],[3.68562761,47.01902201],[3.68407968,47.02004437],[3.68117744,47.01981384],[3.68012606,47.02032757],[3.67438681,47.01957342],[3.67505784,47.01712932],[3.67469463,47.01307349],[3.67654809,47.00926822],[3.67865228,47.00594322],[3.68010789,47.0046166],[3.682862,47.00378335],[3.68202635,47.00259304],[3.68417382,47.00229735],[3.68769082,46.99918862],[3.68692104,46.99827572],[3.68911058,46.99542253],[3.69063771,46.99637716],[3.69356835,46.99638218],[3.6967453,46.99509883],[3.69644137,46.99374578],[3.69427973,46.99099267],[3.69439478,46.98944999],[3.69342564,46.98770395],[3.69098546,46.98587687],[3.6883539016426994,46.98525057013215],[3.68505426,46.98427724],[3.68363791,46.98307004],[3.68143457,46.97950191],[3.68110016,46.97797846],[3.68212878,46.9751433],[3.68402344,46.97377098],[3.69004852,46.97229773],[3.6867406,46.96741462],[3.6888934,46.96590346],[3.68836064,46.96418231],[3.68862877,46.96194956],[3.69235309,46.95839289],[3.69490532,46.95670165],[3.69572146,46.95485499],[3.6951603,46.95200757],[3.69708043,46.94552911],[3.70350926,46.94857849],[3.70677921,46.94992511],[3.70929075,46.95005717],[3.71119446,46.95189133],[3.71613235,46.95262745],[3.72161545,46.95241022],[3.72171403,46.95130411],[3.72504275,46.95158332],[3.72835235,46.95222777],[3.7313393,46.951206],[3.73361612,46.95114409],[3.73565692,46.94983596],[3.73687509,46.94680305],[3.73717657,46.94495144],[3.74064944,46.94335682],[3.74227353,46.94186505],[3.7417765444859636,46.940967733026056],[3.74139882,46.93941539],[3.74230878,46.93877259],[3.74144765,46.93635094],[3.74204338,46.93582298],[3.7412073,46.93418946],[3.73767341,46.93424427],[3.73486522,46.9351581],[3.73097487,46.92953051],[3.72799454,46.92481318],[3.72878647,46.92316171],[3.72756469,46.92259813],[3.72916224,46.92076616],[3.72691442,46.91990752],[3.7279003,46.91907905],[3.72789297,46.91769437],[3.72957284,46.91713522],[3.72888184,46.91593081],[3.72973689,46.91298918],[3.72775728,46.91082048],[3.72986458,46.91019119],[3.7330251,46.91010999],[3.73455737,46.9093745],[3.73460745,46.90755645],[3.73603223,46.90504954],[3.73830499,46.90575758],[3.74199071,46.90620913],[3.74655429,46.9058537],[3.75289902,46.90386349],[3.75570342,46.90335143],[3.75642765,46.90189234],[3.75825193,46.9001169],[3.76154685,46.89962236],[3.76387261,46.89974049],[3.7659315,46.89936026],[3.76695929,46.89746041],[3.76702391,46.89580043],[3.76838715,46.89354554],[3.77028384,46.89263165],[3.77018985,46.89189673],[3.77183809,46.89082735],[3.77349944,46.88898783],[3.77573989,46.88902039],[3.77787826,46.88756108],[3.77924912,46.88774216],[3.78357612,46.88625512],[3.78583529,46.88495186],[3.78662269,46.8821552],[3.78922623,46.87909767],[3.79177542,46.87717398],[3.7929398,46.87680986],[3.79631372,46.87405434],[3.79733633,46.8722195],[3.80324425,46.86924577],[3.80736533,46.86934093],[3.8088624128174344,46.87130874417244],[3.8089326610260517,46.871353052665185],[3.81108091,46.87189389],[3.81226522,46.87402062],[3.81399401,46.87533438],[3.81423298,46.87766505],[3.81359699,46.87953242],[3.8139728182635344,46.88051051772593],[3.82144327,46.87825007],[3.82425373,46.87684172],[3.83144907135307,46.875709604640356],[3.8322557244502415,46.87560053420214],[3.83324190985758,46.877411745373806],[3.83501518,46.88058234],[3.835186,46.88203663],[3.8372854495512914,46.88190996568544],[3.8373396961997885,46.88170893553995],[3.839609433277049,46.88248661789924],[3.839909956568969,46.882069473809466],[3.84064599461479,46.88175166840424],[3.8408142487291648,46.88167613774697],[3.842972500175569,46.88160502751773],[3.843718321226125,46.880574894372714],[3.844345174125844,46.88102347373603],[3.8446199201193143,46.88104909100476],[3.8447871431088037,46.881081319559144],[3.8453917838011407,46.88109668992983],[3.8456819007967176,46.88103371284878],[3.845824072764445,46.88103000401484],[3.8459390798001767,46.88146019199879],[3.84725587,46.88184978],[3.850825194434927,46.88099790302227],[3.8509760736262844,46.8809506769191],[3.8510466569657744,46.88092711767099],[3.8513181445059717,46.880813537612894],[3.8516876717443567,46.88060666031675],[3.8526523786557414,46.879930625080426],[3.8530092649552135,46.87993426064438],[3.85311513989816,46.87994261104522],[3.8543777239387884,46.879943041853736],[3.856674732942638,46.87920058250468],[3.8568464574937003,46.87911758468702],[3.8571553937993865,46.878978547631924],[3.8575326453459677,46.878808765242795],[3.8580038331464213,46.878666023447586],[3.8580301503600665,46.8786429110796],[3.8592365993229794,46.878008388241355],[3.8592840341655648,46.87800016358848],[3.8595965652437485,46.87800453222979],[3.8598147448384172,46.87818197131999],[3.862642307448248,46.87854314739269],[3.8626938437458183,46.878560815207145],[3.8640714363982958,46.87888127158162],[3.8654676943331454,46.87965972791569],[3.8667214230885834,46.878691917302774],[3.8668204490510933,46.87860433043352],[3.867324552277612,46.878205572465724],[3.867588438969636,46.87797521597994],[3.8678768620508106,46.877722264555814],[3.869678979114007,46.87744929387034],[3.8697997097359313,46.87776109917448],[3.8703277199616726,46.878689453706826],[3.8706181602550056,46.879567417050296],[3.870959334426693,46.879973144815594],[3.8713469559851625,46.8822632949625],[3.8713498700866147,46.88226794935814],[3.87627788,46.88564057],[3.87695535,46.88647128],[3.877931588929154,46.88695173021403],[3.8813282744251953,46.88862338888778],[3.88184353,46.89006132],[3.8846562345974496,46.892192759646235],[3.8861244372937134,46.89246852288567],[3.8882730582920226,46.89462543886451],[3.89054088,46.8959889],[3.892565816549413,46.893841138211],[3.893225943642481,46.89323588247486],[3.8932224549985928,46.89227660213705],[3.8952505484476907,46.89082483465414],[3.895475455980493,46.89075485028296],[3.897911943979375,46.889120088899936],[3.898773974788328,46.88856108835692],[3.8997935962548804,46.88744189180417],[3.899903246911966,46.887235356277365],[3.9002727550479865,46.88679231291317],[3.9003100287530943,46.88675648006362],[3.9005158352180453,46.88655785538321]]]},"properties":{"CLE":"Bassin de Vie de Moulins Engilbert"}},
{"type":"Feature","geometry":{"type":"Polygon","coordinates":[[[0.343767551061375,46.56832183079409],[0.344798511886747,46.57086074966188],[0.346438171475429,46.57318943343848],[0.346372955932209,46.57458078481335],[0.345354855687647,46.57622212654393],[0.343576002048693,46.57663763824518],[0.338633033759664,46.57544258143053],[0.330325088540901,46.572483188072084],[0.328959432857712,46.57480822009968],[0.331251033005703,46.57779246970911],[0.329087838464944,46.578688015819544],[0.331925221269568,46.58301658336612],[0.330228558165138,46.584040600742966],[0.326207855369644,46.58821502572974],[0.327223989732899,46.58945053138484],[0.326205559954035,46.59158633255331],[0.322698048831401,46.59426488753465],[0.31852648350099,46.59375553615197],[0.317215317277104,46.59397348626696],[0.316131274161181,46.592686745303574],[0.313939787261785,46.58844590979786],[0.315128731180775,46.57814793009879],[0.315146987970923,46.57600317727895],[0.314291624780468,46.573823512690204],[0.310426983106645,46.57181552190852],[0.306030357226346,46.5690533799805],[0.303145063835678,46.569070118234855],[0.305559997598518,46.5662042727475],[0.306618070370201,46.562402787021405],[0.30967804771012,46.562597297861814],[0.316891373268268,46.56574252167676],[0.323695993344665,46.570016521467856],[0.324663349572034,46.56939225168078],[0.320896367676237,46.56669946648248],[0.319390025177478,46.5652704110774],[0.318744382754986,46.563792128998244],[0.320718194830392,46.56187922407566],[0.322800355821575,46.55906155788644],[0.32459997691788,46.55858739963844],[0.326627372537545,46.55887353733827],[0.32906084851423,46.56197153985519],[0.330386176405338,46.56292639474048],[0.333363153573763,46.56252370426485],[0.33542985136751,46.560809581028415],[0.337213151276681,46.56138895997663],[0.343793814636845,46.56371408690509],[0.344417185110058,46.565743075710756],[0.349981233768861,46.56344850403282],[0.351975417687264,46.563993789591684],[0.353058549181951,46.566970344257],[0.349577961072565,46.56840518283394],[0.345095994694151,46.56891304450843],[0.343767551061375,46.56832183079409]]]},"properties":{"CLE":"Poitiers"}},
{"type":"Feature","geometry":{"type":"Polygon","coordinates":[[[5.39282608,43.91237528],[5.39502617,43.91561903],[5.39638701,43.91912742],[5.39753225,43.92128638],[5.39869749,43.92515776],[5.39893844,43.9280232],[5.39883537,43.93132289],[5.40011193,43.93276029],[5.40116139,43.93491621],[5.40462663,43.93773352],[5.40587776,43.93773119],[5.40692977,43.93874714],[5.41148217,43.9443212],[5.41556916,43.94977017],[5.41734089,43.95082361],[5.41907159,43.95113718],[5.42150257,43.95435858],[5.42349118,43.95792228],[5.4243786,43.96087605],[5.42588606,43.96246503],[5.42644,43.96652126],[5.42949834,43.96959788],[5.43197838,43.97355978],[5.43497963,43.98024008],[5.43533352,43.98310045],[5.43639555,43.98629936],[5.438392,43.99936689],[5.43863557,44.00410209],[5.43853964,44.01005981],[5.43937097,44.01432694],[5.43781631,44.01554476],[5.43616954,44.01498681],[5.43041426,44.01396374],[5.42596059,44.01342889],[5.42434479,44.01361202],[5.41827351,44.01297449],[5.40802033,44.00832333],[5.40085447,44.00705146],[5.40001596,44.00652611],[5.39004565,44.00511597],[5.3864097,44.00277013],[5.38391589,44.00156045],[5.3820272,44.00144944],[5.37333803,43.99928688],[5.36881335,43.99654181],[5.36695424,43.99595206],[5.36343645,43.9959996],[5.36127158,43.995295],[5.35956813,43.99568148],[5.35710129,43.99336486],[5.35508048,43.99039273],[5.35233938,43.98706819],[5.34810385,43.98350774],[5.34583941,43.98120069],[5.34177373,43.97499504],[5.33783257,43.9733334],[5.3329521,43.97046798],[5.32925495,43.96626361],[5.32382004,43.96298106],[5.32656647,43.95837077],[5.32459056,43.95721291],[5.3216664,43.95701388],[5.31910658,43.95638261],[5.31643787,43.95513109],[5.31407183,43.95288334],[5.30986112,43.94946196],[5.30490174,43.94813415],[5.30316793,43.94650489],[5.29917351,43.94368523],[5.29706954,43.94177718],[5.29532865,43.94121567],[5.29467859,43.94019961],[5.29290364,43.93942729],[5.29327994,43.93787811],[5.29273749,43.93549523],[5.28704686,43.93418118],[5.28292975,43.93461366],[5.28061463,43.93582831],[5.27567243,43.93270639],[5.2741259,43.93217328],[5.27387618,43.92766145],[5.27968395,43.92632305],[5.28242069,43.92737096],[5.28564364,43.92800267],[5.28768549,43.92889348],[5.28919647,43.92886236],[5.29575998,43.93006953],[5.3034625,43.93093519],[5.3087209,43.92643673],[5.31236915,43.92415742],[5.31492828,43.92330803],[5.32768096,43.92113015],[5.3300608,43.91915015],[5.33196933,43.91818305],[5.335298155657129,43.9149893462366],[5.33107995,43.90942492],[5.33365832,43.90820652],[5.33092535,43.90574036],[5.3295746,43.90401039],[5.33050817,43.90085452],[5.32993945,43.90006023],[5.33056301,43.896928],[5.33190457,43.89583958],[5.33160477,43.89491639],[5.32782803,43.8954431],[5.32795036,43.89468764],[5.32181846,43.8963125],[5.31997493,43.89372158],[5.31166164,43.88563491],[5.31093818,43.88393495],[5.31189195,43.88091644],[5.31554886,43.87499075],[5.31688458,43.86925506],[5.319065542471902,43.86770958714356],[5.31795789,43.86583522],[5.3144526,43.86653346],[5.30979541,43.86523829],[5.30634624,43.86314567],[5.30654548,43.86253915],[5.30908675,43.86264691],[5.31279591,43.86201295],[5.31615413,43.8596246],[5.31808676,43.85922703],[5.32416353,43.85862085],[5.32596767,43.85959543],[5.32582183,43.86153834],[5.33159365,43.8636778],[5.33282526,43.86527888],[5.33638672,43.86538571],[5.33950822,43.86697297],[5.34104053,43.86539237],[5.34389071,43.86445283],[5.34497838,43.86347891],[5.3442657,43.86045845],[5.34522875,43.85981546],[5.34570321,43.85807657],[5.34552556,43.85527772],[5.34666677,43.85465186],[5.34701221,43.85261549],[5.350271,43.85176115],[5.3513323,43.8499951],[5.35176397,43.84827494],[5.3530188,43.8471811],[5.35493881,43.84430225],[5.3577661,43.84178675],[5.35913317,43.84470381],[5.35897032,43.84590852],[5.36154515,43.84654433],[5.36783204,43.84541544],[5.37134913,43.84494784],[5.37158509,43.84694627],[5.36957277,43.84865235],[5.37493656,43.84845395],[5.3763643,43.84786366],[5.37808559,43.84608079],[5.37895935,43.84621164],[5.38172859,43.84788216],[5.38458482,43.84321021],[5.39623882,43.84568502],[5.40426396,43.8457325],[5.40673387,43.84757709],[5.41040163,43.8491771],[5.40900711,43.85366337],[5.41120386,43.85777897],[5.41008239,43.86037061],[5.41289192,43.86837023],[5.41520828,43.87062953],[5.41616075,43.87254788],[5.42049468,43.87461275],[5.42282616,43.87858233],[5.42289737,43.88109047],[5.42970903,43.88188297],[5.43274533,43.88445931],[5.43626015,43.88552346],[5.43919979,43.88850652],[5.44166542,43.88988369],[5.44380184,43.89535214],[5.44532561,43.89655008],[5.44598562,43.89835377],[5.44715917,43.89916076],[5.45250953,43.89567582],[5.45372443,43.89904256],[5.45521608,43.90122052],[5.45660358,43.90400217],[5.45538489,43.905405],[5.45361318,43.90584856],[5.45325882,43.90751582],[5.45205477,43.90894701],[5.45065786,43.90902942],[5.44577313,43.91182126],[5.44331406,43.91355984],[5.44294491,43.91469492],[5.44070169,43.91592583],[5.43997911,43.91787653],[5.43743833,43.92092874],[5.4334353,43.9201107],[5.43238939,43.91739452],[5.42540524,43.9124778],[5.41927856,43.9073364],[5.41674762,43.90636244],[5.41121136,43.90297155],[5.40819076,43.90014113],[5.40377337,43.90271717],[5.39560516,43.90669963],[5.3942874,43.90653441],[5.39409408,43.90913978],[5.39519123,43.91100566],[5.39282608,43.91237528]]]},"properties":{"CLE":"Pays d’Apt Luberon"}},
{"type":"Feature","geometry":{"type":"Polygon","coordinates":[[[2.354240671682569,48.90157839893178],[2.355411836635783,48.89979920517763],[2.355988399434392,48.89727652491952],[2.356985741810953,48.895040518012564],[2.359611075739355,48.895163653085966],[2.363450714508512,48.89318487295624],[2.366377299787433,48.89232763693159],[2.369680568250097,48.89506359476947],[2.371505319950436,48.89564143280791],[2.369993204337125,48.89669001757853],[2.370187400486791,48.9013791440254],[2.364054856781199,48.90109961646354],[2.362173887516168,48.90163052434173],[2.354240671682569,48.90157839893178]]]},"properties":{"CLE":"Paris 18 - Chapelle Nord"}},
{"type":"Feature","geometry":{"type":"Polygon","coordinates":[[[-1.661412862031317,48.091460264571694],[-1.660903346153696,48.089133199553956],[-1.660883066720328,48.0826437808761],[-1.658084504915501,48.082359868808936],[-1.657638357381398,48.08114310280684],[-1.653339117507316,48.08175148580789],[-1.65305520544016,48.080696955272735],[-1.650824467769646,48.07984521907127],[-1.645379439910255,48.07998717510487],[-1.643392055440161,48.08165008864107],[-1.640917964569227,48.08160952977433],[-1.640147346101231,48.08278573690969],[-1.638170101347821,48.08281615605976],[-1.63782535098056,48.08440809157917],[-1.635290421809521,48.08418501781212],[-1.635351260109626,48.086436034916],[-1.633708626006793,48.087064697350414],[-1.630991181935439,48.086943020750205],[-1.628294017297454,48.08846397825283],[-1.626752780361462,48.09164784929166],[-1.626915015828409,48.09282405642702],[-1.625961882460099,48.095115632397686],[-1.625921323593362,48.097893914769145],[-1.624603160424422,48.099942137539344],[-1.627645075429669,48.101128484391374],[-1.630666711001547,48.10165574965895],[-1.632877169238693,48.10348089866209],[-1.635472936709837,48.10303475112799],[-1.636000201977413,48.102183014926524],[-1.634499523908158,48.10068233685727],[-1.633850582040372,48.099262776521485],[-1.636284114044569,48.09901942332107],[-1.636020481410781,48.096748126783815],[-1.637723953813719,48.09447683024656],[-1.635574333876678,48.09399012384573],[-1.635688405689376,48.09203315852571],[-1.633305572268599,48.091820224475356],[-1.634623735437539,48.08996972618049],[-1.638274033443835,48.08800262114376],[-1.640788683181506,48.088256114060854],[-1.642918023685178,48.08736381899265],[-1.644621496088116,48.087668010493175],[-1.644945967022009,48.09048685173137],[-1.645594908889795,48.09127774963274],[-1.661412862031317,48.091460264571694]]]},"properties":{"CLE":"Rennes Le Blosne"}},
{"type":"Feature","geometry":{"type":"Polygon","coordinates":[[[3.61057888,47.40367622],[3.61187836,47.40589745],[3.61616689,47.40582989],[3.61816721,47.4071192],[3.62458995,47.41055355],[3.62786899,47.41492512],[3.63067089,47.41434417],[3.63521734,47.41680352],[3.63770312,47.41672789],[3.63948631,47.41889403],[3.63942915,47.4198502],[3.64106938,47.42230382],[3.64311269,47.4243212],[3.6439086,47.42570214],[3.64891967,47.43039065],[3.6511342,47.43190622],[3.65342873,47.43277953],[3.65356638,47.43355817],[3.65623054,47.43622097],[3.66242771,47.4409228],[3.66823058,47.44252406],[3.67071837,47.44385134],[3.67341223,47.44477795],[3.67772914,47.44688011],[3.6748453,47.44930052],[3.67425842,47.45026733],[3.67136142,47.44872185],[3.66981793,47.44695408],[3.66721448,47.44608745],[3.66466629,47.4484063],[3.66147154,47.45042189],[3.66200335,47.44867426],[3.65969706,47.44776337],[3.65581921,47.4488885],[3.65205916,47.44942418],[3.65057066,47.45014431],[3.64224407,47.45221944],[3.63798404,47.45289416],[3.63508763,47.45501478],[3.63389194,47.45628402],[3.63102975,47.45586287],[3.6289608326492613,47.45511370370333],[3.62471007,47.45540481],[3.61986366,47.45600586],[3.6173606,47.45675769],[3.61632658,47.45947432],[3.61778295,47.46276467],[3.61816568,47.46495211],[3.61638977,47.4660244],[3.61155806,47.46681928],[3.60860182,47.46685898],[3.60558972,47.46624409],[3.60252239,47.46599913],[3.60086116,47.46535056],[3.60126573,47.46243777],[3.59792994,47.46141845],[3.59613085,47.46002939],[3.59542074,47.45674945],[3.59308403,47.4569262],[3.5870972,47.45610621],[3.58891485,47.45879395],[3.58845789,47.46244586],[3.58493391,47.46195311],[3.580054586143539,47.460570945475055],[3.58308752,47.46143251],[3.58282596,47.46401281],[3.5806264,47.46461676],[3.57950099,47.46631123],[3.57994675,47.47015816],[3.57886445,47.47289357],[3.57956404,47.47440521],[3.58011558,47.47844947],[3.57612397,47.48202225],[3.57104357,47.47943761],[3.56776897,47.47802195],[3.56097887,47.47432662],[3.55773589,47.47419537],[3.5545205,47.47630376],[3.55308226,47.47769105],[3.54793591,47.4744015],[3.54527189,47.4731414],[3.5464346784274685,47.46984646950247],[3.54522008,47.47317792],[3.54790072,47.4744139],[3.55309215,47.47780001],[3.55442445,47.47652918],[3.5577136,47.47436219],[3.56089667,47.47442604],[3.56799376,47.47829668],[3.57161635,47.47985537],[3.57608124,47.48211113],[3.5757710783136902,47.483150773274],[3.57560902,47.48688879],[3.57722746,47.48853632],[3.57827521,47.49248493],[3.58091681,47.4947254],[3.57998593,47.49567569],[3.58052683,47.49768689],[3.57332775,47.49865639],[3.57074332,47.49939894],[3.56303546,47.50010177],[3.56008066,47.50107821],[3.55783284,47.50136418],[3.55649651,47.50236284],[3.55494773,47.50168546],[3.55257993,47.50191033],[3.55093766,47.50699575],[3.54551879,47.50985482],[3.5413461,47.51464926],[3.53818056,47.51653682],[3.525996,47.52128333],[3.5238819,47.52041671],[3.52313125,47.51889672],[3.51934144,47.5168142],[3.51786695,47.51464945],[3.52056332,47.51410481],[3.52191695,47.5133923],[3.52260479,47.51186684],[3.52144455,47.51023759],[3.52073156,47.50750146],[3.52031424,47.50308579],[3.5184596502684813,47.502856301687224],[3.52035987,47.50381653],[3.52050752,47.50913484],[3.52218269,47.51222169],[3.5214845,47.51338163],[3.51792738,47.51424915],[3.51771396,47.51506898],[3.51907546,47.516928],[3.52263404,47.51866887],[3.52294422,47.51992277],[3.52555591,47.52163845],[3.52148148,47.52227282],[3.51341843,47.52737323],[3.51193201,47.54160019],[3.50935584,47.54611173],[3.50977953,47.54885644],[3.51098244,47.55044743],[3.51000962,47.55243176],[3.50885571,47.5527631],[3.50689706,47.55495784],[3.50495441,47.55623062],[3.50504285,47.55741394],[3.50202296,47.55917228],[3.49892476,47.56028403],[3.4968104,47.56043707],[3.49467608,47.55992847],[3.4919823,47.56029758],[3.49019711,47.55800575],[3.49022513,47.55494187],[3.49266516,47.55439519],[3.49177642,47.55244651],[3.49235889,47.55079605],[3.49426187,47.5493193],[3.493483,47.54730238],[3.49323458,47.54207829],[3.49427394,47.53948089],[3.49289427,47.53636956],[3.49200859,47.53207907],[3.49520547,47.52662711],[3.49512325,47.52215309],[3.49412005,47.51792277],[3.49106961,47.51565652],[3.49163868,47.50900365],[3.49215128,47.50801148],[3.49061749,47.50310101],[3.49176144,47.50150225],[3.49224147,47.49904157],[3.49116014,47.49851295],[3.48813877,47.49364947],[3.4904559125146757,47.492944492529006],[3.488075701024571,47.49352678064185],[3.48388312,47.49307536],[3.47903802,47.49412221],[3.47754856,47.49499754],[3.46497244,47.5001931],[3.46151212,47.50173625],[3.4572917926698588,47.50053515278333],[3.45572547,47.50242939],[3.45274133,47.50032363],[3.45018155,47.49976473],[3.44896249,47.50036049],[3.44941429,47.50305278],[3.44892099,47.50443879],[3.4493488,47.50604251],[3.44909303,47.50811137],[3.44660472,47.51169848],[3.44468535,47.51035178],[3.44256669,47.50769219],[3.44175207,47.50761607],[3.43899893,47.50892362],[3.43723996,47.50813286],[3.43413417,47.507421],[3.43172495,47.50747829],[3.42998892,47.50638056],[3.42752528,47.50620563],[3.42621989,47.50752097],[3.4226949,47.50777073],[3.41138994,47.50779328],[3.40560199,47.50859005],[3.39964106,47.50844834],[3.39767823,47.50874662],[3.39033985,47.5091306],[3.39247084,47.50373045],[3.39243319,47.50059006],[3.39126845,47.49762332],[3.38614861,47.49366587],[3.38431096,47.4917436],[3.38007056,47.48627211],[3.37622392,47.48493388],[3.37413082,47.48545121],[3.37003855,47.48827678],[3.36844487,47.48645835],[3.36562725,47.48643842],[3.36261375,47.48549582],[3.36083116,47.48403011],[3.35886773,47.48156348],[3.35939641,47.4812539],[3.35532013,47.47877507],[3.3497937,47.47957234],[3.34554167,47.47865659],[3.34506791,47.47709133],[3.34664201,47.47100639],[3.34653909,47.46936009],[3.34474682,47.46720965],[3.35159109,47.46591255],[3.35257265,47.46202349],[3.348683,47.46214682],[3.33647861,47.4621767],[3.33673489,47.4614523],[3.3413442,47.45928699],[3.34590431,47.4563427],[3.35059986,47.45514779],[3.35183099,47.45591509],[3.35614411,47.45675319],[3.35758016,47.45775997],[3.36128204,47.45910908],[3.36353939,47.46194124],[3.36488455,47.46162773],[3.3670455,47.46385133],[3.36858063,47.46476863],[3.3714008256435344,47.465222685290584],[3.36860106,47.46463309],[3.36711248,47.46376479],[3.36486683,47.46146233],[3.3630886,47.45810345],[3.36129875,47.45710045],[3.35889555,47.4551335],[3.3557615,47.45360136],[3.36036609,47.45175676],[3.36295123,47.44987921],[3.36787054,47.44779945],[3.36936598,47.44664535],[3.37419712,47.4444068],[3.3762266,47.44373223],[3.38019204,47.4430613],[3.38394147,47.4445534],[3.3864478,47.44322398],[3.38932115,47.44309981],[3.39376329,47.44246751],[3.39438705,47.44145565],[3.39718961,47.44174868],[3.40086343,47.44115212],[3.40279744,47.44135816],[3.4057257,47.44065268],[3.41070075,47.43834729],[3.41273476,47.43797002],[3.41408923,47.43964417],[3.41527308,47.4401122],[3.42228586,47.43721299],[3.42658118,47.43864583],[3.42769497,47.43803825],[3.43029314,47.43817298],[3.43510537,47.43543279],[3.4353409776905677,47.43555083049703],[3.43350277,47.43377259],[3.43174101,47.43045866],[3.43288121,47.43014448],[3.43309968,47.42740003],[3.43270619,47.42534273],[3.43147167,47.42427652],[3.42747975,47.42238885],[3.42805366,47.42133989],[3.43560688,47.41893684],[3.43520039,47.41733914],[3.43579144,47.41664485],[3.43554557,47.41459114],[3.43487797,47.41387473],[3.43202319,47.41351295],[3.43279708,47.41207487],[3.43459652,47.41266014],[3.43498051,47.4100372],[3.43991414,47.41011452],[3.44627316,47.40859099],[3.44908289,47.40941881],[3.45549623,47.40886572],[3.45646029,47.40942647],[3.46013001,47.40982953],[3.46399372,47.41167888],[3.46483672,47.4132652],[3.46664295,47.41223991],[3.46907316,47.41152843],[3.47137687,47.41200199],[3.47427757,47.41035235],[3.4772293369482026,47.409675028768966],[3.4762968,47.40853989],[3.4778827,47.40650745],[3.478618,47.40345027],[3.48174403,47.40239815],[3.48336036,47.4004016],[3.48454428,47.39600568],[3.48572702,47.39425162],[3.48599743,47.39246328],[3.48688373,47.39172832],[3.48387867,47.38860818],[3.48317197,47.38707471],[3.48000247,47.38485475],[3.48168891,47.38218572],[3.48096416,47.3810908],[3.48232167,47.38015227],[3.48584817,47.3801754],[3.48863222,47.3779309],[3.49497892,47.37935215],[3.4978906,47.38130852],[3.49916562,47.38105071],[3.49968082,47.38406777],[3.50073323,47.38391002],[3.50279309,47.38509141],[3.50687776,47.38583671],[3.50900685,47.38687437],[3.51249591,47.38732743],[3.51492174,47.38700289],[3.51617761,47.38733779],[3.51914924,47.39193902],[3.52660032,47.3933709],[3.5241116288854517,47.39467979775498],[3.52660999,47.39346457],[3.52827341,47.39412922],[3.53138759,47.39632796],[3.53478972,47.39570786],[3.53573308,47.39645854],[3.53567733,47.39841543],[3.53773487,47.39809617],[3.54098957,47.39910138],[3.5480677,47.40262376],[3.55085692,47.40291828],[3.55203561,47.4019454],[3.55422085,47.40127677],[3.55560222,47.40181841],[3.56080244,47.40244881],[3.56230539,47.40231021],[3.56308736,47.40067532],[3.56683443,47.40018323],[3.56791529,47.40035882],[3.5727142,47.4024816],[3.57449039,47.40272571],[3.58033777,47.40217158],[3.58239065,47.40122625],[3.58996935,47.4016306],[3.5920572,47.40299185],[3.59433618,47.40366809],[3.59615475,47.40538496],[3.59682687,47.40737119],[3.59829046,47.40764562],[3.598669,47.40880442],[3.6011506,47.41167234],[3.6016186,47.41507519],[3.603589231160209,47.41717497821273],[3.60692796,47.41483785],[3.60528154,47.41331002],[3.6054315,47.41161656],[3.60752889,47.40908229],[3.61035343,47.41052101],[3.610578,47.40968757],[3.60862649,47.40723515],[3.61057888,47.40367622]]]},"properties":{"CLE":"Vaux d'Yonne"}},
{"type":"Feature","geometry":{"type":"Polygon","coordinates":[[[4.86471066494586,45.7102658487565],[4.86462106205617,45.7117290924131],[4.86112078879372,45.711669732394],[4.86097704284562,45.7122134450486],[4.85767382344573,45.7121174483227],[4.85760304709932,45.7146043740171],[4.85491952152643,45.7143045949625],[4.855866183151861,45.71056552106279],[4.85883568395327,45.7106274572358],[4.85872732188111,45.7086069677767],[4.86090661248128,45.7090308992316],[4.86071980078057,45.7068832109027],[4.85903759780654,45.7068628610762],[4.85911124721562,45.7055376949502],[4.86292683833318,45.7055714857229],[4.86296199420149,45.7080339029542],[4.86197193743763,45.7095704481406],[4.86471066494586,45.7102658487565]]]},"properties":{"CLE":"Saint-Fons : Quartier Arsenal - Carnot Parmentier"}},
{"type":"Feature","geometry":{"type":"Polygon","coordinates":[[[1.01157737,47.26824152],[1.01767119,47.2691157],[1.01949156,47.27053669],[1.02440102,47.2848957],[1.02771471,47.2890845],[1.02667399,47.29007999],[1.03255447,47.29211111],[1.0341712,47.29694342],[1.03192898,47.29732983],[1.02822258,47.29744846],[1.02739836,47.297807],[1.02979428,47.29986837],[1.02942241,47.30143473],[1.03009961,47.30322637],[1.0247023,47.3042031],[1.02503676,47.30533913],[1.02242125,47.30595332],[1.022489,47.30665175],[1.02486612,47.30843086],[1.02646295,47.31100756],[1.02360774,47.31377751],[1.02500112,47.31760735],[1.02600727,47.31905142],[1.02805291,47.32805897],[1.01947952,47.3281389],[1.01653412,47.32799245],[1.0084196,47.32829787],[1.00135242,47.32881571],[0.99810533,47.32934304],[0.99153014,47.3312364],[0.98564768,47.33110316],[0.98014859,47.33075477],[0.9756909,47.33092326],[0.96968315,47.33065781],[0.96528073,47.33087306],[0.96168088,47.33134547],[0.95278436,47.33301362],[0.94681759,47.33396117],[0.94527024,47.3318235],[0.94517112,47.32981788],[0.94734113,47.32740753],[0.94726134,47.32664012],[0.94367448,47.3260466],[0.94502132,47.32535488],[0.94574997,47.3236156],[0.9445913,47.3211967],[0.94229523,47.31943609],[0.94091212,47.31773755],[0.94067407,47.31615847],[0.94319301,47.31277441],[0.93817504,47.31036127],[0.93741607,47.31023044],[0.93822498,47.30741251],[0.93821901,47.30495788],[0.93546528,47.30396741],[0.93730957,47.30244586],[0.93642324,47.30116051],[0.93993488,47.29906952],[0.93941229,47.29858178],[0.94141046,47.29709901],[0.94065443,47.29620576],[0.9427096,47.29512211],[0.94206169,47.2941709],[0.94693183,47.29311312],[0.95030711,47.29405398],[0.95349484,47.2942781],[0.96311944,47.28902771],[0.97068239,47.29409781],[0.97327111,47.29683665],[0.97410481,47.29815212],[0.97786844,47.29603108],[0.97850961,47.29487147],[0.98014717,47.29411724],[0.9849583,47.29304054],[0.98791703,47.29280705],[0.99038808,47.29442085],[0.99023215,47.29170052],[0.99293105,47.28721403],[0.99640134,47.2834072],[1.00452293,47.28212929],[1.00850611,47.28245394],[1.0083327,47.27797909],[1.00898572,47.27561883],[1.00984877,47.27416676],[1.01149945,47.26972157],[1.01157737,47.26824152]]]},"properties":{"CLE":"Bléré Val de Cher"}},
{"type":"Feature","geometry":{"type":"Polygon","coordinates":[[[5.368464464002853,48.47601869783729],[5.36738983,48.47691885],[5.36513555,48.4763074],[5.36294791,48.47660089],[5.36116929,48.47784454],[5.35929329,48.47723689],[5.35781608,48.47759276],[5.35224751,48.48103143],[5.34977457,48.48216949],[5.344949607465351,48.4801463890862],[5.34978581,48.48217881],[5.34799127,48.48305023],[5.34560857,48.487944],[5.34560774,48.48929743],[5.34455404,48.49086875],[5.34184454,48.49254238],[5.34156814,48.49410103],[5.33898306,48.49395433],[5.33777906,48.49572078],[5.33468094,48.49756945],[5.33346781,48.49909906],[5.32974981,48.50256471],[5.32922792,48.50377669],[5.32763334,48.50457284],[5.32922249,48.50675321],[5.32752222,48.50726676],[5.328725,48.50952904],[5.32029427,48.50876531],[5.31670744,48.5082128],[5.31540352,48.50935365],[5.31120262,48.512152],[5.30846644,48.51433254],[5.30553943,48.51606016],[5.30180464,48.51236298],[5.29843072,48.51054944],[5.2961310097191046,48.508498356080395],[5.29320276,48.50910297],[5.28919514642647,48.510903850587674],[5.28846447,48.51155332],[5.28756801,48.5150861],[5.28619571,48.51576102],[5.28162036,48.5147071],[5.27903151,48.51378132],[5.27762282,48.51399094],[5.27073486,48.51417641],[5.26924391,48.51637432],[5.2668975,48.51737792],[5.26400921,48.51987373],[5.25766853,48.52189586],[5.25325492,48.5225106],[5.24829704,48.52411208],[5.24473171,48.52502857],[5.2383185,48.52573818],[5.23580356,48.5270735],[5.23105598,48.52912403],[5.22787614,48.53163391],[5.22680062,48.53207559],[5.22183776,48.52656444],[5.22282863,48.52414031],[5.23030231,48.52023235],[5.22951061,48.51822442],[5.22639876,48.51385291],[5.22427507,48.51156436],[5.2263863,48.51053767],[5.22912511,48.50581794],[5.22983507,48.50357248],[5.23371603,48.50361233],[5.235201854845237,48.50290382205564],[5.23408947,48.50196353],[5.23247111,48.4975797],[5.23210464,48.4935682],[5.23358309,48.49166336],[5.23490686,48.48817029],[5.23690105,48.48769923],[5.23896754,48.48598177],[5.2402261,48.48557105],[5.24147158,48.48315237],[5.24264853,48.48204407],[5.24334694,48.4803726],[5.23911055,48.47652771],[5.237472294139221,48.47462934291552],[5.23383789,48.4748486],[5.23040164,48.47379229],[5.22429887,48.47233796],[5.219311743857171,48.46980835469105],[5.21343728,48.47101733],[5.20792409,48.47517567],[5.20680436,48.47313837],[5.19582595,48.47494745],[5.19348169,48.4768357],[5.18876682,48.47587345],[5.18566203,48.47580645],[5.18424085,48.47635638],[5.18420599,48.47807206],[5.1823871,48.47962912],[5.17875252,48.47896412],[5.17637357,48.4777561],[5.1728316323091486,48.47675710421988],[5.171676068396493,48.47739200448212],[5.16894601,48.47897717],[5.16663199,48.48222205],[5.16591148,48.48667442],[5.16108208,48.48645985],[5.15992601,48.48609283],[5.14999165,48.48557061],[5.14284921,48.48382902],[5.13747295,48.48527068],[5.13405486,48.4856726],[5.133487869411704,48.485379641005025],[5.13311209,48.48632831],[5.13083796,48.48653634],[5.12876211,48.48772485],[5.12936593,48.49126531],[5.12787406,48.49449335],[5.12796114,48.496764],[5.12440822,48.49912293],[5.11996734,48.49709205],[5.1187327,48.49489156],[5.11140107,48.49306848],[5.10827677,48.49258385],[5.10662647,48.49270151],[5.10196823,48.49189474],[5.09927177,48.49080386],[5.09812627,48.49144729],[5.09565551,48.49143539],[5.09372457,48.49065394],[5.09072919,48.49012123],[5.08842647,48.48799925],[5.08486098,48.48664597],[5.08294231,48.48530547],[5.08364679,48.48330763],[5.08340836,48.48186726],[5.08023646,48.48147597],[5.08171311,48.48027111],[5.07991348,48.47948768],[5.08097499,48.47807565],[5.07780916,48.4773217],[5.07888626,48.47546548],[5.07662566,48.47500577],[5.0756452,48.47353669],[5.07312172,48.47186661],[5.06966216,48.47063541],[5.06828638,48.46974263],[5.06566563,48.46899093],[5.06282346,48.46873276],[5.063496349778314,48.46649817773942],[5.06050368,48.46717461],[5.04958937,48.46566495],[5.03452405,48.46482037],[5.02370052,48.46592311],[5.01470065,48.46841703],[5.01252826,48.46554322],[5.01097496,48.46503464],[5.01326952,48.46168948],[5.01264045,48.46047095],[5.01301381,48.4578574],[5.01190809,48.45737885],[5.01359976,48.45468839],[5.01298279,48.45431991],[5.01359357,48.45119637],[5.01351944,48.44910397],[5.01836863,48.44975826],[5.02279954,48.44907447],[5.02409956,48.44932075],[5.02439392,48.44772404],[5.02658306,48.44468182],[5.02759194,48.44403914],[5.03114793,48.44398858],[5.0335379,48.44261935],[5.03517296,48.44087847],[5.03968837,48.43963309],[5.03939212,48.43824544],[5.04511558,48.43814846],[5.0470465,48.43767959],[5.047105716035915,48.43900541659694],[5.0471826852689246,48.43758395204126],[5.045125,48.43807441],[5.03726927,48.43823503],[5.03525885,48.43853978],[5.03329832,48.43814251],[5.02941164,48.43894241],[5.024974,48.44031863],[5.02381251,48.44143636],[5.02194591,48.44175427],[5.02082221,48.44115355],[5.01757995,48.44114123],[5.01488919,48.43905737],[5.01936703,48.43676696],[5.02184814,48.43621714],[5.02431569,48.43616229],[5.02948229,48.43229942],[5.03116862,48.43035063],[5.02811851,48.42945609],[5.02675688,48.42630338],[5.0238828,48.42503846],[5.02688408,48.42486176],[5.02373018,48.42243816],[5.02033589,48.41893748],[5.01784536,48.4180983],[5.01159729,48.4172253],[5.01162922,48.41168822],[5.01124716,48.41072618],[5.01176803,48.40685666],[5.01161287,48.40367824],[5.008410231606637,48.40299661621628],[5.00520711,48.4023013],[5.00326311,48.40073522],[5.00182245,48.40114104],[4.99393737,48.40247805],[4.994211487357311,48.404279224076696],[4.99637074,48.4048566],[4.99549473,48.40697056],[4.99622578,48.40799391],[4.98798837,48.4120078],[4.98790708,48.41078795],[4.97459333,48.40709054],[4.97194827,48.41078308],[4.966382579041484,48.40889501642992],[4.96206237,48.41212894],[4.95679865,48.41574049],[4.95070197,48.41945817],[4.94990051,48.42043031],[4.94758696,48.41949208],[4.94641148,48.42139509],[4.9442342,48.42065678],[4.94204047,48.42259209],[4.94080845,48.42303756],[4.93826831,48.42165435],[4.9380742,48.42426926],[4.93507465,48.42465192],[4.92963191,48.42622634],[4.92528548,48.42799708],[4.92362785,48.42727678],[4.92117388,48.42809893],[4.91844107,48.42735627],[4.91749559,48.42581724],[4.91942614,48.42454045],[4.922409771936479,48.42167850143504],[4.91928187,48.42457734],[4.91745495,48.42579297],[4.91788523,48.42752392],[4.91540584,48.42808916],[4.91342071,48.43019404],[4.91103385,48.43057925],[4.90838443,48.43190075],[4.90600728,48.43243364],[4.90561412,48.4337782],[4.9026288,48.43507482],[4.89891719,48.43872343],[4.897032787688343,48.43694869083834],[4.89886463,48.43877727],[4.89452553,48.44091999],[4.89265474,48.44134715],[4.88596392,48.44368244],[4.88311612,48.44367502],[4.87850171,48.44455149],[4.87458957,48.44633024],[4.8721755,48.44849567],[4.87140405,48.45055291],[4.87046675,48.4514493],[4.86588727,48.44897788],[4.86075264,48.44430138],[4.8612468,48.44161999],[4.85968596,48.43997941],[4.85959623,48.43861767],[4.85844736,48.43546799],[4.85908858,48.43401021],[4.86191999,48.43235734],[4.86450505,48.43166612],[4.86416612,48.43063936],[4.8646081,48.42798593],[4.86609368,48.42638622],[4.86976521,48.42393999],[4.87133905,48.42170556],[4.86960641,48.4200507],[4.86911476,48.41869879],[4.86918681,48.41629663],[4.87137248,48.41672579],[4.871418,48.41438596],[4.87294368,48.41301777],[4.87378676,48.40976425],[4.87596296,48.40828351],[4.8751012,48.40777312],[4.8782266,48.40546668],[4.87800224,48.40485002],[4.88237471,48.40507774],[4.881851367231026,48.40125547345329],[4.87864614,48.39555494],[4.876836588684769,48.393176907661065],[4.87590353,48.39120757],[4.87403963,48.3894661],[4.87077452,48.38741816],[4.86323456,48.38479468],[4.8589710719794486,48.38408008026188],[4.85722542,48.38379568],[4.85270162,48.3840309],[4.84803599,48.38313354],[4.84110806,48.37992435],[4.84142517962862,48.37793934904766],[4.83970097,48.3799516],[4.83789657,48.38019504],[4.83439015,48.38167025],[4.8324633,48.38284511],[4.83264258,48.38388021],[4.83569592,48.38586406],[4.8340478,48.38633764],[4.82913078,48.38864558],[4.82426587,48.38915368],[4.82115824,48.38889919],[4.81617656,48.3897922],[4.81325767,48.39121797],[4.80755791,48.39230814],[4.80547843,48.39296994],[4.80340841,48.3946417],[4.8005623,48.39500614],[4.79797623,48.3961402],[4.79565764,48.39767439],[4.79251913,48.39821656],[4.78956313,48.39942576],[4.78711645,48.39969574],[4.78550895,48.39925337],[4.7822912900983665,48.40045888348331],[4.77696544,48.40184418],[4.77506374,48.40205373],[4.77558922,48.40681219],[4.77360107,48.40887514],[4.77184586,48.41007024],[4.76932828,48.4102105],[4.76705027,48.41159555],[4.76731721,48.40955271],[4.7599487,48.38781191],[4.75914795,48.38521168],[4.75937452,48.38203411],[4.75870933,48.38030521],[4.75875265,48.37777495],[4.75763805,48.3749523],[4.75630819,48.37319885],[4.75676256,48.36970472],[4.75536642,48.36704892],[4.75559099,48.36648963],[4.76148833,48.36501795],[4.76866744,48.36165727],[4.77117849,48.35967496],[4.77301629,48.35729787],[4.77796157,48.35610605],[4.78523228,48.35882254],[4.7873795,48.35705512],[4.78767512,48.35536717],[4.79306275,48.3561674],[4.794818245859387,48.35673772392244],[4.79638304,48.35552989],[4.80214519,48.35184941],[4.80329267,48.3526921],[4.80558505,48.35105197],[4.80656188,48.35147697],[4.80850501,48.34777559],[4.81070074,48.3474106],[4.81182199,48.34607415],[4.81353362,48.34574719],[4.81527144,48.34474774],[4.81763943,48.34457508],[4.81900321,48.34514999],[4.82325273,48.34377802],[4.82573816,48.34529222],[4.8267606,48.34467205],[4.82899692,48.34476722],[4.83290315,48.34593461],[4.8344593,48.34502381],[4.83548107,48.34338511],[4.83682419,48.34388158],[4.83992725,48.34171935],[4.83926614,48.34061693],[4.840796368021486,48.33942178209237],[4.83702537,48.337528],[4.82987604,48.33510715],[4.8287811,48.33378944],[4.82627365,48.33277917],[4.82320554,48.3303938],[4.82218222,48.32888001],[4.82028169,48.32730544],[4.81684068,48.32570753],[4.81376833,48.32319806],[4.81832918,48.31938915],[4.82086598,48.31826661],[4.8210271,48.31704982],[4.82400889,48.31274999],[4.82518902,48.31238819],[4.82573181,48.31053238],[4.82758547,48.30660144],[4.8265653,48.30628105],[4.82648846,48.30232662],[4.8297958,48.30258556],[4.83115005,48.3033366],[4.83346692,48.30207938],[4.83765881,48.30390564],[4.83839377,48.30260844],[4.83850829,48.3005757],[4.8399128,48.29845387],[4.8432537,48.2974641],[4.85083167,48.2964298],[4.85171321,48.29798332],[4.85420913,48.29744565],[4.85889832,48.29821742],[4.86099816,48.29823661],[4.86343487,48.29764801],[4.86761271,48.29537106],[4.86907605,48.29702327],[4.87494409,48.29539793],[4.87736006,48.29423482],[4.87891923,48.29422114],[4.88311041,48.29539928],[4.88610058,48.29469475],[4.89036541,48.29504805],[4.89070775,48.29306837],[4.89286831,48.29129144],[4.89355803,48.29356971],[4.90020941,48.29607754],[4.89935841,48.29757601],[4.89983156,48.30009252],[4.90294173,48.30011292],[4.90489805,48.30128167],[4.90554439,48.30230904],[4.90754225,48.30247916],[4.90866359,48.30436924],[4.90379502,48.30528537],[4.903445044854313,48.30574923504326],[4.90381512,48.30538243],[4.90886338,48.30446618],[4.90775128,48.30263023],[4.90986627,48.30227266],[4.9149344,48.30051487],[4.91722241,48.30098974],[4.92160161,48.3013993],[4.92914113,48.3035464],[4.93910475,48.30399141],[4.94702876,48.30662662],[4.9534223,48.30732289],[4.95707248,48.30789888],[4.96165557,48.30913924],[4.96395787,48.30853505],[4.96609374,48.30660391],[4.96903577,48.30688817],[4.97519032,48.30962323],[4.97954388,48.31018616],[4.98256836,48.31167823],[4.982709266269257,48.31238851010942],[4.983793,48.31080351],[4.98528871,48.3105636],[4.9941123,48.30594068],[4.99650471,48.29933852],[4.99584346,48.29902117],[5.00135778,48.29448886],[5.00518384,48.29448851],[5.01437402,48.29398048],[5.01995542,48.29410511],[5.02109219,48.29516734],[5.02366482,48.2946738],[5.02752022,48.29503531],[5.02716828,48.29595613],[5.02850437,48.29669375],[5.03549661,48.29907331],[5.03682686,48.29976287],[5.04036118,48.30317203],[5.04148859,48.30466958],[5.04083761,48.30712249],[5.04108168,48.3081011],[5.04483335,48.31100173],[5.04561541,48.31226058],[5.044728073334244,48.31334239700343],[5.04571704,48.3122509],[5.05249391,48.31808001],[5.05324872,48.31964645],[5.05287906,48.32121647],[5.05343865,48.3253193],[5.05471677,48.32690104],[5.05741212,48.32904567],[5.05541325,48.32989301],[5.05912769,48.33408652],[5.06124798,48.3351723],[5.06139852,48.33726868],[5.0629174,48.33892462],[5.06564952,48.33915113],[5.06663992,48.34198931],[5.07130178,48.34401901],[5.0743,48.34304546],[5.0750367689557105,48.34408368671858],[5.07430174,48.34302464],[5.07528827,48.34234459],[5.08004031,48.34036119],[5.08474857,48.33963642],[5.0891323,48.33921382],[5.09156614,48.33938362],[5.0990385,48.33883234],[5.09891627,48.33746315],[5.10007233,48.33316277],[5.09983728,48.32592065],[5.10129843,48.32401456],[5.10455194,48.32371285],[5.10707328,48.32288848],[5.11543607,48.32104509],[5.11899019,48.32138501],[5.12247697,48.32127204],[5.12753935,48.31988789],[5.12926655,48.31910035],[5.12851065,48.31664503],[5.12971721,48.31516868],[5.13454756,48.31458366],[5.13990027,48.31482839],[5.14633418,48.31600103],[5.15576783,48.31667751],[5.1620418,48.31829108],[5.16364098,48.32246349],[5.1671359,48.32563595],[5.16370577,48.32498568],[5.16187828,48.32602865],[5.15917307,48.32665163],[5.156034040710066,48.329305681945904],[5.15701366,48.32887],[5.1591772,48.32674579],[5.16189883,48.32612161],[5.16369205,48.32510501],[5.16794696,48.32691555],[5.1685513,48.32905722],[5.17380578,48.3314485],[5.17588087,48.33210918],[5.1811059,48.3346112],[5.1808908,48.33777658],[5.17852474,48.33773149],[5.17595589,48.33954362],[5.17471809,48.34105035],[5.17276795,48.34181554],[5.16885042,48.34066771],[5.16502312,48.34101668],[5.16361236,48.34236084],[5.16535084,48.34415848],[5.16425766,48.3461976],[5.16741306,48.34715576],[5.16802702,48.34971593],[5.16995307,48.35189087],[5.17320726,48.35408893],[5.17626758,48.35280798],[5.18163818,48.35455317],[5.1830141,48.35476461],[5.18624906,48.35676495],[5.19263699,48.35876097],[5.194685503686651,48.359654868632425],[5.19556534,48.3587619],[5.19706256,48.35777659],[5.20177326,48.35726511],[5.20910205,48.35817873],[5.21027282,48.35715388],[5.21233079,48.35759654],[5.21524851,48.36057587],[5.21587313,48.36172326],[5.21936345,48.3650968],[5.22011279,48.36633481],[5.22440657,48.37021534],[5.22518285,48.37221333],[5.23196935,48.37653574],[5.231103898406855,48.37720790794006],[5.23197996,48.37654067],[5.23379207,48.37762923],[5.23590992,48.37630107],[5.2366574,48.37679602],[5.24048791,48.37636247],[5.24351687,48.37650308],[5.24910054,48.37556523],[5.25366602,48.37549945],[5.2534201465830686,48.37666495263821],[5.25496125,48.37654352],[5.25823676,48.37526347],[5.26333395,48.37474221],[5.26448029,48.37497574],[5.27086396,48.37400797],[5.28396567,48.37784688],[5.2866470517134125,48.37938720802545],[5.284734,48.37806429],[5.28501641,48.37658815],[5.28697142,48.37589448],[5.28813864,48.37439369],[5.28682167,48.37211506],[5.28985013,48.37042422],[5.29751298,48.36935979],[5.30293434,48.36622635],[5.30131997,48.36529213],[5.29955541,48.36295706],[5.29952609,48.36138107],[5.29825289,48.35913122],[5.29674471,48.35970672],[5.29476263,48.3593762],[5.29156296,48.35966406],[5.2890932,48.35829952],[5.28503865,48.3581824],[5.28290564,48.35736469],[5.28098355,48.35745428],[5.27622748,48.35618506],[5.27453138,48.35669044],[5.27046223,48.35634359],[5.26955905,48.3542498],[5.27069825,48.3521121],[5.27107455,48.35010557],[5.27396996,48.34681003],[5.27646192,48.34603174],[5.27624138,48.3440641],[5.27925044,48.3420455],[5.27914046,48.3408372],[5.28009747,48.33972608],[5.2812892,48.33711999],[5.28033452,48.3346187],[5.28253389,48.33391971],[5.28689971,48.32980713],[5.28813181,48.32769242],[5.29157313,48.32576294],[5.29383251,48.32366814],[5.29427699,48.32246735],[5.29577106,48.32150877],[5.29980043,48.32247223],[5.30054207,48.32611715],[5.2995902,48.32942853],[5.30097455,48.33081766],[5.30110152,48.33230484],[5.30248177,48.3335113],[5.30330909,48.33597828],[5.30704737,48.33812277],[5.3099563,48.33859981],[5.31069327,48.3396262],[5.3128861,48.3407391],[5.31446281,48.34083853],[5.31685535,48.34264214],[5.31784687,48.3426474],[5.32257149,48.34383466],[5.32391734,48.3429475],[5.32779491,48.34340275],[5.33005835,48.34298164],[5.334042858173536,48.34310120452623],[5.33017378,48.34288396],[5.3271491,48.34309087],[5.327399,48.3415487],[5.32668248,48.34023244],[5.32646184,48.33683866],[5.32540827,48.33638293],[5.32395193,48.33463483],[5.32024896,48.33325903],[5.3157826,48.3307885],[5.31575665,48.32755371],[5.31804569,48.32555434],[5.31794975,48.32451274],[5.32024964,48.3228195],[5.32560973,48.32002273],[5.32809671,48.32023271],[5.33026095,48.31877614],[5.34799111,48.31937121],[5.3445016,48.31480606],[5.3457984,48.31286068],[5.34848076,48.3117232],[5.34946536,48.31536038],[5.35191111,48.31635351],[5.35289552,48.3172977],[5.35397947,48.32051854],[5.35504388,48.32097343],[5.35938484,48.32130256],[5.3609243,48.32174956],[5.36335429,48.32155911],[5.36598993,48.3204373],[5.37348468,48.32313027],[5.3657244,48.33724933],[5.36331605,48.33749572],[5.36136361,48.33854288],[5.36140209,48.34021595],[5.3596856,48.34109933],[5.35602004,48.34385723],[5.35483318,48.34602307],[5.34729258,48.35347406],[5.342868657072605,48.352164239851184],[5.34250196,48.35238421],[5.372477077111573,48.361382355375746],[5.37234626,48.36046439],[5.37470981,48.35905348],[5.3747375,48.3578449],[5.375905,48.35674272],[5.37104897,48.3543005],[5.37546132,48.35074805],[5.37750027,48.35168905],[5.37927534,48.35175656],[5.38063345,48.34950286],[5.3819499,48.3481869],[5.38367716,48.34476009],[5.3834214,48.34361778],[5.38495873,48.34268762],[5.38749349,48.34029868],[5.39094388,48.33868491],[5.39305931,48.33826259],[5.39609056,48.33712474],[5.39843034,48.337415],[5.40136634,48.33680561],[5.40346867,48.33594609],[5.41168064,48.33551869],[5.41619368,48.33363461],[5.41908073,48.33184849],[5.42151778,48.3317433],[5.42453249,48.32911253],[5.4263837,48.33075245],[5.42573632,48.33268345],[5.42310574,48.33667043],[5.42084473,48.33845348],[5.41805334,48.33995666],[5.41692306,48.34288605],[5.41725508,48.34550231],[5.41940793,48.34830308],[5.42247911,48.3507537],[5.42261807,48.35159823],[5.42062232,48.35267714],[5.4181598,48.35684772],[5.41776261,48.35847909],[5.41934931,48.36012062],[5.418415558298671,48.36110792198356],[5.4184699,48.36107857],[5.42214553,48.36384214],[5.42401269,48.36705505],[5.42728303,48.36643065],[5.43027947,48.36853641],[5.43138839,48.3700848],[5.43301873,48.37103496],[5.43218147,48.3720528],[5.43590722,48.37451834],[5.43676568,48.37563546],[5.43616359,48.37650042],[5.44276044,48.37934278],[5.44129114,48.38040413],[5.42844458,48.3825602],[5.41375927,48.38315285],[5.40936098,48.38320627],[5.40746594,48.38274181],[5.39943414,48.38756968],[5.39354489,48.39169728],[5.39155577928299,48.39056298343502],[5.39164093,48.39069846],[5.39352892,48.39173252],[5.39961649,48.39332688],[5.40259813,48.39361274],[5.40683346,48.39196768],[5.40959089,48.39270238],[5.404839295381883,48.401863316754664],[5.40974584,48.39273938],[5.41153923,48.39323926],[5.41420303,48.39469286],[5.41570608,48.3964634],[5.4182688,48.39612194],[5.41966897,48.39511606],[5.42253401,48.39699623],[5.42124703,48.39902441],[5.42890194,48.40207662],[5.43099419,48.40383651],[5.43319965,48.40650007],[5.43596396,48.40844599],[5.4398853,48.40890892],[5.44345439,48.41092137],[5.44348121,48.41218724],[5.44527965,48.41464258],[5.44656987,48.41546007],[5.45081887,48.41583208],[5.45370996,48.41528796],[5.45946723,48.41647921],[5.46310784,48.41879545],[5.46682673,48.42076188],[5.46993273,48.4212948],[5.46856675,48.42208769],[5.46878158,48.42316035],[5.4678491,48.42433924],[5.46486512,48.42563234],[5.46203341,48.42479567],[5.45979781,48.42319743],[5.45810551,48.4226012],[5.45260869,48.4229852],[5.45068314,48.42290638],[5.44947243,48.42407233],[5.44598293,48.42497314],[5.44481414,48.42606392],[5.444171870549679,48.42828799837243],[5.44224647,48.43190698],[5.4396873,48.43459324],[5.43645898,48.43613345],[5.43635044,48.43365924],[5.43383427,48.43203011],[5.42931543,48.4337974],[5.42439889,48.43687458],[5.42035341,48.4404729],[5.41880021,48.44062842],[5.41477036,48.4420362],[5.41027963,48.44501695],[5.40945156,48.44475449],[5.4076984,48.44770767],[5.40761567,48.44954454],[5.40637119,48.45169038],[5.40338064,48.45429171],[5.40404974,48.45523445],[5.40388163,48.45842526],[5.40537749,48.45857424],[5.40431564,48.46012537],[5.40599245,48.46081115],[5.40404665,48.4629365],[5.40423421,48.46379043],[5.40645443,48.46508586],[5.40296125,48.46898158],[5.39808451,48.47392937],[5.39515494,48.47285493],[5.39264285,48.47404762],[5.39200883,48.47330195],[5.38934298,48.47412218],[5.38756526,48.47294526],[5.38108076,48.47120678],[5.37606598,48.47212592],[5.37127172,48.47511659],[5.36959009,48.47639849],[5.368464464002853,48.47601869783729]]]},"properties":{"CLE":"Bassin de Joinville en Champagne"}},
{"type":"Feature","geometry":{"type":"Polygon","coordinates":[[[4.872168618507321,45.72431416473903],[4.872181025415768,45.72405361966152],[4.879347255737417,45.72206851430926],[4.882473796667223,45.72475585067989],[4.884255428720875,45.72734145040122],[4.879922936289574,45.729133007981616],[4.875461412010376,45.73201637350578],[4.869669867145165,45.729812906564774],[4.873143801511617,45.72767395554772],[4.872650006555243,45.72674095603213],[4.874218239783526,45.72616527547998],[4.872168618507321,45.72431416473903]]]},"properties":{"CLE":"Lyon 8 - la Plaine Santy"}},
{"type":"Feature","geometry":{"type":"Polygon","coordinates":[[[3.153925987775604,45.81050395773063],[3.156532160785622,45.810929009241185],[3.156885542059864,45.81021803031573],[3.156374445525481,45.80616382255292],[3.157286568039008,45.80589420888558],[3.162314136770307,45.80663900417186],[3.163408298293069,45.810023277502495],[3.163769809866529,45.812953857042736],[3.16559495551837,45.813955244555004],[3.170879959389857,45.8148037392595],[3.1717444550666,45.81741565818644],[3.17670777159793,45.81781502360632],[3.1782369585368,45.81877164562306],[3.18430084597012,45.82010814980454],[3.189559833171895,45.8206253331904],[3.193813174097144,45.821544721847864],[3.195738380088374,45.82292546042124],[3.198344620335855,45.82598349309993],[3.19323073790354,45.82606169590703],[3.185191207044547,45.82906480288412],[3.185219792256496,45.83067393823061],[3.179763623716905,45.83535279837724],[3.178391313063893,45.83625087995444],[3.175165734470769,45.83633517103276],[3.171637619123532,45.838561203725746],[3.172186166400266,45.840122725400725],[3.171008290322927,45.842518026568754],[3.167950217405865,45.84315295948674],[3.164165601608345,45.844726281342304],[3.165804064160759,45.84585400824999],[3.16314767922356,45.847767822097005],[3.160444968240014,45.84843715699323],[3.155253044781037,45.84970059849857],[3.151782066975467,45.8489398949195],[3.146087198380362,45.84868805924749],[3.144314572869021,45.8483643586323],[3.139367974881043,45.84843540375726],[3.137700900624373,45.84804843469189],[3.137313722653024,45.84676660379338],[3.132787932672746,45.84173825817455],[3.131118092936001,45.839540304694424],[3.129415347772156,45.83533966898559],[3.125853783527004,45.829891211400074],[3.122633768054996,45.82596860711985],[3.122114476340928,45.82470758025859],[3.122097821923552,45.82067159280787],[3.121497590255021,45.818301244819274],[3.125522572942194,45.817357629602576],[3.124351845783697,45.81463860942519],[3.124194998715124,45.812492494405454],[3.129099139323496,45.81244143599342],[3.1331562400217177,45.812641545958904],[3.136304238188441,45.810540112327345],[3.139230442094658,45.80924748777347],[3.14072117923046,45.80910741418989],[3.151211777669032,45.81011050809044],[3.153925987775604,45.81050395773063]]]},"properties":{"CLE":"Gerzat-Les-Vergnes"}},
{"type":"Feature","geometry":{"type":"Polygon","coordinates":[[[0.54343454,49.46269076],[0.57453995,49.47486292],[0.58215056,49.47763682],[0.58631405,49.47884625],[0.58805647,49.47966971],[0.59453394,49.47797802],[0.60266822,49.4771373],[0.60132593,49.47969695],[0.60484967,49.48287106],[0.60580306,49.48451614],[0.60768434,49.4863528],[0.61203516,49.48792746],[0.61234927,49.49048476],[0.61400971,49.49141141],[0.61555554,49.48996164],[0.6172773,49.48956588],[0.61920014,49.49006432],[0.61879208,49.4919252],[0.61775631,49.49292548],[0.61937644,49.49389468],[0.61861955,49.49470883],[0.62104521,49.49577692],[0.62359064,49.49619156],[0.62617573,49.49791554],[0.62885856,49.49898787],[0.62858815,49.50170483],[0.63095039,49.5036154],[0.63020245,49.50715058],[0.63213454,49.50795953],[0.6307947,49.50944714],[0.63101763,49.51136926],[0.62735849,49.51177928],[0.62841068,49.5132463],[0.62765365,49.51680401],[0.62895686,49.51699952],[0.63373911,49.51533875],[0.63438698,49.51671744],[0.63335765,49.51926229],[0.63012899,49.52287998],[0.63060863,49.52468723],[0.62934558,49.52585028],[0.62938266,49.52701663],[0.6267984,49.52710976],[0.62656061,49.52986261],[0.62577228,49.5314646],[0.62307585,49.53271434],[0.62020755,49.53447466],[0.61759505,49.53554961],[0.61420204,49.53614772],[0.61208767,49.53546855],[0.60484632,49.53806439],[0.60446831,49.53770007],[0.60064814,49.54060109],[0.59986032,49.54332753],[0.59446704,49.54357459],[0.59412338,49.54497633],[0.59508471,49.54653988],[0.59467338,49.5481236],[0.59322248,49.54834056],[0.5905981,49.54981776],[0.5896997,49.54863143],[0.59018132,49.54695193],[0.58950784,49.5444133],[0.58798013,49.54467578],[0.58709221,49.54799644],[0.58576076,49.54798236],[0.58182671,49.54646237],[0.5830514,49.54519708],[0.57625251,49.5431749],[0.57438622,49.54310694],[0.57199805,49.54158919],[0.57207412,49.5400265],[0.57025414,49.53974433],[0.57069034,49.53804077],[0.57289652,49.53841159],[0.57844387,49.53816173],[0.57847549,49.53670829],[0.57593104,49.53561943],[0.57397027,49.53382215],[0.57572382,49.53269158],[0.57763337,49.53390553],[0.58036708,49.5320454],[0.58198081,49.5323226],[0.5828862,49.52905477],[0.59042999,49.53045243],[0.59091121,49.52854145],[0.59849193,49.52721885],[0.60635342,49.5279517],[0.60604587,49.52587791],[0.60426848,49.52423336],[0.60230791,49.52065599],[0.60092079,49.51924307],[0.60197956,49.516629],[0.59600178,49.51690175],[0.59166187,49.51389655],[0.58892351,49.51105162],[0.58698051,49.51071004],[0.58312059,49.5076351],[0.57796749,49.50836801],[0.57335956,49.50739487],[0.56963006,49.50514634],[0.56734256,49.50436844],[0.56422976,49.50178971],[0.56092601,49.50409212],[0.55601067,49.50646582],[0.54804645,49.50419239],[0.54827865,49.50293968],[0.55122945,49.50156813],[0.55008962,49.49945568],[0.54654165,49.49705756],[0.54488995,49.49495106],[0.54241069,49.48720693],[0.53306471,49.48241277],[0.53247389,49.47884846],[0.53843382,49.47394991],[0.537494,49.47347087],[0.54201237,49.46969804],[0.53756827,49.46743115],[0.54343454,49.46269076]]]},"properties":{"CLE":"Port Jérôme sur Seine"}},
{"type":"Feature","geometry":{"type":"Polygon","coordinates":[[[3.828234901814345,47.381379514264495],[3.82722106,47.38232778],[3.8249758,47.38132572],[3.82263171,47.38101266],[3.8191656,47.38132908],[3.81785154,47.37912109],[3.81596897,47.37907905],[3.81278974,47.38004938],[3.81207971,47.38231624],[3.81057519,47.3840275],[3.80805582,47.38332627],[3.80499153,47.38421808],[3.80330616,47.38599882],[3.80313329,47.38788281],[3.80240806,47.38944273],[3.7996356,47.39040268],[3.79786705,47.39044949],[3.79535909,47.38987368],[3.79345226,47.39011519],[3.79180748,47.38960183],[3.78638331,47.39055968],[3.78389797,47.38959114],[3.78283748,47.38636981],[3.78014086,47.38061957],[3.77695725,47.37822687],[3.7740752,47.37666336],[3.77012714,47.37195308],[3.76755595,47.3712939],[3.76568105,47.37132994],[3.76471977,47.36688838],[3.76586268,47.36534898],[3.76691384,47.36256835],[3.76950073,47.36097031],[3.77101603,47.36050707],[3.7688815,47.35849581],[3.76700113,47.35763624],[3.76252131,47.35329532],[3.75733519,47.34902482],[3.7580381,47.34670314],[3.76382093,47.34784461],[3.76745544,47.34794849],[3.7676223957330315,47.347458518338634],[3.76585731,47.34508206],[3.76569325,47.34370241],[3.76405182,47.34155618],[3.76124292,47.33917595],[3.76726269,47.33494875],[3.76699963,47.33354588],[3.76783168,47.33009388],[3.76616818,47.32826129],[3.76529558,47.3260783],[3.76301333,47.32360461],[3.76162682,47.32070241],[3.76031667,47.31623492],[3.75874914,47.31410954],[3.75561091,47.31226085],[3.75079922,47.30878243],[3.74944977,47.3083375],[3.74721734,47.30618834],[3.74517765,47.303638],[3.75091157,47.30360222],[3.75433852,47.30305244],[3.75625965,47.30338564],[3.75725251,47.30421814],[3.75961401,47.30380029],[3.76311031,47.30210941],[3.76784275,47.29912275],[3.76936263,47.29761237],[3.77192119,47.29791192],[3.77793846,47.29763596],[3.77957838,47.29652265],[3.779586541464577,47.29652530228222],[3.77795445,47.29472838],[3.77409939,47.28867651],[3.77025575,47.28543719],[3.7638607,47.28340214],[3.76275664,47.28266621],[3.76449493,47.28115903],[3.76738132,47.2794035],[3.76741499,47.27724078],[3.76819895,47.27577073],[3.7733525,47.2728227],[3.77753557,47.27098145],[3.78265974,47.26824368],[3.78545531,47.26720331],[3.78803385,47.26505203],[3.79264057,47.26319879],[3.79553073,47.2610913],[3.79651729,47.25947525],[3.79941609,47.25791075],[3.80147294,47.25595793],[3.80201971,47.2547247],[3.80432377,47.25335675],[3.80745875,47.25443694],[3.81152531,47.25393959],[3.81201517,47.25502985],[3.81385807,47.25688794],[3.81566684,47.25746403],[3.81588936,47.25605871],[3.81721286,47.25302806],[3.81908662,47.25296353],[3.82116335,47.25120306],[3.82582517,47.25312164],[3.82882244,47.25187971],[3.8307762,47.25033034],[3.83366889,47.2510337],[3.83750199,47.25264941],[3.83871769,47.252649],[3.83955598,47.25145273],[3.84169191,47.25215983],[3.84396603,47.25237549],[3.84604464,47.25435786],[3.85017316,47.25608624],[3.85121679,47.25704741],[3.85415423,47.25797195],[3.85735232,47.26049829],[3.86054708,47.2585351],[3.86329734,47.2587906],[3.86423707,47.26074034],[3.86561784,47.26132127],[3.87163172,47.26170901],[3.87360386,47.26250715],[3.8759903291878772,47.26437291941418],[3.87460524,47.26234223],[3.87734529,47.26027],[3.87655213,47.25861925],[3.87812774,47.25685055],[3.87805094,47.25492555],[3.8807647,47.25379768],[3.88182891,47.25201696],[3.88508779,47.25106139],[3.89077013,47.25056394],[3.8985998,47.24775667],[3.90167501,47.24548452],[3.90417233,47.24524702],[3.90316815,47.2405224],[3.90414764,47.23905337],[3.90615312,47.23767634],[3.91019933,47.23723472],[3.91076559,47.23674014],[3.91023395,47.23307136],[3.91095719,47.23079668],[3.91292504,47.22872656],[3.91341067,47.22705524],[3.91472042,47.22707742],[3.91468615,47.22508571],[3.91669074,47.22531576],[3.91799193,47.22372358],[3.92039295,47.223088],[3.92227601,47.224141],[3.92460329,47.2241076],[3.92548353,47.22202144],[3.92647823,47.22110686],[3.92806666,47.21827027],[3.92827193,47.21694036],[3.93081582,47.21497875],[3.93174158,47.2147275],[3.93405437,47.21649289],[3.93562884,47.21924421],[3.93385461,47.22110105],[3.93476509,47.22213233],[3.93790538,47.22379319],[3.94065788,47.22274406],[3.94252265,47.22438327],[3.9443224,47.22536835],[3.94382394,47.22733009],[3.94669493,47.22855624],[3.94870988,47.22837672],[3.95023583,47.2295983],[3.95379483,47.23161562],[3.95438506,47.23271366],[3.95367139,47.23376329],[3.95392133,47.23616178],[3.95754775,47.23819201],[3.95823529,47.23974948],[3.96152326,47.24002621],[3.96902918,47.23963834],[3.97300954,47.23861491],[3.97658064,47.23860514],[3.97823705,47.23704189],[3.98046189,47.2371676],[3.98057493,47.23901709],[3.98723808,47.24302086],[3.98829209,47.24300207],[3.98987816,47.24490354],[3.99137666,47.24554222],[3.9926358,47.2485327],[3.9969644,47.24897157],[3.99914336,47.2502419],[3.9992882,47.25146817],[4.00060791,47.25223233],[4.00299557,47.25240816],[4.00555432,47.25553769],[4.006641566676582,47.259109737373706],[4.00954033,47.2581747],[4.01275002,47.2546637],[4.0139715,47.25286227],[4.01849782,47.25044779],[4.02252731,47.24802312],[4.02520053,47.24562317],[4.0287929,47.24766644],[4.0328911,47.24476469],[4.03473597,47.24500385],[4.03872293,47.24659484],[4.04048713,47.24695815],[4.04168923,47.24932488],[4.04270805,47.24995415],[4.04454381,47.24976017],[4.04610658,47.25041963],[4.0475713,47.25190114],[4.04825321,47.25375904],[4.04758068,47.25496103],[4.0472505,47.25827455],[4.04603485,47.25886335],[4.05021555,47.26031634],[4.04713444,47.26335527],[4.04446812,47.26479896],[4.04310571,47.26843946],[4.04109508,47.27033183],[4.04161,47.27183859],[4.04124781,47.27419386],[4.04136724,47.27701873],[4.03979491,47.27914293],[4.03857878,47.2816109],[4.03904771,47.28342652],[4.04121865,47.28426777],[4.0443508,47.28423269],[4.04783034,47.28312219],[4.05179739,47.2826735],[4.05215089,47.28162529],[4.05599948,47.27969991],[4.05656868,47.27875406],[4.05990326,47.27876236],[4.06253242,47.27796745],[4.06358792,47.27906627],[4.0630672,47.27992248],[4.06410165,47.28144527],[4.06528018,47.28183735],[4.06705788,47.28132052],[4.06942728,47.28149894],[4.07387865,47.28071812],[4.07320786,47.28227361],[4.07355508,47.28387875],[4.07196278,47.28505507],[4.07571864,47.28702598],[4.07675042,47.28858901],[4.07847163,47.28985293],[4.0773175,47.29123908],[4.07784589,47.29317186],[4.07991304,47.2952838],[4.08181857,47.29434394],[4.080838,47.29758831],[4.0785899,47.30245999],[4.07847739,47.3035669],[4.07536171,47.30432245],[4.06911677,47.30414642],[4.06750295,47.30372912],[4.06456617,47.3022593],[4.06396693,47.30114048],[4.0613981,47.30295482],[4.05924971,47.30235179],[4.05695986,47.306126],[4.05979182,47.30767718],[4.06000552,47.31126119],[4.05963556,47.3122289],[4.05653709,47.3135074],[4.05533081,47.31453735],[4.04923135,47.32284553],[4.04625655,47.32597492],[4.04481769,47.32687009],[4.04056042,47.32712313],[4.03783336,47.32881724],[4.03585969,47.32843513],[4.03453115,47.32709642],[4.03294726,47.32756733],[4.03118183,47.32714394],[4.02977007,47.32556617],[4.0285228,47.32516074],[4.02954541,47.3233381],[4.02830745,47.32301497],[4.02826795,47.32056558],[4.02693936,47.3192384],[4.02810517,47.31705689],[4.02855401,47.31479197],[4.02729363,47.31327251],[4.02440961,47.31284433],[4.0217133,47.31117451],[4.01703352,47.31225645],[4.01226173,47.3148508],[4.0080778,47.31487676],[4.00598774,47.31249008],[4.00620897,47.31124087],[4.00370476,47.31038781],[4.000954,47.31142261],[3.99912992,47.31331825],[3.99674776,47.31519597],[3.9940427,47.31670295],[3.99187157,47.31684909],[3.99062914,47.31789901],[3.99209827,47.31924466],[3.99125238,47.32049881],[3.98958234,47.32047875],[3.98796443,47.32206167],[3.98783112,47.32345863],[3.98660522,47.32380702],[3.98523983,47.32252893],[3.98329618,47.32238606],[3.982295130200199,47.321748648705444],[3.98275398,47.32261689],[3.98046716,47.32369957],[3.97997252,47.32472396],[3.98082573,47.32657768],[3.97975735,47.32749528],[3.97889986,47.32937765],[3.97659837,47.33099938],[3.97356479,47.33155323],[3.97295662,47.33311278],[3.97302044,47.33499701],[3.9718215,47.33620282],[3.97161174,47.33783573],[3.97223754,47.33873592],[3.9719313,47.34065781],[3.96979159,47.34190991],[3.96988866,47.3436752],[3.96737499,47.34592006],[3.96676407,47.34765487],[3.96850033,47.34829537],[3.96807201,47.34945977],[3.96875593,47.35101445],[3.96811384,47.35493596],[3.9657698,47.35992504],[3.96750747,47.36229094],[3.96752207,47.36377629],[3.96656562,47.36501016],[3.96487816,47.36502607],[3.96195836,47.36580201],[3.96220687,47.36901144],[3.96570764,47.369795],[3.97210627,47.37198479],[3.97331514,47.37280897],[3.97138045,47.37484007],[3.97233379,47.37528026],[3.97102826,47.377231],[3.97103316,47.37839448],[3.96842883,47.37884014],[3.96725241,47.37859858],[3.96501252,47.37941223],[3.96100615,47.38144664],[3.96008418,47.38401806],[3.96088993,47.38533202],[3.95962157,47.38867017],[3.95800381,47.38995074],[3.95563284,47.39005604],[3.95502645,47.39103044],[3.95039676,47.39385624],[3.94894817,47.39445297],[3.94567502,47.38952861],[3.94587911,47.38624834],[3.94351739,47.3853877],[3.94475161,47.38442312],[3.94461963,47.38015132],[3.94104429,47.38056959],[3.93851196,47.3792564],[3.93575725,47.37981373],[3.93310231,47.37890959],[3.93148747,47.38047641],[3.92841766,47.38112342],[3.92715107,47.38192981],[3.92414171,47.38164651],[3.9222999,47.3801783],[3.91891291,47.38091571],[3.91567437,47.38234145],[3.912347,47.38164128],[3.90891843,47.38199547],[3.904526,47.37795368],[3.89674345,47.37480416],[3.88630628,47.36631823],[3.8875694422131,47.366046276757594],[3.88688537,47.36493307],[3.8847495,47.36437822],[3.88086408,47.36418473],[3.88085488,47.36532716],[3.87604815,47.36555948],[3.87433274,47.36494302],[3.87273932,47.36547022],[3.8713417744062504,47.36715083267738],[3.86978007,47.37017947],[3.86822738,47.37120469],[3.86892967,47.37398955],[3.87054431,47.37785491],[3.86998754,47.38099398],[3.86756177,47.38281759],[3.8652124,47.38297788],[3.86252533,47.38452631],[3.86086818,47.38675809],[3.85969061,47.38754058],[3.86087124,47.39080473],[3.85970783,47.3917813],[3.85952319,47.39309038],[3.86045858,47.39411101],[3.86233369,47.39454356],[3.86429623,47.39712515],[3.86540655,47.39781837],[3.86698273,47.39763729],[3.86667578,47.39625859],[3.87054008,47.3965467],[3.87100797,47.39844823],[3.87225782,47.39921092],[3.87362718,47.39879391],[3.87597267,47.39713726],[3.87959722,47.39907273],[3.88100279,47.40116959],[3.88514728,47.40303847],[3.88616735,47.40612551],[3.88757886,47.40784927],[3.88997937,47.40845436],[3.89070916,47.40933327],[3.89252667,47.40973246],[3.89364922,47.41433468],[3.89210097,47.41405092],[3.89102195,47.41826543],[3.89210729,47.41917168],[3.88820597,47.42074933],[3.8852483,47.42223631],[3.88125719,47.42298582],[3.87992638,47.42962126],[3.87662648,47.42832532],[3.8732834,47.42969363],[3.87194142,47.43118135],[3.86917031,47.43183306],[3.86735897,47.43444819],[3.86514049,47.43454815],[3.86198293,47.43384095],[3.85460305,47.43372875],[3.85281108,47.43518381],[3.85152384,47.43457531],[3.85065081,47.43267751],[3.85161609,47.43046297],[3.85180875,47.42328788],[3.84989755,47.42222634],[3.84669056,47.4218664],[3.84818968,47.41901394],[3.84713235,47.41624106],[3.84536925,47.41496995],[3.84640475,47.4132524],[3.84777832,47.41235395],[3.84643739,47.41133032],[3.84202806,47.41080759],[3.84106486,47.40787534],[3.83992469,47.40619255],[3.83741182,47.40439495],[3.83741051,47.40297851],[3.83468156,47.40134734],[3.83391288,47.40204442],[3.83454906,47.4059103],[3.83597709,47.4068878],[3.83294768,47.40728251],[3.83048646,47.408413],[3.82969457,47.40699545],[3.82737643,47.40470975],[3.82531932,47.40562921],[3.82367899,47.40387698],[3.8208586,47.40234642],[3.82176117,47.40094349],[3.82121518,47.3982015],[3.82660619,47.39635452],[3.82847161,47.39547817],[3.83107738,47.39335136],[3.83123905,47.39231149],[3.82873731,47.39109609],[3.82734788,47.389577],[3.82853862,47.38824118],[3.82844891,47.38698227],[3.82959968,47.38556111],[3.82826291,47.38376275],[3.82874129,47.38262214],[3.828234901814345,47.381379514264495]]]},"properties":{"CLE":"Portes du Morvan"}},
{"type":"Feature","geometry":{"type":"Polygon","coordinates":[[[3.8088624128174344,46.87130874417244],[3.8081951,46.86935024],[3.81182377,46.8669792],[3.8141718534905023,46.86459558504822],[3.81337605,46.86506177],[3.81176445,46.86694531],[3.8081253,46.86934496],[3.80414908,46.86914635],[3.80311228,46.86789858],[3.8012143,46.86719236],[3.79829154,46.86365258],[3.79622496,46.85990196],[3.79486521,46.85859989],[3.79368727,46.85641684],[3.79076431,46.85355326],[3.78908614,46.85371803],[3.78871503,46.85210962],[3.78656442,46.85011459],[3.78203922,46.85157773],[3.77803414,46.85121851],[3.77365294,46.85160182],[3.77137305,46.85046008],[3.76667952,46.84961182],[3.76597896,46.84872155],[3.76181278,46.84585147],[3.75974186,46.84295652],[3.75940846,46.84040413],[3.75630791,46.84070971],[3.75421839,46.84032688],[3.75193446,46.83856511],[3.75172271,46.83783941],[3.74875316,46.835615],[3.74935388,46.83424209],[3.75133072,46.83432464],[3.75385887,46.83386816],[3.7551442,46.83316532],[3.75284105,46.83191802],[3.75060141,46.82960289],[3.7488121,46.82993898],[3.74762617,46.82836608],[3.74514083,46.8270837],[3.74463558,46.82342377],[3.74601593,46.82244795],[3.74766767,46.82231153],[3.74791043,46.82111049],[3.75022489,46.82171869],[3.7537115,46.82048105],[3.75344454,46.81751624],[3.75574236,46.81629802],[3.7563536,46.8150496],[3.75761559,46.81513161],[3.76091882,46.81415859],[3.76022057,46.8118319],[3.75854453,46.81033799],[3.75924163,46.80790664],[3.76121496,46.80588194],[3.7596709,46.80294918],[3.75941593,46.80033366],[3.75986589,46.79789673],[3.75962462,46.79678205],[3.76086369,46.79292459],[3.7627476706529155,46.791727859784],[3.76384946,46.78953419],[3.76560887,46.78849014],[3.76871362,46.7874838],[3.77301779,46.78728133],[3.77508324,46.78612243],[3.77758334,46.78527831],[3.78325135,46.78244829],[3.78389394,46.78360277],[3.7892543,46.78130211],[3.78988186,46.7799132],[3.79172778,46.77951709],[3.79281352,46.77866004],[3.79722472,46.77831923],[3.80015483,46.77885354],[3.80207781,46.77845529],[3.80246037,46.77647732],[3.80665846,46.77446848],[3.80732399,46.77342947],[3.80996764,46.7719842],[3.80969251,46.77025134],[3.8102297,46.76861081],[3.81249783,46.76866026],[3.81958598,46.77088203],[3.82432389,46.77089442],[3.83091969,46.7717154],[3.83323498,46.77325551],[3.83539988,46.77621227],[3.83731487,46.77674526],[3.84047907,46.77293605],[3.84142216,46.77050154],[3.84290693,46.77041304],[3.84716459,46.77226079],[3.8484715,46.77232778],[3.84995342,46.77062443],[3.84954777,46.76816983],[3.85037265,46.7663432],[3.85450706,46.76544413],[3.86095347,46.76555854],[3.87220189,46.76447024],[3.87499332,46.76565086],[3.8761101207618953,46.7654842602633],[3.87597582,46.76488483],[3.8789054,46.76415164],[3.87989006,46.76313568],[3.88191343,46.76254154],[3.88431973,46.76269314],[3.8881183,46.76206054],[3.88610535,46.75888233],[3.88299066,46.75639755],[3.88471631,46.75619608],[3.88444275,46.75490999],[3.8863444,46.75399244],[3.88519553,46.75272292],[3.8847599,46.7497245],[3.88583597,46.74842459],[3.88467856,46.74741851],[3.87966331,46.74433991],[3.87755244,46.74354888],[3.87458133,46.74296184],[3.87326043,46.74112811],[3.8727927,46.73940962],[3.87102456,46.73718576],[3.87144071,46.73395004],[3.87235973,46.73316128],[3.87538625,46.73247632],[3.87999908,46.73063969],[3.8805103,46.72865898],[3.88255599,46.72801133],[3.88372632,46.72979804],[3.88472941,46.72962796],[3.8851314,46.727665],[3.88755286,46.72714754],[3.88973438,46.72787715],[3.88936002,46.72909387],[3.88968204,46.73103638],[3.893423,46.73273092],[3.89769219,46.7337011],[3.90113936,46.73374209],[3.90457823,46.73554885],[3.90693985,46.73607267],[3.90801573,46.7357562],[3.90864329,46.73421189],[3.9126704,46.73418131],[3.91352269,46.73865408],[3.91242126,46.73989081],[3.91235934,46.74172446],[3.91597417,46.74093489],[3.91774377,46.74009918],[3.9189909,46.74035781],[3.91993271,46.7388691],[3.92336774,46.73913842],[3.92599771,46.73894174],[3.92680857,46.73971483],[3.92888645,46.74015917],[3.92887553,46.74138884],[3.93324221,46.74175722],[3.93432521,46.74325733],[3.93287969,46.74386392],[3.93122288,46.74602984],[3.93052745,46.74793366],[3.92886605,46.74887954],[3.92950911,46.75094298],[3.93381238,46.75190616],[3.93482086,46.7528628],[3.93890598,46.75142548],[3.94274823,46.75083068],[3.9489265,46.75231916],[3.9514075,46.7535023],[3.95445879,46.75449145],[3.95736943,46.75604242],[3.9564422,46.75700131],[3.95939828,46.75827307],[3.9599779,46.76076684],[3.96279937,46.76182028],[3.96255386,46.76364011],[3.963217336717594,46.766095160836684],[3.96654512,46.76557188],[3.96578429,46.76785466],[3.96684554,46.76922336],[3.97327403,46.76732979],[3.97621869,46.77064456],[3.97790666,46.77168988],[3.98083928,46.77253348],[3.98453853,46.77286924],[3.98753189,46.77360607],[3.98963279,46.77473132],[3.99150198,46.77657018],[3.99305124,46.77749392],[3.99410798,46.77894048],[3.99642305,46.77764177],[3.99776606,46.77878344],[3.99989943,46.77797879],[4.00073347,46.7789389],[4.00274504,46.77818398],[4.00358956,46.77879352],[4.00863479,46.77683216],[4.01176728,46.77724018],[4.01373106,46.778891],[4.01522045,46.77708916],[4.01692974,46.77717184],[4.01930373,46.77607709],[4.02407279,46.77909423],[4.02568586,46.77942139],[4.02605486,46.78099519],[4.02980976,46.78314543],[4.0293041,46.78375021],[4.03252607,46.78531002],[4.03334706,46.78693844],[4.03458757,46.78776013],[4.03889053,46.78692071],[4.039945,46.78567222],[4.041133,46.78290115],[4.04611797,46.77994465],[4.04662283,46.77817531],[4.04797595,46.77888192],[4.04999956,46.77815963],[4.05362704,46.77896019],[4.05383587,46.77621533],[4.05515051,46.77608035],[4.05566993,46.77995943],[4.05849168,46.78052933],[4.06112705,46.78456177],[4.06175475,46.78478433],[4.0618835,46.78743693],[4.06265242,46.78955261],[4.06101295,46.79483202],[4.06154655,46.79566715],[4.06008248,46.7972229],[4.05908415,46.80121903],[4.0601018,46.80379122],[4.05973938,46.80551122],[4.06035735,46.80714843],[4.05875054,46.8095186],[4.05821271,46.8119387],[4.05733627,46.81295177],[4.05851028,46.81498666],[4.05814467,46.81765136],[4.05846658,46.81953299],[4.0580366,46.82107926],[4.0534602,46.8237889],[4.05244846,46.82673971],[4.05119499,46.82807594],[4.04684276,46.83144896],[4.045615698183651,46.83101396378117],[4.044097,46.83331932],[4.04256852,46.83425922],[4.04480289,46.83691845],[4.048650885492422,46.83798939189933],[4.05642259,46.84338447],[4.06506806,46.84599716],[4.07511604,46.84924237],[4.07604918,46.84966317],[4.08719464,46.85588338],[4.09251205,46.8580379],[4.10103015,46.85921253],[4.09982415,46.86170177],[4.10053354,46.86283012],[4.0997629,46.8667925],[4.0984546,46.86740136],[4.0970147,46.87056374],[4.09578357,46.8714562],[4.09536562,46.87282528],[4.09383312,46.87482563],[4.0918885,46.87559868],[4.08898335,46.8780604],[4.08897193,46.87876583],[4.08685905,46.88134616],[4.0816932,46.88444203],[4.07933262,46.88496285],[4.07737244,46.88588652],[4.07865467,46.88738206],[4.07791481,46.88968992],[4.07557997,46.8907524],[4.07554074,46.8915611],[4.07337465,46.89176761],[4.07020347,46.89480517],[4.07013365,46.89616379],[4.06672749,46.89807948],[4.06506919,46.89706804],[4.06145725,46.8986109],[4.05736733,46.90108962],[4.05482354,46.90089369],[4.05382395,46.89997114],[4.05180072,46.89967403],[4.04984515,46.9001483],[4.04683982,46.89953976],[4.04517488,46.90142573],[4.043168149666123,46.90125324870511],[4.04476198,46.90139238],[4.04377701,46.903242],[4.04408313,46.9045636],[4.04248606,46.90682809],[4.04174714,46.90951008],[4.03940912,46.90940729],[4.04023252,46.91212541],[4.03885703,46.91543803],[4.03882614,46.917628],[4.03746516,46.9180903],[4.03695063,46.91982998],[4.03495194,46.91904971],[4.03220499,46.91945172],[4.02833042,46.91951464],[4.02814825,46.92120071],[4.03086121,46.92295349],[4.03031417,46.92370358],[4.02391691,46.92283477],[4.01989307,46.92443235],[4.01798004,46.92424684],[4.0119919579787355,46.92184242972361],[4.011684864724185,46.92096563835065],[4.011680700633772,46.92088789179941],[4.011452508053446,46.92028605998046],[4.01143635,46.91831512],[4.010550684820797,46.91645682797017],[4.010429154151754,46.91638183000252],[4.01065906,46.9145601],[4.009726661302467,46.91199288630094],[4.009322211508634,46.91205226457473],[4.008924026256442,46.91198168201598],[4.008772427165332,46.911939349814304],[4.003880514704326,46.908788618350876],[4.00069085165774,46.909478767594734],[3.99857004550507,46.90878740649978],[3.997707822183372,46.90875283347301],[3.997673962984799,46.90842027106139],[3.9936399785723733,46.90862875131122],[3.993191279073437,46.908654716641664],[3.9928951181139705,46.908679606451116],[3.991240844096829,46.90809906949923],[3.9905272,46.90849797],[3.989567802069556,46.910923576526876],[3.988296623000179,46.91082114115939],[3.98489284,46.91055054],[3.98140996,46.91404945],[3.97949472,46.91483868],[3.97389022,46.91498118],[3.968434140259906,46.914133374032616],[3.96623482,46.91379772],[3.96436493,46.91439299],[3.96197907,46.91455808],[3.9613404228260487,46.91436530364483],[3.96098403,46.91437009],[3.9602000232086887,46.914021072760164],[3.9595755623572644,46.91383257856212],[3.9589921673024975,46.9138568824381],[3.95768832,46.91397838],[3.954451541047186,46.915034185054324],[3.954384516171414,46.91504154012754],[3.9543357935704018,46.91504766568819],[3.9539445854922173,46.915108324678556],[3.9532935920104624,46.915146605996966],[3.95067826351562,46.91561478547158],[3.947330596761067,46.916024430501935],[3.947001314817558,46.91654771971028],[3.9455924105994775,46.9161350170903],[3.944412187960709,46.915771851376896],[3.943845872545215,46.91569498758412],[3.9428398552129527,46.91569765742744],[3.9404643619932647,46.91568775431597],[3.940481672459285,46.91460781551617],[3.939385308636555,46.914832535097865],[3.9393797021503594,46.91483003427321],[3.93579105368879,46.913125211008555],[3.933087038025284,46.91144475197533],[3.9324859801304615,46.91168860243112],[3.9311592,46.91106909],[3.92675552,46.90783335],[3.92655001,46.90628969],[3.92504462,46.90618248],[3.92452414,46.90494794],[3.92243562,46.90385499],[3.9226149150271934,46.90196095977731],[3.92281572,46.90006565],[3.92372612,46.89748835],[3.92464952,46.89627707],[3.9254290259534987,46.89386956717725],[3.9253475257757398,46.893842237626316],[3.9238265,46.89328767],[3.92330752,46.89216305],[3.9219121450255185,46.89178891580806],[3.9219949421457194,46.89159471324012],[3.9218318275947177,46.891249501189364],[3.9218867113984386,46.891115286486404],[3.92135201,46.88970991],[3.919222253253871,46.88899992236756],[3.9191209767886774,46.88941296654197],[3.919099819891372,46.88945056587964],[3.918963746559324,46.889664578455076],[3.9180690498486563,46.88995213803561],[3.9179329621036536,46.889829987116215],[3.91723037932161,46.88999448308726],[3.917133935008448,46.89064049520185],[3.914658941440572,46.89004896867966],[3.914637832717795,46.88969612681046],[3.91424464,46.88846551],[3.912178131739985,46.88813991644311],[3.9116127652548744,46.88832831526458],[3.9113645483970894,46.88837192628751],[3.911360977288569,46.88861043942954],[3.9088957057299667,46.88792521608172],[3.9089479793350006,46.88816386866871],[3.906694915124303,46.8889889506753],[3.906346916921748,46.88927824228767],[3.9060441235159162,46.88929808281009],[3.9050727733333983,46.889921120718675],[3.90232181,46.88823359],[3.9017849900501558,46.88725836307886],[3.900991094160386,46.886364949697395],[3.900835920661141,46.88623555610374],[3.9005158352180453,46.88655785538321],[3.9003100287530943,46.88675648006362],[3.9002727550479865,46.88679231291317],[3.899903246911966,46.887235356277365],[3.8997935962548804,46.88744189180417],[3.898773974788328,46.88856108835692],[3.897911943979375,46.889120088899936],[3.895475455980493,46.89075485028296],[3.8952505484476907,46.89082483465414],[3.8932224549985928,46.89227660213705],[3.893225943642481,46.89323588247486],[3.892565816549413,46.893841138211],[3.89054088,46.8959889],[3.8882730582920226,46.89462543886451],[3.8861244372937134,46.89246852288567],[3.8846562345974496,46.892192759646235],[3.88184353,46.89006132],[3.8813282744251953,46.88862338888778],[3.877931588929154,46.88695173021403],[3.87695535,46.88647128],[3.87627788,46.88564057],[3.8713498700866147,46.88226794935814],[3.8713469559851625,46.8822632949625],[3.870959334426693,46.879973144815594],[3.8706181602550056,46.879567417050296],[3.8703277199616726,46.878689453706826],[3.8697997097359313,46.87776109917448],[3.869678979114007,46.87744929387034],[3.8678768620508106,46.877722264555814],[3.867588438969636,46.87797521597994],[3.867324552277612,46.878205572465724],[3.8668204490510933,46.87860433043352],[3.8667214230885834,46.878691917302774],[3.8654676943331454,46.87965972791569],[3.8640714363982958,46.87888127158162],[3.8626938437458183,46.878560815207145],[3.862642307448248,46.87854314739269],[3.8598147448384172,46.87818197131999],[3.8595965652437485,46.87800453222979],[3.8592840341655648,46.87800016358848],[3.8592365993229794,46.878008388241355],[3.8580301503600665,46.8786429110796],[3.8580038331464213,46.878666023447586],[3.8575326453459677,46.878808765242795],[3.8571553937993865,46.878978547631924],[3.8568464574937003,46.87911758468702],[3.856674732942638,46.87920058250468],[3.8543777239387884,46.879943041853736],[3.85311513989816,46.87994261104522],[3.8530092649552135,46.87993426064438],[3.8526523786557414,46.879930625080426],[3.8516876717443567,46.88060666031675],[3.8513181445059717,46.880813537612894],[3.8510466569657744,46.88092711767099],[3.8509760736262844,46.8809506769191],[3.850825194434927,46.88099790302227],[3.84725587,46.88184978],[3.8459390798001767,46.88146019199879],[3.845824072764445,46.88103000401484],[3.8456819007967176,46.88103371284878],[3.8453917838011407,46.88109668992983],[3.8447871431088037,46.881081319559144],[3.8446199201193143,46.88104909100476],[3.844345174125844,46.88102347373603],[3.843718321226125,46.880574894372714],[3.842972500175569,46.88160502751773],[3.8408142487291648,46.88167613774697],[3.84064599461479,46.88175166840424],[3.839909956568969,46.882069473809466],[3.839609433277049,46.88248661789924],[3.8373396961997885,46.88170893553995],[3.8372854495512914,46.88190996568544],[3.835186,46.88203663],[3.83501518,46.88058234],[3.83324190985758,46.877411745373806],[3.8322557244502415,46.87560053420214],[3.83144907135307,46.875709604640356],[3.82425373,46.87684172],[3.82144327,46.87825007],[3.8139728182635344,46.88051051772593],[3.81359699,46.87953242],[3.81423298,46.87766505],[3.81399401,46.87533438],[3.81226522,46.87402062],[3.81108091,46.87189389],[3.8089326610260517,46.871353052665185],[3.8088624128174344,46.87130874417244]]]},"properties":{"CLE":"Pays Luzycois"}},
{"type":"Feature","geometry":{"type":"Polygon","coordinates":[[[3.34173032,43.69425062],[3.34216474,43.69751051],[3.34187977,43.69946908],[3.3395508,43.70361021],[3.34083464,43.70456263],[3.34012453,43.70692386],[3.33693904,43.70897451],[3.3357097,43.71055375],[3.33539137,43.71379172],[3.33392705,43.71543888],[3.33264767,43.71764921],[3.33253082,43.71936071],[3.33470231,43.72337987],[3.33571004,43.7243271],[3.33715639,43.72758674],[3.33982282,43.72987487],[3.34051837,43.73183851],[3.33484122,43.73353497],[3.33368867,43.73354921],[3.33135808,43.73622997],[3.3304709,43.7383242],[3.32933107,43.73925063],[3.32946889,43.74208531],[3.32994636,43.7429237],[3.32941651,43.74523542],[3.32783865,43.74504275],[3.32759172,43.74765902],[3.3299094,43.74710662],[3.33312251,43.74747523],[3.33663695,43.75037926],[3.33665844,43.75107803],[3.3401085,43.75229463],[3.34159232,43.75422434],[3.34129918,43.75496747],[3.34241125,43.75645775],[3.3406483,43.75885117],[3.3354887,43.75959427],[3.33529033,43.76008756],[3.33114819,43.76210162],[3.32936902,43.76051776],[3.32648981,43.76056233],[3.32383403,43.760205],[3.32275593,43.76132143],[3.31907498,43.76241445],[3.31830949,43.76176086],[3.31396234,43.76394909],[3.31262887,43.76171234],[3.30983487,43.75907148],[3.30794395,43.75680261],[3.30548164,43.75479349],[3.30535043,43.75288812],[3.30225462,43.74847367],[3.29866937,43.74405653],[3.29688097,43.74100812],[3.29617182,43.73789754],[3.29436436,43.73612416],[3.29336017,43.7357977],[3.29250076,43.73742784],[3.29084057,43.73796527],[3.28959323,43.73918322],[3.2871096,43.73954776],[3.28659379,43.74024119],[3.28414864,43.7402701],[3.28321582,43.73879272],[3.28503465,43.73677302],[3.28851209,43.73494625],[3.28793153,43.73403165],[3.28615904,43.73495705],[3.2837618,43.73556641],[3.2818966,43.73517963],[3.2777635,43.73533729],[3.27523643,43.73431347],[3.27098363,43.73371305],[3.26811575,43.73460047],[3.26549463,43.73471334],[3.26288015,43.73597767],[3.25701625,43.73181097],[3.25266791,43.73213843],[3.25274373,43.72997458],[3.25481563,43.72374246],[3.25385002,43.72143977],[3.25418139,43.71947743],[3.25220872,43.71660757],[3.25630271,43.71412534],[3.25784416,43.71388667],[3.26104449,43.71128256],[3.26384081,43.71119465],[3.26791696,43.71344095],[3.27004678,43.71560457],[3.26977622,43.71718859],[3.27089753,43.71803274],[3.27189246,43.72010745],[3.2754781,43.7149527],[3.27719689,43.71360848],[3.27954599,43.71299526],[3.281176,43.71373892],[3.28337716,43.71610105],[3.29320363,43.71761312],[3.29398749,43.72032529],[3.2944697,43.72740919],[3.29421132,43.72827077],[3.29614183,43.73145253],[3.29834301,43.73118791],[3.29932644,43.73206373],[3.30176475,43.7316284],[3.30525542,43.73011457],[3.304721,43.72935327],[3.30609512,43.72697571],[3.30604953,43.72515509],[3.30679527,43.72443833],[3.30652122,43.72194293],[3.30401116,43.71948161],[3.3050276,43.7185396],[3.30868612,43.71891541],[3.30937619,43.71825018],[3.3113991,43.71813679],[3.31243157,43.71879486],[3.31576765,43.71830651],[3.31959532,43.71856674],[3.32241068,43.71808791],[3.32110788,43.71490524],[3.31823165,43.71601284],[3.3173656,43.71570375],[3.31699649,43.71383901],[3.31516222,43.71282914],[3.31351274,43.70994173],[3.31533193,43.70762596],[3.31952252,43.70373977],[3.32413044,43.70424868],[3.32536994,43.70302643],[3.329172,43.7013108],[3.32962906,43.69941554],[3.33149148,43.69785911],[3.33344978,43.69775109],[3.33662982,43.69663163],[3.3398805,43.69627572],[3.34173032,43.69425062]]]},"properties":{"CLE":"Lodève"}},
{"type":"Feature","geometry":{"type":"Polygon","coordinates":[[[-0.3761073,43.3056782],[-0.3749513,43.2988659],[-0.3719472,43.2990533],[-0.370531,43.298413],[-0.3681707,43.2987253],[-0.366497,43.2970387],[-0.3645229,43.2982881],[-0.3625058,43.2983505],[-0.36139,43.2973198],[-0.358386,43.297476],[-0.3579139,43.3017237],[-0.3671836,43.3043158],[-0.3761073,43.3056782]]]},"properties":{"CLE":"Pau: Quartiers Foirail - Montpensier - Triangle - Les Anglais"}},
{"type":"Feature","geometry":{"type":"Polygon","coordinates":[[[-0.04969705,44.84804803],[-0.04477425,44.8504662],[-0.03967639,44.85180162],[-0.0340137,44.85216825],[-0.03357694,44.85368667],[-0.03468338,44.85517009],[-0.03323956,44.85577675],[-0.02551934,44.85708206],[-0.01751707,44.85772793],[-0.01447908,44.85768671],[-0.01034289,44.858334],[-0.00820496,44.86074978],[-0.00876148,44.86158884],[-0.00774842,44.86323736],[-0.00880741,44.86381178],[-0.00849377,44.8651433],[-0.00874001,44.86752705],[-0.00556001,44.86838067],[-0.00499276,44.8694074],[-0.00362809,44.86939127],[-0.00087012,44.87014819],[-0.00004756,44.87102989],[-0.00046197,44.87222358],[0.00290197,44.87392733],[0.00171691,44.87561946],[0.00034663,44.87568307],[-0.001146,44.87372217],[-0.00622551,44.87430281],[-0.00925511,44.87414746],[-0.01070455,44.87358729],[-0.01200442,44.87418587],[-0.01694998,44.87222199],[-0.01657253,44.86972099],[-0.01707047,44.86746082],[-0.0224298,44.86839521],[-0.02314399,44.86888175],[-0.02744263,44.86965531],[-0.02674126,44.87103793],[-0.02907779,44.87167057],[-0.03378993,44.87117615],[-0.03323171,44.86911153],[-0.03572168,44.86977011],[-0.03766347,44.86934279],[-0.03899084,44.8683722],[-0.04073252,44.86585447],[-0.04598751,44.86529725],[-0.04663928,44.8644089],[-0.04652595,44.86226491],[-0.04727675,44.8591715],[-0.04953967,44.85867522],[-0.05077789,44.85778811],[-0.05174195,44.85568703],[-0.05208281,44.85070076],[-0.05109437,44.84910947],[-0.04969705,44.84804803]]]},"properties":{"CLE":"Castillon-la-Bataille"}},
{"type":"Feature","geometry":{"type":"Polygon","coordinates":[[[2.34024298,49.03842265],[2.3444475,49.04015181],[2.34706112,49.04202325],[2.34972685,49.04049235],[2.35254377,49.04268416],[2.35170123249937,49.04487776404911],[2.36369915,49.04965631],[2.3676802,49.05443619],[2.36973168,49.05459605],[2.37267515,49.05703412],[2.37391603,49.06038491],[2.37554734,49.06338299],[2.37267127,49.06532263],[2.36724365,49.06828141],[2.36463166,49.06882538],[2.35390699,49.06974623],[2.35410905,49.07003766],[2.3460685,49.07407435],[2.3440645,49.07447776],[2.34181661,49.0740363],[2.34138401,49.0760603],[2.33807099,49.07629197],[2.33431035,49.07540594],[2.33546294,49.07146145],[2.33368294,49.06747859],[2.3310894,49.06804244],[2.33146903,49.06660758],[2.32878926,49.0664227],[2.32953517,49.06486814],[2.33512534,49.05137287],[2.3358422911481225,49.05158932037337],[2.33425956,49.04926783],[2.32871012,49.0517564],[2.32706632,49.05197334],[2.321789238216453,49.05091772164566],[2.31761748,49.04991467],[2.31699652,49.04938592],[2.31261366,49.04940094],[2.30646612,49.04697626],[2.30438996,49.04695913],[2.30112232,49.04825335],[2.29988525,49.05030287],[2.29670401,49.04951755],[2.29028257,49.04633781],[2.28618874,49.05019071],[2.28450269,49.04847139],[2.28460036,49.0465664],[2.28128059,49.04372678],[2.27676209,49.04185593],[2.27532964,49.03984414],[2.27477074,49.03632163],[2.28325551,49.03369076],[2.28365584,49.03312332],[2.2865489,49.0326788],[2.29384591,49.03043865],[2.29569651,49.03201442],[2.29795489,49.03305445],[2.29928495,49.03519532],[2.30100683,49.03407541],[2.30154475,49.03681725],[2.3056905,49.03726131],[2.31025454,49.04000338],[2.31214398,49.03754429],[2.31351714,49.03814409],[2.31707446,49.04052037],[2.31938912,49.04145987],[2.32186092,49.04356934],[2.32437963,49.04458119],[2.3228146039378075,49.04842817669373],[2.32479324,49.0441421],[2.32911489,49.0453136],[2.33142403,49.04715103],[2.33480707,49.04522953],[2.33728265,49.04508136],[2.34024298,49.03842265]]]},"properties":{"CLE":"Bouffemont-Attainville-Moisselles (BAM)"}},
{"type":"Feature","geometry":{"type":"Polygon","coordinates":[[[5.69941045169062,45.141416949427835],[5.703968496772836,45.140116398745015],[5.705877128129725,45.14574961253083],[5.708951235914257,45.15486277372594],[5.710412595871712,45.15859321234652],[5.709209385086071,45.1585963106117],[5.704332611926585,45.158695262417154],[5.699699203886908,45.16043052152662],[5.698835098723333,45.157174718782265],[5.69784223726094,45.15507342448661],[5.695826114820006,45.15411401711622],[5.693273480257965,45.151400798641504],[5.691608629926439,45.1488489995436],[5.691065786994834,45.14728006060319],[5.688854161788323,45.14301793950358],[5.693061927755402,45.142365948679405],[5.69941045169062,45.141416949427835]]]},"properties":{"CLE":"Echirolles Ouest"}},
{"type":"Feature","geometry":{"type":"Polygon","coordinates":[[[-0.09708313,47.09207085],[-0.0946033,47.09558696],[-0.09290139,47.09629872],[-0.08882774,47.09878648],[-0.08157977,47.10448801],[-0.07889017,47.10627274],[-0.07779198,47.10616188],[-0.07410203,47.10896917],[-0.0710969,47.11013716],[-0.06996161,47.11107614],[-0.06989696,47.11306841],[-0.06851412,47.11401908],[-0.06649209,47.11632708],[-0.06514303,47.1166791],[-0.06341713,47.11797351],[-0.06343217,47.11993022],[-0.06490769,47.12240026],[-0.06374685,47.12339075],[-0.06361565,47.12504581],[-0.06189158,47.12981962],[-0.06179454,47.13072749],[-0.06305928,47.13347811],[-0.06440427,47.13372457],[-0.07253215,47.12976589],[-0.0768692,47.1270889],[-0.08028692,47.12548282],[-0.08673811,47.12918288],[-0.08835203,47.12979526],[-0.0855651,47.13588869],[-0.08258741,47.14314496],[-0.08113974,47.14912729],[-0.08257499,47.15599577],[-0.08379757,47.15960224],[-0.08600566,47.16225018],[-0.08714471,47.16181183],[-0.08984197,47.16292219],[-0.09380546,47.16156231],[-0.09542164,47.15992597],[-0.09716463,47.15714106],[-0.09863661,47.15712949],[-0.10093467,47.15799386],[-0.1018926,47.15718027],[-0.10887021,47.15421877],[-0.10930711,47.15587638],[-0.11211466,47.15603749],[-0.11431071,47.15684101],[-0.11688712,47.15864372],[-0.11778721,47.15804175],[-0.12033788,47.15984624],[-0.12214797,47.15873902],[-0.12428399,47.16057003],[-0.12592993,47.15917561],[-0.13025324,47.15646962],[-0.1334094,47.15850136],[-0.13632568,47.15992837],[-0.14042071,47.16087724],[-0.14213852,47.16023648],[-0.14402663,47.16028214],[-0.14586146,47.16100506],[-0.14724736,47.16080907],[-0.15099457,47.1624708],[-0.15333124,47.16492672],[-0.15202582,47.16508176],[-0.15253799,47.16724896],[-0.15595299,47.16718669],[-0.1577451,47.16621085],[-0.15848319,47.16720767],[-0.16114437,47.16534425],[-0.1609367,47.16379677],[-0.1618885,47.1622668],[-0.16652846,47.16234381],[-0.17101606,47.16130297],[-0.16821503,47.15835742],[-0.16814013,47.15710508],[-0.16664834,47.15562392],[-0.16634333,47.1543795],[-0.16942303,47.1507403],[-0.17440288,47.14879172],[-0.17554136,47.1478043],[-0.1731921,47.14604979],[-0.17182658,47.14449234],[-0.17283759,47.14365316],[-0.17140098,47.13845032],[-0.17014632,47.13685855],[-0.16619203,47.13281586],[-0.16491682,47.13097736],[-0.17019051,47.12841951],[-0.17082117,47.12733378],[-0.17047027,47.12605998],[-0.16773299,47.12446315],[-0.1659793,47.12222546],[-0.16618537,47.12113183],[-0.16935978,47.11898411],[-0.17189145,47.11869808],[-0.17423473,47.12023337],[-0.1769674,47.120528],[-0.17753212,47.12210587],[-0.18097697,47.12297967],[-0.18294142,47.12215324],[-0.1864895,47.11914454],[-0.18753935,47.11742543],[-0.18599492,47.11257194],[-0.18609932,47.10944949],[-0.18523243,47.1084125],[-0.17997781,47.10820568],[-0.17612229,47.10696229],[-0.17245017,47.10519277],[-0.16729667,47.10400543],[-0.16125584,47.10330799],[-0.15669141,47.10160626],[-0.15202296,47.10100627],[-0.14897164,47.1016224],[-0.14505724,47.10349075],[-0.14129292,47.10401291],[-0.13240356,47.09862631],[-0.12796391,47.09729565],[-0.12167381,47.09935767],[-0.11591361,47.09935272],[-0.10976296,47.09537978],[-0.10670916,47.09441188],[-0.09708313,47.09207085]]]},"properties":{"CLE":"Montreuil-Bellay"}},
{"type":"Feature","geometry":{"type":"Polygon","coordinates":[[[-0.082703244370428,47.252060679343444],[-0.079820895477824,47.25058301674489],[-0.078996627559741,47.24943708329779],[-0.079642471629703,47.24086771256404],[-0.07936101429182,47.239440321779064],[-0.077310336101996,47.23705513184539],[-0.074393961099931,47.23706475684539],[-0.073864586099556,47.23401363184322],[-0.070178211096946,47.23375375684306],[-0.06850346109576,47.23413875684333],[-0.06279703921672,47.23375616309308],[-0.060318601714966,47.23284178809243],[-0.059117882964115,47.233546819342926],[-0.059765164214574,47.23520231934411],[-0.064394789217851,47.238936819346755],[-0.066719226719497,47.2400485068475],[-0.065606336093709,47.240857006848096],[-0.067054898594735,47.242324819349136],[-0.067873023595314,47.243980319350314],[-0.063118273591948,47.24506794435108],[-0.062819898591736,47.24605931935178],[-0.059653273589494,47.244615569350756],[-0.057121898587702,47.24718544435257],[-0.057423882962916,47.249820288104445],[-0.060123907849958,47.25055663011947],[-0.063365693259495,47.25209459343004],[-0.065044385239007,47.253471723976105],[-0.069816594923278,47.2559834794155],[-0.070982632465933,47.25597091435577],[-0.072993042022235,47.25484508500425],[-0.071803632973097,47.25329491310694],[-0.072068320473284,47.25239978810631],[-0.070629382972265,47.25050847560497],[-0.074068611134856,47.25078405770052],[-0.080773327005122,47.252276786796074],[-0.082703244370428,47.252060679343444]]]},"properties":{"CLE":"Saumur Hauts Quartiers Chemin Vert"}},
{"type":"Feature","geometry":{"type":"Polygon","coordinates":[[[2.371127517270895,48.899732213386486],[2.371630838335707,48.89587107318343],[2.374156695885227,48.896874706364876],[2.378971554012589,48.89782844334565],[2.385799028767027,48.89819400008785],[2.383027729652549,48.89894881775324],[2.38115322877514,48.89990738091672],[2.371127517270895,48.899732213386486]]]},"properties":{"CLE":"Paris 19e - Rosa Parks"}},
{"type":"Feature","geometry":{"type":"Polygon","coordinates":[[[-3.2704999095866434,48.14058016243602],[-3.27168995,48.14008772],[-3.27552503,48.14354831],[-3.27809707,48.14217153],[-3.28126615,48.14128144],[-3.28272924,48.14140051],[-3.28819656,48.14671963],[-3.28918319,48.1486226],[-3.29181061,48.14976576],[-3.29193497,48.15124773],[-3.2906144,48.15229526],[-3.29280267,48.15315712],[-3.29480418,48.1517343],[-3.29723716,48.15143117],[-3.29775149,48.15455486],[-3.30154309,48.15413772],[-3.30450665,48.1553817],[-3.30750982,48.15609966],[-3.31015108,48.15545346],[-3.31040344,48.1539809],[-3.315605,48.15551341],[-3.31577717,48.15337388],[-3.31757383,48.14990949],[-3.31786827,48.14786124],[-3.31974469,48.14600034],[-3.3202771,48.14457111],[-3.32255226,48.14274813],[-3.32078738,48.1423882],[-3.32144066,48.14054679],[-3.32120736,48.13832355],[-3.32226862,48.13701836],[-3.32560645,48.13630147],[-3.32796869,48.13518286],[-3.3283913,48.13230282],[-3.32665311,48.13119265],[-3.32888904,48.12849063],[-3.33068402,48.12970577],[-3.33221685,48.12872419],[-3.33270749,48.12723545],[-3.33580505,48.12720279],[-3.33702308,48.12381422],[-3.33859437,48.12309668],[-3.33957436,48.12152728],[-3.34159812,48.12140388],[-3.34342382,48.12206208],[-3.34650172,48.1210692],[-3.34670173,48.11877779],[-3.34566064,48.11718496],[-3.34297976,48.11865475],[-3.34230076,48.11848389],[-3.34038251,48.11607166],[-3.33866692,48.11510138],[-3.3367555,48.1126054],[-3.33681144,48.11067475],[-3.33249566,48.10881527],[-3.32805708,48.10765673],[-3.32483996,48.10730298],[-3.3236429,48.10622427],[-3.32092382,48.10611023],[-3.32144465,48.1027978],[-3.3214209,48.09978419],[-3.32288378,48.0995363],[-3.32352854,48.09796959],[-3.3248595,48.0971566],[-3.32491064,48.09595157],[-3.32218544,48.09310439],[-3.32222947,48.08991225],[-3.32317475,48.08951892],[-3.3257014,48.09010643],[-3.32943464,48.08880827],[-3.33007827,48.08769997],[-3.33159646,48.08691978],[-3.33536132,48.08782137],[-3.33778471,48.08755375],[-3.34092604,48.08661237],[-3.34321834,48.08748026],[-3.34371672,48.08648768],[-3.34241151,48.08505217],[-3.34156386,48.08239796],[-3.34194226,48.08117497],[-3.34344357,48.07978957],[-3.34361066,48.07876727],[-3.34552746,48.0779446],[-3.34492039,48.075442],[-3.34539915,48.07374367],[-3.34480869,48.07072865],[-3.34676763,48.07044524],[-3.35004498,48.07065916],[-3.35087528,48.06942723],[-3.3531619,48.06869619],[-3.352199,48.06647816],[-3.35107295,48.06612489],[-3.34999319,48.06256294],[-3.34814311,48.06049888],[-3.3452091,48.05911643],[-3.34444597,48.05829158],[-3.34406606,48.05630239],[-3.34526096,48.05051923],[-3.3441145,48.04980219],[-3.34334306,48.04803211],[-3.34196899,48.04660719],[-3.34021145,48.04734997],[-3.33731531,48.04531548],[-3.33451235,48.0451928],[-3.33241626,48.04231819],[-3.33285996,48.04101502],[-3.33040631,48.03997083],[-3.32923352,48.04054968],[-3.32493109,48.04042378],[-3.32166913,48.04209018],[-3.3214505,48.04339652],[-3.32034617,48.04425534],[-3.3174313,48.04469186],[-3.31447528,48.04471118],[-3.31423219,48.04260382],[-3.31158111,48.0428916],[-3.31040302,48.0435702],[-3.31006025,48.04519788],[-3.31042307,48.04746013],[-3.30942099,48.04871164],[-3.31048995,48.05023055],[-3.3093516,48.0513415],[-3.30951146,48.0533068],[-3.30772495,48.05253109],[-3.30698161,48.05069424],[-3.30412253,48.04903373],[-3.30118512,48.05053051],[-3.29495941,48.05075041],[-3.29485808,48.05360301],[-3.29220863,48.05439685],[-3.28985967,48.05449975],[-3.2856631,48.05349085],[-3.28237771,48.05302305],[-3.2831066,48.05157103],[-3.28150617,48.05086831],[-3.2774947,48.04804658],[-3.27661463,48.04944517],[-3.27701965,48.05159406],[-3.27577735,48.05392012],[-3.27739836,48.05475073],[-3.27737358,48.05582485],[-3.27532504,48.05653944],[-3.27400053,48.05766697],[-3.27320503,48.05927972],[-3.27072119,48.05935538],[-3.26899631,48.05986237],[-3.2678715,48.05868671],[-3.26525862,48.05824864],[-3.26235136,48.05910128],[-3.261231,48.05983403],[-3.25936437,48.05884098],[-3.25850193,48.05961982],[-3.25506625,48.05919337],[-3.2539426,48.05767658],[-3.25097473,48.05967381],[-3.25103522,48.06032379],[-3.24722427,48.06088431],[-3.24498076,48.06090423],[-3.24283703,48.06207371],[-3.23775418,48.06140312],[-3.237176,48.0596712],[-3.2345575,48.05632736],[-3.23219421,48.05693942],[-3.23074982,48.05621775],[-3.22822288,48.05680104],[-3.22790081,48.05583598],[-3.22492087,48.05582125],[-3.222577038569815,48.055163939640124],[-3.22206509,48.05366431],[-3.22397842,48.05256238],[-3.22430211,48.05126785],[-3.22214048,48.05036959],[-3.22254576,48.04771789],[-3.221142,48.04740315],[-3.22045065,48.04630833],[-3.22214774,48.04485362],[-3.21891662,48.04345769],[-3.2175681,48.04484219],[-3.21593287,48.04399605],[-3.21637305,48.04295932],[-3.21437342,48.04191778],[-3.21327644,48.04000307],[-3.21037627,48.03955737],[-3.2078518,48.03739951],[-3.20543221,48.03685303],[-3.2048575,48.03736315],[-3.20032217,48.03916978],[-3.19558013,48.0436071],[-3.19192273,48.04294145],[-3.18985667,48.04161895],[-3.18828583,48.03853146],[-3.18973425,48.03706318],[-3.18868301,48.03623954],[-3.18939138,48.03360229],[-3.1891242,48.03233314],[-3.18771819,48.03016236],[-3.18892898,48.02861099],[-3.18798036,48.02713934],[-3.18514485,48.02666159],[-3.1845866,48.02555218],[-3.18001719,48.02596922],[-3.1780383,48.02709747],[-3.17692424,48.0285576],[-3.17793579,48.03023164],[-3.17690381,48.03181094],[-3.17579854,48.03226368],[-3.17556109,48.03410494],[-3.1724262,48.03362392],[-3.17203295,48.03492733],[-3.16961115,48.03767038],[-3.16658717,48.03945261],[-3.16576482,48.04215692],[-3.16870164,48.04761729],[-3.17062802,48.04837023],[-3.1685927,48.04985974],[-3.16468237,48.05150181],[-3.16320276,48.05177122],[-3.16229428,48.05434504],[-3.16024274,48.05828105],[-3.15753571,48.05977646],[-3.15504858,48.05982882],[-3.15435291,48.0612392],[-3.15109088,48.06230857],[-3.14792672,48.06473702],[-3.14039936,48.06776899],[-3.1418548,48.06912503],[-3.14282858,48.07163303],[-3.1455078,48.07204524],[-3.14723547,48.07323283],[-3.14909477,48.07372619],[-3.14934729,48.0761158],[-3.15161978,48.07707952],[-3.15356395,48.0789573],[-3.15322005,48.08171397],[-3.15402594,48.08290539],[-3.1583397,48.08471397],[-3.1575432,48.08778688],[-3.15763738,48.08937297],[-3.15922363,48.09054553],[-3.15928882,48.09203159],[-3.16058681,48.09421732],[-3.16181345,48.09460537],[-3.16326714,48.096923],[-3.16587902,48.0971312],[-3.16723457,48.09795272],[-3.16801695,48.09941535],[-3.16993337,48.09885543],[-3.17376201,48.09315206],[-3.1735767,48.09182095],[-3.17019721,48.09044272],[-3.17086167,48.08896612],[-3.1731574,48.08935617],[-3.17336536,48.08850428],[-3.17685284,48.08613296],[-3.18057301,48.08526064],[-3.18132581,48.08477292],[-3.1832673,48.08591992],[-3.18441964,48.08510545],[-3.18812845,48.08617793],[-3.19173259,48.08594401],[-3.19345974,48.08538541],[-3.19858165,48.08665701],[-3.2004525528269903,48.086369544720455],[-3.19989485,48.08813194],[-3.20244866,48.0894036],[-3.20343956,48.09046295],[-3.20564006,48.0945808],[-3.20491841,48.09692638],[-3.20672881,48.09870097],[-3.20805963,48.09917088],[-3.20870728,48.10096861],[-3.21022592,48.10255311],[-3.20869518,48.10405402],[-3.20940319,48.1053995],[-3.21089865,48.10641014],[-3.21229974,48.10855928],[-3.21399594,48.1094146],[-3.21429841,48.11048378],[-3.2105948,48.11232708],[-3.21255291,48.11308673],[-3.21358219,48.11426836],[-3.21363245,48.11566696],[-3.21266534,48.11730802],[-3.21500251,48.12071283],[-3.21134082,48.12263865],[-3.20961891,48.12258302],[-3.20714902,48.12403945],[-3.21041654,48.12565076],[-3.2084656,48.12857475],[-3.20432927,48.12912537],[-3.20516478,48.13176951],[-3.20684808,48.13253176],[-3.20705474,48.13414133],[-3.20516497,48.13589419],[-3.20504354,48.13813565],[-3.20803375,48.14086485],[-3.21007448,48.14144015],[-3.211745214094246,48.14262260985205],[-3.21158697,48.14260724],[-3.21139693,48.14476323],[-3.21305796,48.14618721],[-3.21473955,48.14688293],[-3.21564013,48.14830314],[-3.21478532,48.15078018],[-3.21585443,48.15250588],[-3.2147722,48.15426362],[-3.21313653,48.15497155],[-3.20795239,48.1539108],[-3.20847028,48.15567653],[-3.20743377,48.15589797],[-3.20698878,48.15743148],[-3.20600004,48.15776105],[-3.20556275,48.15976964],[-3.20269277,48.16129836],[-3.19975381,48.162453],[-3.19852161,48.16230574],[-3.19518233,48.16304798],[-3.19262654,48.16504649],[-3.19012317,48.16381165],[-3.18840756,48.16342181],[-3.18484117,48.16154546],[-3.18134664,48.16075385],[-3.17907978,48.1609135],[-3.17716983,48.16257198],[-3.17845105,48.16518607],[-3.17727625,48.16618022],[-3.17520501,48.16648459],[-3.17117582,48.16774245],[-3.16788282,48.1670221],[-3.16441733,48.16825841],[-3.16212315,48.16945799],[-3.15973582,48.16899654],[-3.15975474,48.17050129],[-3.16681923,48.17634662],[-3.17040354,48.17859136],[-3.168113,48.17930942],[-3.16283286,48.18425316],[-3.15994656,48.18734772],[-3.1589111,48.18680066],[-3.15588372,48.18872538],[-3.15466292,48.19002454],[-3.15643975,48.19149051],[-3.16155573,48.19400028],[-3.1658826765646375,48.19708033002654],[-3.16387565,48.19601493],[-3.16134831,48.19610276],[-3.16351194,48.19859022],[-3.16255887,48.20181157],[-3.15761282,48.20060776],[-3.15162047,48.20292542],[-3.15094632,48.20414381],[-3.15303103,48.20614548],[-3.14851002,48.20661575],[-3.14458676,48.20851956],[-3.1410153,48.21065309],[-3.13948958,48.2107524],[-3.13372283,48.21250342],[-3.13151949,48.21350888],[-3.13792175,48.21438017],[-3.14352638,48.21458647],[-3.15074081,48.21318707],[-3.15441399,48.21203195],[-3.1578979,48.21268253],[-3.1602141,48.21490441],[-3.1607564,48.21641876],[-3.15993149,48.21829796],[-3.16099578,48.21979253],[-3.16231883,48.22012196],[-3.16568174,48.21914978],[-3.16872476,48.21893756],[-3.16994754,48.21930192],[-3.17136891,48.22088703],[-3.17178357,48.2235112],[-3.17341204,48.22496261],[-3.17934277,48.22474244],[-3.18045794,48.22544475],[-3.18535412,48.22665522],[-3.18817953,48.22626133],[-3.18945739,48.22534371],[-3.1920665,48.2245746],[-3.19425327,48.22311848],[-3.19700759,48.22213394],[-3.19872939,48.22074214],[-3.20088326,48.22026642],[-3.2044705675405245,48.218261384509816],[-3.20540499,48.21977259],[-3.20735013,48.22076024],[-3.20716568,48.22257336],[-3.21023,48.22514581],[-3.21367583,48.2262704],[-3.21163538,48.23081283],[-3.21277462,48.23129391],[-3.21014101,48.23625724],[-3.21043791,48.23747297],[-3.20779936,48.23718026],[-3.20824205,48.24055815],[-3.20769349,48.24255973],[-3.20594245,48.24233822],[-3.2049811,48.24312689],[-3.20221035,48.24371873],[-3.20479355,48.24598448],[-3.20706603,48.24619338],[-3.20641291,48.2502346],[-3.20115749,48.25129515],[-3.19778983,48.25307175],[-3.18982194,48.25358016],[-3.18942026,48.25446468],[-3.18545276,48.25770475],[-3.1842093,48.25722137],[-3.18056016,48.25684848],[-3.18037598,48.25785225],[-3.17869899,48.2580203],[-3.17678781,48.25980417],[-3.17649554,48.26150437],[-3.17802289,48.26180718],[-3.18014996,48.26298776],[-3.18126673,48.26273704],[-3.18420376,48.26345338],[-3.18598281,48.26542466],[-3.18803138,48.26524651],[-3.18907421,48.26586899],[-3.19417465,48.26345981],[-3.19606495,48.26416059],[-3.19818552,48.26341341],[-3.20022298,48.26372796],[-3.20463469,48.26302723],[-3.20620572,48.2636764],[-3.20931829,48.26369545],[-3.21127779,48.26409983],[-3.21329133,48.26367723],[-3.21711638,48.26525273],[-3.21720739,48.26572664],[-3.22180264,48.26629317],[-3.22235181,48.26488205],[-3.2239587,48.2643464],[-3.22658726,48.26175623],[-3.22888137,48.26069776],[-3.23076979,48.25908817],[-3.23276904,48.25861372],[-3.2366093,48.25988291],[-3.23887701,48.25788687],[-3.24113445,48.25728714],[-3.24301611,48.25588997],[-3.24623128,48.25479946],[-3.24931452,48.25600415],[-3.25311776,48.25595177],[-3.25508014,48.2563042],[-3.25992412,48.25557553],[-3.26273799,48.25602401],[-3.26473685,48.25886983],[-3.26698545,48.25998482],[-3.26656668,48.26122186],[-3.27152166,48.26312938],[-3.27588012,48.26131027],[-3.2786909,48.26091994],[-3.28049402,48.26011373],[-3.28108289,48.26209691],[-3.2835342,48.26456638],[-3.28656371,48.26387286],[-3.28961825,48.26404966],[-3.29359913,48.26251907],[-3.29549307,48.25983411],[-3.29788297,48.25873193],[-3.2992287503342363,48.25667063950253],[-3.3003081,48.25533397],[-3.30274213,48.25635961],[-3.3082255,48.25808154],[-3.3107089,48.25910944],[-3.31659799,48.2608279],[-3.31940086,48.26106904],[-3.3204842,48.26233492],[-3.32253211,48.26243833],[-3.3218304,48.25950343],[-3.32278558,48.25577234],[-3.3255027,48.2571427],[-3.32619805,48.25687642],[-3.32985442,48.25779303],[-3.33071122,48.25657009],[-3.33036188,48.25547081],[-3.33214795,48.25233102],[-3.33319266,48.25171385],[-3.33541291,48.25318884],[-3.33796743,48.25239261],[-3.33721985,48.25087856],[-3.33799152,48.24966824],[-3.34256447,48.25308145],[-3.34853246,48.25512655],[-3.34804358,48.25377339],[-3.35095253,48.25363363],[-3.35329983,48.2531219],[-3.35612011,48.25177611],[-3.35430004,48.25074996],[-3.35588209,48.24997788],[-3.35559715,48.2488239],[-3.35706179,48.24751453],[-3.35053487,48.24436701],[-3.34751222,48.23982295],[-3.34758183,48.23859507],[-3.3496098,48.23677235],[-3.35766843,48.23525518],[-3.35430205,48.23263158],[-3.35284179,48.22891939],[-3.35292475,48.22251219],[-3.34953112,48.22400561],[-3.34757772,48.22412667],[-3.34554135,48.223352],[-3.34333174,48.22038875],[-3.33722762,48.21820599],[-3.33517689,48.21526196],[-3.32953438,48.21126943],[-3.32511967,48.21033137],[-3.32073743,48.21084164],[-3.32062483,48.21002498],[-3.31888055,48.20820067],[-3.32221085,48.2066104],[-3.32697857,48.20385542],[-3.32756553,48.20195878],[-3.32671413,48.20109737],[-3.32461183,48.20136808],[-3.32415913,48.198486],[-3.32122703,48.19835687],[-3.31822411,48.19603065],[-3.31628594,48.19242353],[-3.31773717,48.19235196],[-3.32079464,48.19135049],[-3.3205828,48.1892381],[-3.32333094,48.18991401],[-3.32654451,48.18668879],[-3.32425396,48.18590373],[-3.32136687,48.1859673],[-3.31760253,48.18484459],[-3.31200886,48.18362416],[-3.30715018,48.18508229],[-3.30615884,48.18415505],[-3.30149622,48.18379113],[-3.29752232,48.18391152],[-3.2897154,48.18229392],[-3.28694556,48.18452825],[-3.28499761,48.1848312],[-3.28467709,48.18617051],[-3.28532651,48.188478],[-3.28189181,48.18914371],[-3.2811839,48.18770895],[-3.27694468,48.18598728],[-3.27348356,48.18635909],[-3.2718208,48.18909415],[-3.27103691,48.18954324],[-3.26991673,48.19314589],[-3.26563382,48.19361458],[-3.26383416,48.19256002],[-3.261437989867089,48.1936678165209],[-3.25985126,48.19384587],[-3.25850265,48.19569414],[-3.25640786,48.19578695],[-3.2533580955492605,48.195088949516325],[-3.25547885,48.19543992],[-3.25626465,48.19280415],[-3.25466311,48.19232944],[-3.25461479,48.19115714],[-3.25338662,48.18908256],[-3.25236256,48.18871365],[-3.25132576,48.18657844],[-3.25114489,48.18501629],[-3.25016158,48.183315],[-3.2533539,48.17967365],[-3.25530838,48.17984132],[-3.25382362,48.17799311],[-3.25593606,48.17574802],[-3.25574984,48.17424969],[-3.25474083,48.17384274],[-3.25587474,48.17217078],[-3.25461057,48.17025923],[-3.25704079,48.16893218],[-3.25494892,48.1659409],[-3.25205809,48.16632338],[-3.25162804,48.16521844],[-3.246924019194946,48.16493301116393],[-3.25174941,48.16514277],[-3.25219847,48.16623171],[-3.25506719,48.1658551],[-3.2553387,48.16418622],[-3.25388278,48.16058481],[-3.25656601,48.1590162],[-3.25644742,48.15745984],[-3.25798032,48.15498844],[-3.25657468,48.15304588],[-3.25677075,48.14982021],[-3.252808287870242,48.14932075077747],[-3.25347139,48.14803916],[-3.25649849,48.14794289],[-3.25941424,48.14327346],[-3.26098635,48.14466545],[-3.2635225,48.14483647],[-3.26589377,48.14591824],[-3.26797923,48.14543787],[-3.26992922,48.14387731],[-3.27064713,48.142483],[-3.2704999095866434,48.14058016243602]]]},"properties":{"CLE":"Centre Ouest Bretagne"}},
{"type":"Feature","geometry":{"type":"Polygon","coordinates":[[[4.6410091,44.51414745],[4.64408024,44.51580766],[4.64423569,44.51691133],[4.64732568,44.52027999],[4.64848674,44.51984197],[4.65405773,44.51925996],[4.65573697,44.51886479],[4.66298517,44.51641182],[4.66311689,44.5181888],[4.67095176,44.52211298],[4.67394523,44.52151529],[4.67667669,44.52198455],[4.67919642,44.52163847],[4.68451688,44.5214541],[4.68724821,44.5202601],[4.68859543,44.52287217],[4.68841403,44.52520373],[4.689219,44.52526452],[4.70280998,44.52473745],[4.70390698,44.52682168],[4.70398048,44.52821478],[4.7053392,44.53002951],[4.70694867,44.53079135],[4.70573116,44.53385455],[4.7030404,44.53608173],[4.70151856,44.53892079],[4.69853712,44.54074372],[4.69765978,44.54184711],[4.69580037,44.5426126],[4.69324925,44.54265798],[4.69214665,44.54844157],[4.69216181,44.55718175],[4.69286865,44.55900269],[4.69425093,44.56047326],[4.69596092,44.56312737],[4.68757337,44.56568652],[4.68646727,44.56688967],[4.6829139,44.56627133],[4.67979093,44.56498604],[4.67893238,44.56533595],[4.67366739,44.56577676],[4.67388406,44.56626152],[4.66295222,44.56834848],[4.6609922,44.57066653],[4.66111674,44.5716754],[4.66309391,44.57456327],[4.66108376,44.57857924],[4.66107149,44.58000708],[4.65693703,44.58067949],[4.65483042,44.57868813],[4.65402237,44.57670314],[4.65298249,44.57620717],[4.65266514,44.57455952],[4.65274746,44.57149454],[4.65021163,44.56850635],[4.65102889,44.5677492],[4.64968641,44.56597406],[4.64856709,44.56194818],[4.64445702,44.55849714],[4.6387998,44.55791105],[4.63667725,44.55328082],[4.63152655,44.55450924],[4.62737444,44.55004686],[4.62593815,44.54981797],[4.62545826,44.54775325],[4.62589927,44.54496562],[4.62685052,44.54343664],[4.62724366,44.54090489],[4.62852591,44.53842846],[4.63270763,44.53560761],[4.63239536,44.53460781],[4.63412034,44.53163098],[4.63628854,44.53047288],[4.63506252,44.52875207],[4.63499634,44.52742259],[4.63615284,44.52613649],[4.63540113,44.52459243],[4.6354052,44.52259857],[4.63409144,44.5221274],[4.63717185,44.51984006],[4.63919533,44.51789781],[4.63966946,44.51613063],[4.6410091,44.51414745]]]},"properties":{"CLE":"Le Teil"}},
{"type":"Feature","geometry":{"type":"Polygon","coordinates":[[[-2.757137861333228,47.669970803657186],[-2.750384992891179,47.67067377364527],[-2.745511452766166,47.67036963088811],[-2.741836299324051,47.66974190615055],[-2.743146825722781,47.67121432023494],[-2.746743818595181,47.6738276832243],[-2.746976437400209,47.675697877895466],[-2.749902200538704,47.68121632111569],[-2.751107121924581,47.6811808733935],[-2.758225259339991,47.67953728512387],[-2.761772975549432,47.67889862338275],[-2.763409271623519,47.679854784900854],[-2.765058169968889,47.681605389924336],[-2.766314193008197,47.6842805735774],[-2.766143915880068,47.690425396148136],[-2.768193363031872,47.69229742132098],[-2.771214496572268,47.69406227404139],[-2.773081239335041,47.69453673902332],[-2.77687044171217,47.69346126027264],[-2.779694089413885,47.6913619271166],[-2.784077227331192,47.689038697103065],[-2.785156921983605,47.687376045846236],[-2.790265399697085,47.686965274237906],[-2.791627336669113,47.68659040751455],[-2.796203931260966,47.68426040736185],[-2.799006983300901,47.68216634634842],[-2.80000984025853,47.67766984143897],[-2.799775804849986,47.67633131258138],[-2.797626823458237,47.67462403871782],[-2.797591000723231,47.67312945249989],[-2.794185606222999,47.67370019871659],[-2.790108570606957,47.67385832889436],[-2.787697500055738,47.673448158487645],[-2.784870755452174,47.67233564156823],[-2.779201078837019,47.66918254829972],[-2.775481070205237,47.668096008570366],[-2.769723361742581,47.668694907282614],[-2.762405447921323,47.66943374456078],[-2.757137861333228,47.669970803657186]]]},"properties":{"CLE":"Vannes secteur de Ménimur"}},
{"type":"Feature","geometry":{"type":"Polygon","coordinates":[[[-2.05375981,47.37913116],[-2.04206189,47.38083645],[-2.0421888,47.38286867],[-2.03652617,47.3882688],[-2.03470481,47.38884878],[-2.033656,47.39072809],[-2.03047311,47.39358999],[-2.02792515,47.39523532],[-2.03228281,47.39652916],[-2.03417591,47.39592501],[-2.03648862,47.39717382],[-2.04071784,47.39877988],[-2.04199506,47.39976585],[-2.03980854,47.40058292],[-2.03755174,47.40226769],[-2.03486648,47.40477361],[-2.03322712,47.40688569],[-2.03328217,47.40869783],[-2.03211839,47.41053057],[-2.0309971,47.41118466],[-2.02848298,47.41583702],[-2.03274392,47.41735626],[-2.03761328,47.41873874],[-2.03721951,47.41921332],[-2.05084492,47.42096049],[-2.0506966,47.42181125],[-2.05358936,47.42315227],[-2.05726542,47.42540618],[-2.06145978,47.42710188],[-2.07553984,47.43188198],[-2.08205482,47.43589987],[-2.08120546,47.4376418],[-2.08184457,47.43985753],[-2.07859756,47.44139628],[-2.07242773,47.4396011],[-2.07056236,47.43986769],[-2.06920659,47.44235675],[-2.06482954,47.4468418],[-2.06640589,47.44840941],[-2.06863467,47.44877788],[-2.07137143,47.44868314],[-2.07259744,47.45095412],[-2.07199026,47.45214506],[-2.07200204,47.45481179],[-2.07295669,47.45579485],[-2.07143863,47.45841303],[-2.07388302,47.45846695],[-2.07400302,47.45940786],[-2.07970976,47.45977315],[-2.08584944,47.4673106],[-2.08661443,47.46951674],[-2.08855188,47.46975681],[-2.0902707,47.46855403],[-2.09554082,47.46745806],[-2.09733092,47.47150424],[-2.09701348,47.47449879],[-2.0907783,47.47716321],[-2.08393429,47.47914306],[-2.07437483,47.48342849],[-2.0702471,47.48735179],[-2.06733728,47.48900516],[-2.07022597,47.49027698],[-2.07187795,47.49055226],[-2.07445371,47.49314051],[-2.0760332,47.49381848],[-2.07784004,47.4930228],[-2.08145329,47.49267273],[-2.08664202,47.49057914],[-2.08841815,47.48835498],[-2.09139791,47.48697592],[-2.09291334,47.48684978],[-2.09490896,47.48759254],[-2.09739109,47.48708844],[-2.10022189,47.48724301],[-2.10493772,47.48611101],[-2.10892144,47.48388314],[-2.11552012,47.4834323],[-2.12185008,47.4822165],[-2.12091714,47.48138591],[-2.12174273,47.47975462],[-2.12286127,47.47896486],[-2.1247325,47.47894277],[-2.12576344,47.47806428],[-2.12807919,47.47430953],[-2.13100166,47.47412994],[-2.13209908,47.47162309],[-2.13736228,47.46889031],[-2.14195702,47.46568572],[-2.14354073,47.46422953],[-2.15120883,47.46310931],[-2.15094814,47.46250482],[-2.14569627,47.45904853],[-2.13550789,47.45335951],[-2.13711268,47.45309682],[-2.13558502,47.44887732],[-2.13639834,47.44735935],[-2.13561312,47.4448985],[-2.13770357,47.44317135],[-2.1403325,47.44196809],[-2.14360345,47.4418121],[-2.14640085,47.4397096],[-2.14745284,47.43783833],[-2.15008414,47.436083],[-2.15061967,47.43456646],[-2.15230721,47.43435354],[-2.15593342,47.432369],[-2.15389052,47.43034409],[-2.15375918,47.42926892],[-2.15084282,47.42593873],[-2.14847919,47.42472308],[-2.14843406,47.42410479],[-2.14435679,47.42119658],[-2.143537,47.41939104],[-2.14205048,47.41841428],[-2.14040281,47.41810191],[-2.13249242,47.41756011],[-2.12978575,47.41827152],[-2.13085237,47.41629619],[-2.12945414,47.41389088],[-2.12693021,47.41326041],[-2.12622717,47.41230418],[-2.12682466,47.41042698],[-2.1230977,47.40626506],[-2.12328563,47.40398844],[-2.12105901,47.40230022],[-2.11743942,47.40092999],[-2.11725059,47.39912258],[-2.11470388,47.39705008],[-2.11546593,47.39449696],[-2.11633797,47.39350584],[-2.11858235,47.39375243],[-2.11691593,47.39082929],[-2.11475903,47.38860015],[-2.11425719,47.3870481],[-2.11176859,47.38759331],[-2.11065028,47.38687233],[-2.10565142,47.38816015],[-2.104232,47.38941187],[-2.10482916,47.39135497],[-2.1046236,47.39284677],[-2.10723158,47.39422271],[-2.10471767,47.39648527],[-2.10523754,47.39852522],[-2.1045847,47.40118286],[-2.10383502,47.40207983],[-2.10162503,47.40321315],[-2.09865077,47.40320916],[-2.09689801,47.40506436],[-2.09705236,47.40630309],[-2.09896136,47.40810509],[-2.09833397,47.40939915],[-2.09639305,47.41044575],[-2.08388395,47.41028199],[-2.08184192,47.40943383],[-2.08113038,47.4069159],[-2.06906826,47.39404753],[-2.05740912,47.39265977],[-2.06427356,47.38657091],[-2.05859571,47.38172071],[-2.05375981,47.37913116]]]},"properties":{"CLE":"Pont-Château"}},
{"type":"Feature","geometry":{"type":"Polygon","coordinates":[[[0.4093907984813521,46.754251833370716],[0.40968383,46.75746461],[0.40909056,46.75841112],[0.41073118,46.75892334],[0.41270167,46.76174364],[0.41455881,46.7627494],[0.4175306,46.76275859],[0.4230647,46.76402294],[0.42704782,46.764337],[0.42945329,46.76588793],[0.43298509,46.76711264],[0.43406346,46.76802112],[0.43780052,46.76958782],[0.44071863,46.76964467],[0.44113266,46.76903652],[0.44441557,46.76716606],[0.44658761,46.76661186],[0.4505452,46.76768711],[0.45301103,46.76707922],[0.45479774,46.76735296],[0.45685102,46.76647712],[0.4567187713816384,46.768243607765825],[0.45870526,46.76475822],[0.45843697,46.7638334],[0.45914186,46.76136828],[0.46171468,46.76009593],[0.46058566,46.75894408],[0.45503513,46.7562079],[0.459207,46.75330524],[0.46205152,46.75195485],[0.46361066,46.75161102],[0.46528665,46.74991314],[0.47246908,46.7487196],[0.4745534,46.74906725],[0.47681515,46.7479053],[0.47491995,46.74634443],[0.47873556,46.74231195],[0.48237127,46.73992769],[0.48283918,46.74154436],[0.48395942,46.7428113],[0.4881022,46.74507784],[0.49065324,46.74620276],[0.49376323,46.74442149],[0.4957381,46.74148327],[0.49507634,46.7410857],[0.49825969,46.73884639],[0.50099868,46.7362177],[0.50163195,46.73533225],[0.5068108,46.73851449],[0.50916419,46.73742626],[0.5119021892863915,46.740688733249314],[0.51448868,46.74263785],[0.51685147,46.74355244],[0.51815576,46.74325165],[0.52065565,46.74439712],[0.52212993,46.74377439],[0.52333255,46.74436264],[0.52552565,46.7439022],[0.5287949,46.74396143],[0.52877096,46.74491879],[0.53672132,46.74650456],[0.54068937,46.74690473],[0.54707079,46.74657791],[0.54869339,46.74758024],[0.5483082,46.74930955],[0.54637725,46.75133997],[0.54311403,46.75336357],[0.54179337,46.75491737],[0.54151371,46.75677026],[0.54185713,46.75902097],[0.543195,46.76176372],[0.54274161,46.76295214],[0.54824166,46.76361313],[0.54933894,46.76473521],[0.54911906,46.77140334],[0.54767969,46.77427763],[0.54571082,46.77901478],[0.54529447,46.78258696],[0.54116611,46.7825232],[0.53866776,46.78027627],[0.53629973,46.77898976],[0.5340345062981842,46.778375880630925],[0.53250129,46.780543],[0.53038466,46.78192788],[0.52623816,46.78378333],[0.52424071,46.7843554],[0.52512029,46.78757917],[0.52236068,46.79068561],[0.51810045,46.79370086],[0.51723362,46.79376583],[0.5131204,46.79675012],[0.5113327,46.79776288],[0.5092002,46.79988601],[0.50758765,46.80090864],[0.5028075,46.80590149],[0.49868454,46.80479202],[0.49916248,46.80685913],[0.49844546,46.80826659],[0.49657471,46.80984144],[0.4946207811444989,46.81215604781381],[0.49737824,46.81354058],[0.5026138,46.81520188],[0.50482657,46.81682017],[0.50391691,46.81861832],[0.49771195,46.82112742],[0.49688181,46.82328263],[0.49881228,46.82806583],[0.49900382,46.83106428],[0.50038595,46.83024817],[0.50582318,46.82878372],[0.50776087,46.82998735],[0.51001458,46.83337293],[0.5119494,46.83413006],[0.51304668,46.83374599],[0.51776737,46.83483338],[0.49810103,46.85040249],[0.49610546,46.85284475],[0.50073884,46.8536339],[0.49946842,46.85644004],[0.49382093,46.85561362],[0.4869518,46.85637518],[0.48572156,46.8557652],[0.4795172,46.85399787],[0.46945278,46.85603934],[0.46769617,46.862856],[0.4670193,46.86382932],[0.46657537,46.86661368],[0.46598539,46.86760369],[0.46600767,46.87050074],[0.46841419,46.87504914],[0.46964182,46.87643135],[0.47133953,46.88076158],[0.47061395,46.88390099],[0.46654473,46.8856612],[0.46403343,46.88593886],[0.46392516,46.88750888],[0.46136108,46.88629904],[0.45276958,46.88667671],[0.4453651,46.8851532],[0.44275637,46.88342521],[0.43929377,46.88165069],[0.43917399,46.88057539],[0.44169844,46.87255436],[0.4430294,46.87133896],[0.44992901,46.86888769],[0.45336378,46.86739573],[0.45379702,46.86412147],[0.46030841,46.85627208],[0.44375583,46.85222801],[0.44023147,46.85357408],[0.43881541,46.85469746],[0.43578499,46.85616133],[0.43435212,46.8564609],[0.43304544,46.85856949],[0.4275477,46.86593489],[0.42501718,46.86698446],[0.42420907,46.86796831],[0.42229857,46.86876819],[0.42601654,46.87187286],[0.4286115,46.87519014],[0.4263801,46.87520045],[0.42223393,46.87699983],[0.42236966,46.87831793],[0.42035618,46.87896306],[0.41887409,46.87829114],[0.41608027,46.87920399],[0.41431735,46.88064109],[0.41088895,46.88086834],[0.40851655,46.88069019],[0.40823084,46.87549014],[0.40761057,46.87348644],[0.4046378,46.87248012],[0.40494266,46.86964469],[0.40438158,46.86636119],[0.40052833,46.86043617],[0.39518915,46.85446133],[0.39748417,46.85289143],[0.39839675,46.85151806],[0.40093535,46.85021179],[0.3987297,46.84765654],[0.40136892,46.84529195],[0.4064559,46.8434633],[0.40641704,46.84283831],[0.40826698585820614,46.83830160169334],[0.39850333,46.82858295],[0.39953287,46.827635],[0.39585642,46.82628338],[0.39562659,46.8242221],[0.39028966,46.81905908],[0.38801279,46.81706796],[0.3882516,46.81433777],[0.38601387,46.81380126],[0.38548996,46.81157515],[0.38435394,46.80956773],[0.382611,46.80843862],[0.37877792,46.80470684],[0.37843647,46.80293692],[0.37924539,46.8006991],[0.37944078,46.79771864],[0.37765403,46.79439487],[0.37403073,46.79208405],[0.37200489,46.78792337],[0.37279168,46.7867738],[0.37893169,46.78519736],[0.38169339,46.78523798],[0.3845765773433154,46.784387875068305],[0.3853630779741226,46.784512585494774],[0.3854328798544179,46.78450980426749],[0.38689067452932463,46.78460656480381],[0.38692826944706105,46.78462114503847],[0.38698411787074943,46.78463665322583],[0.3871030147025088,46.784667963254336],[0.3872706938060434,46.78474708075107],[0.38744047715316954,46.78494286679278],[0.3896840916071737,46.785154559233774],[0.389818171151692,46.78511595742336],[0.3900091259478318,46.78504517148077],[0.3901899180364512,46.78502924700439],[0.39037360253390174,46.78510352852867],[0.3904039899066358,46.78511202936677],[0.39100752757788265,46.78496941258184],[0.39117029509188017,46.78491947155027],[0.3922602822674569,46.78485153897547],[0.3932279562132899,46.78460737728307],[0.39442672734232903,46.784166593792165],[0.3945194298252414,46.78407122941588],[0.39572095,46.78394731],[0.39583770557465964,46.783085564312664],[0.3958388615875699,46.78307705235841],[0.3953933129298849,46.78237381559892],[0.39522928450620276,46.782243990944025],[0.39388847,46.78129635],[0.393373937065151,46.77910560792253],[0.3930527479944031,46.77873894409659],[0.392377362708364,46.777661988122006],[0.3923128579192318,46.777522075210285],[0.39203824651001457,46.777214835089524],[0.3910213743038825,46.776659024193755],[0.3908553887419749,46.77649781846232],[0.3901305100530772,46.77576821448442],[0.390084082601432,46.775400120072405],[0.39012455344707775,46.774997858175674],[0.3901306445271855,46.77498437595651],[0.3903286364728708,46.77468745351378],[0.39025155,46.77330021],[0.3884354172478943,46.77213598955165],[0.3881364853160769,46.7720094570957],[0.3873067550726136,46.77177817006723],[0.3872842763738582,46.77177788194247],[0.38589492934876024,46.77008550935958],[0.38578166685720244,46.769879426353825],[0.3856124362842742,46.76945523355066],[0.385560931868091,46.76928209014383],[0.3854329369315772,46.76904927658913],[0.38443778645692783,46.76813427737638],[0.38435723945809325,46.7680402708135],[0.38444196966943356,46.76631302668073],[0.384632052156015,46.76628796227355],[0.38476695944571626,46.76627420137983],[0.3856945802233118,46.765806836183366],[0.38682084828092966,46.76447568291152],[0.3872443641823528,46.764194095504685],[0.3872789482953078,46.76417690240877],[0.390566679710589,46.7626625883328],[0.390613564370153,46.76262734470453],[0.3910559218307413,46.76194696783437],[0.39145959632262356,46.761587275848896],[0.3927717489048961,46.76089520230455],[0.3928469715911222,46.7608594547689],[0.3931331620423407,46.76067933802441],[0.3933080330494706,46.760562869438075],[0.3951037224500427,46.75777983888978],[0.395692572717322,46.75681270310488],[0.3957110400344286,46.756793255237746],[0.39578680891351775,46.756762257301176],[0.39644054511851234,46.75684750457458],[0.39655604947198625,46.756874269517354],[0.3967784357581544,46.756929563392085],[0.39578811484917775,46.754721454720155],[0.39562779,46.75436398],[0.3959708756891225,46.75335389485666],[0.4019324020771198,46.75433479497337],[0.40694598994082953,46.75457882811827],[0.4093907984813521,46.754251833370716]]]},"properties":{"CLE":"TOPE 5 du Chatelleraudais"}},
{"type":"Feature","geometry":{"type":"Polygon","coordinates":[[[3.00656052791703,50.6088947408309],[3.00601691660477,50.6071856657386],[3.00677452810358,50.6055083976834],[3.01156552564797,50.6031832720976],[3.01156666794605,50.6059037011877],[3.01360910417013,50.6062224398881],[3.01316768857934,50.6073790077645],[3.01009983390372,50.6073135419697],[3.00915070986723,50.6090618866382],[3.00656052791703,50.6088947408309]]]},"properties":{"CLE":"Métropole Européenne de Lille - Loos"}},
{"type":"Feature","geometry":{"type":"Polygon","coordinates":[[[-1.932741,47.7737507],[-1.9331333,47.7730132],[-1.9284287,47.7715582],[-1.9266866,47.7714964],[-1.9240238,47.7675822],[-1.9208753,47.7676102],[-1.9211142,47.7656009],[-1.9166853,47.7653027],[-1.9148661,47.7619164],[-1.9090222,47.7572106],[-1.9100732,47.7544422],[-1.9079885,47.753513],[-1.9007045,47.7534344],[-1.8948374,47.7525526],[-1.8927944,47.753056],[-1.888826,47.7528215],[-1.8830041,47.7516713],[-1.8795352,47.7513328],[-1.8769667,47.7496346],[-1.8741919,47.749528],[-1.8732008,47.748991],[-1.8678361,47.7475866],[-1.8691885,47.7491326],[-1.869274,47.7516454],[-1.870141,47.754673],[-1.8685527,47.7584604],[-1.8686381,47.7614268],[-1.8673079,47.765543],[-1.8648057,47.7691575],[-1.863383,47.7725561],[-1.8634954,47.7750048],[-1.8680161,47.7800724],[-1.8681787,47.7816272],[-1.8709031,47.7868818],[-1.8726975,47.7886696],[-1.8730953,47.7929959],[-1.8723834,47.7932447],[-1.8721953,47.7987452],[-1.8760777,47.8074216],[-1.8744876,47.812652],[-1.8774726,47.8136263],[-1.8787724,47.814621],[-1.879255,47.8163225],[-1.8783049,47.8174411],[-1.8775489,47.8197704],[-1.8787436,47.8216967],[-1.8813206,47.8225426],[-1.8819968,47.8232549],[-1.8859387,47.8229464],[-1.8857631,47.8246558],[-1.8948014,47.8289155],[-1.8956564,47.8295613],[-1.8991222,47.8284415],[-1.8999659,47.8286903],[-1.9053493,47.827928],[-1.9101887,47.8288564],[-1.9096573,47.8299978],[-1.9176348,47.83255],[-1.9160958,47.8344248],[-1.9213896,47.8344433],[-1.9217633,47.833775],[-1.9250355,47.8331357],[-1.9282788,47.8337929],[-1.9299946,47.8328647],[-1.9349634,47.8336802],[-1.9346881,47.8369642],[-1.9364119,47.8377753],[-1.939671,47.8380886],[-1.9401724,47.836737],[-1.9448174,47.8363578],[-1.9462325,47.8366304],[-1.9450719,47.8393106],[-1.9481862,47.8393714],[-1.9533677,47.8411195],[-1.9602465,47.8414918],[-1.9635317,47.8412771],[-1.9684895,47.8396318],[-1.9708345,47.8392736],[-1.9732267,47.8395355],[-1.9741378,47.8402123],[-1.9768799,47.844853],[-1.9783091,47.8450552],[-1.9825227,47.8479694],[-1.9842213,47.8505327],[-1.9837803,47.8521484],[-1.9851796,47.8530641],[-1.9865918,47.8562432],[-1.9936574,47.8536308],[-1.9962361,47.8540728],[-1.9980054,47.8532487],[-1.9996618,47.8497974],[-2.0101671,47.842422],[-2.010489,47.8391982],[-2.0093787,47.8375921],[-2.0047423,47.8355049],[-2.0028557,47.8358188],[-1.9986028,47.8339014],[-1.9962052,47.8311468],[-1.9947045,47.8288478],[-1.9928734,47.8274892],[-1.9936164,47.8259561],[-1.9908966,47.8240196],[-1.9886413,47.8232735],[-1.9868449,47.8221415],[-1.9849866,47.822715],[-1.983119,47.8205016],[-1.9796162,47.818016],[-1.9774415,47.8175388],[-1.9752616,47.8148679],[-1.9745451,47.8113243],[-1.9736403,47.8099376],[-1.9732675,47.8069243],[-1.9725276,47.8048177],[-1.9713292,47.8035251],[-1.9697868,47.803346],[-1.9661309,47.8008331],[-1.966447,47.7984987],[-1.968446,47.7967867],[-1.9710746,47.7963232],[-1.9726401,47.7938867],[-1.9785977,47.7897819],[-1.9803292,47.7871093],[-1.9788286,47.782551],[-1.9781777,47.7792774],[-1.9711967,47.7826681],[-1.9666032,47.7828377],[-1.9610572,47.784092],[-1.9580903,47.7836769],[-1.9549332,47.7824357],[-1.9527992,47.7811434],[-1.9505143,47.7816052],[-1.9447174,47.7792519],[-1.9421978,47.7760133],[-1.939591,47.7750075],[-1.932741,47.7737507]]]},"properties":{"CLE":"Pipriac et Saint-Ganton"}},
{"type":"Feature","geometry":{"type":"Polygon","coordinates":[[[4.90408603882363,45.7750184149573],[4.90255995503072,45.7749293312392],[4.9025430471477,45.777118543251],[4.90188403518895,45.7785327173737],[4.90605161893279,45.7787046027298],[4.90723287607543,45.7792749379899],[4.90752426515782,45.7806587233578],[4.90275270021357,45.7796810126911],[4.89860768550116,45.7795962369814],[4.89735238309338,45.77925671668],[4.90141352684615,45.774383039527],[4.90408603882363,45.7750184149573]]]},"properties":{"CLE":"Villeurbanne-Saint-Jean"}},
{"type":"Feature","geometry":{"type":"Polygon","coordinates":[[[5.60116,43.6111322],[5.6042207,43.6073673],[5.6057456,43.6019696],[5.6065751,43.6004188],[5.6082878,43.5993471],[5.6110652,43.5982127],[5.612947,43.5969413],[5.6144002,43.5938726],[5.6158401,43.593474],[5.6163117,43.5914174],[5.6201352,43.5883004],[5.6204425,43.5874716],[5.6222707,43.5869779],[5.627387,43.5872399],[5.6295223,43.5878626],[5.6313452,43.5797835],[5.6371084,43.5790404],[5.6429086,43.5790083],[5.6439173,43.5734261],[5.6433212,43.5699973],[5.6469371,43.5701663],[5.6555307,43.5682815],[5.6570826,43.5641836],[5.6577158,43.5648432],[5.6607944,43.5651857],[5.6640608,43.5642847],[5.6667772,43.5642795],[5.6667896,43.5657141],[5.6646891,43.5681063],[5.6625515,43.5697949],[5.6612007,43.5721746],[5.6579966,43.5723289],[5.6563187,43.5740697],[5.656133,43.5778821],[5.6674787,43.579186],[5.6697192,43.5800229],[5.6710788,43.5810917],[5.6757362,43.5819441],[5.6789399,43.5814502],[5.6812821,43.5824526],[5.6852769,43.5836542],[5.6875569,43.5837877],[5.6880103,43.5844489],[5.6919848,43.5845545],[5.6895033,43.5889863],[5.6874191,43.5913796],[5.6854968,43.5963008],[5.6824979,43.6004699],[5.6833397,43.6017894],[5.6821582,43.6030621],[5.6813808,43.6047867],[5.6818868,43.6073639],[5.6811137,43.6081904],[5.680892,43.6107568],[5.6779296,43.611199],[5.6794633,43.6143908],[5.6836991,43.6135786],[5.6866738,43.6135378],[5.6876618,43.6145975],[5.6852224,43.6157859],[5.6841443,43.6181767],[5.6869018,43.6195562],[5.6889118,43.623984],[5.6910864,43.6252517],[5.6910577,43.6266887],[5.6936822,43.6308577],[5.696539,43.6333825],[5.6969261,43.6343756],[5.7001855,43.6379179],[5.7016691,43.6390942],[5.6971197,43.6426176],[5.7006423,43.6437286],[5.7016599,43.6429344],[5.709527,43.6408277],[5.7126609,43.6441848],[5.7174895,43.6472408],[5.7187309,43.6501921],[5.7197572,43.6567285],[5.7168584,43.6603564],[5.7121961,43.6646145],[5.7117559,43.6673145],[5.7077872,43.6718346],[5.7064993,43.672592],[5.7045133,43.6747903],[5.7044875,43.6759495],[5.702598,43.6787617],[5.7029782,43.6793281],[5.7012008,43.6807469],[5.6997809,43.6828471],[5.6964759,43.6837935],[5.6927922,43.6853077],[5.6903209,43.684418],[5.6894279,43.6861625],[5.6862397,43.6883839],[5.6850909,43.6903766],[5.6825413,43.6916488],[5.6828054,43.6928082],[5.6807377,43.6930535],[5.6760206,43.6930119],[5.6739498,43.6936506],[5.6710876,43.6925944],[5.6696759,43.6911496],[5.6660519,43.6892912],[5.6646888,43.6881939],[5.6611881,43.6873518],[5.657104,43.6854135],[5.6518876,43.6796508],[5.6495505,43.6780251],[5.64771,43.675879],[5.6449542,43.674276],[5.6423202,43.6723276],[5.6388359,43.6712345],[5.6353267,43.6690495],[5.6311093,43.6672651],[5.6293238,43.6672051],[5.6256014,43.6664922],[5.6224269,43.6661765],[5.6137092,43.6639617],[5.6091154,43.6610694],[5.6070439,43.6586727],[5.6083195,43.6545695],[5.6108446,43.6547266],[5.6122166,43.6538309],[5.6100616,43.6527209],[5.6088534,43.6511426],[5.6066886,43.6467937],[5.605212,43.6446482],[5.6062115,43.6438624],[5.6067028,43.6381304],[5.6051124,43.6378408],[5.6041911,43.633619],[5.6043789,43.6326297],[5.6058228,43.6308056],[5.6047512,43.6289807],[5.6026213,43.6266208],[5.6039515,43.6257743],[5.6048885,43.6241725],[5.6041329,43.6235426],[5.604135,43.6189938],[5.6035411,43.6176215],[5.6046473,43.616462],[5.6046044,43.6149523],[5.6038531,43.6127092],[5.60116,43.6111322]]]},"properties":{"CLE":"Jouques"}},
{"type":"Feature","geometry":{"type":"Polygon","coordinates":[[[3.1587129574033,50.7301038646167],[3.15928391458199,50.7309173961093],[3.15680053617634,50.7324845507662],[3.15422695843072,50.7309803135465],[3.1516476233322,50.7309675481919],[3.15175185260669,50.7287912467887],[3.15379130885679,50.7276913384787],[3.15324645137308,50.7265703725501],[3.15633126732363,50.7252663552158],[3.15873610638844,50.7278032860336],[3.16012623820211,50.7297544540675],[3.1587129574033,50.7301038646167]]]},"properties":{"CLE":"Métropole Européenne de Lille - Tourcoing"}},
{"type":"Feature","geometry":{"type":"MultiPolygon","coordinates":[[[[2.372930806781422,48.819714550502546],[2.378783827942888,48.82160231841073],[2.377937411024224,48.8228292851529],[2.374097341898455,48.8218898918783],[2.373386381042806,48.822846832339636],[2.369249291706744,48.82152722127236],[2.372930806781422,48.819714550502546]]],[[[2.376720914017022,48.82456549238867],[2.378147378697868,48.82517492384546],[2.377577498091201,48.82624581132536],[2.374577847726004,48.825584414676385],[2.376720914017022,48.82456549238867]]]]},"properties":{"CLE":"Paris 13"}},
{"type":"Feature","geometry":{"type":"Polygon","coordinates":[[[6.020543,48.3614635],[6.0217934,48.3602395],[6.0224585,48.3581014],[6.024907,48.3567488],[6.0297827,48.3603916],[6.0360651,48.361752],[6.0393593,48.3630376],[6.0405638,48.361624],[6.0388628,48.3606314],[6.0395714,48.3598745],[6.0427355,48.3604355],[6.046138,48.3616432],[6.0485536,48.3630136],[6.0466195,48.3653562],[6.04671,48.367465],[6.045382,48.369054],[6.040794,48.368022],[6.039932,48.369019],[6.042298,48.370243],[6.046509,48.371757],[6.047493,48.376854],[6.045159,48.377525],[6.043353,48.377179],[6.042367,48.380788],[6.041653,48.382017],[6.041198,48.383467],[6.04365,48.384108],[6.048266,48.387306],[6.047325,48.389537],[6.042724,48.39165],[6.041749,48.393262],[6.042597,48.395634],[6.043391,48.396529],[6.0422378,48.3992171],[6.0417717,48.4013575],[6.0404976,48.4032802],[6.037994,48.404595],[6.037271,48.404133],[6.031938,48.403185],[6.029268,48.403601],[6.0285494,48.4060008],[6.028782,48.407368],[6.026089,48.410086],[6.024384,48.409612],[6.02325,48.412889],[6.021321,48.412519],[6.021506,48.413873],[6.020175,48.414089],[6.0175799,48.4161843],[6.0181967,48.4195003],[6.017368,48.4231521],[6.0176006,48.4246736],[6.0192623,48.4289561],[6.0181596,48.4291592],[6.0174173,48.4307218],[6.0171947,48.4337243],[6.0189617,48.435095],[6.0141345,48.4369676],[6.0108752,48.4389784],[6.0099021,48.4403967],[6.010559,48.441118],[6.007987,48.443208],[6.010052,48.444662],[6.00745,48.446283],[6.00834,48.447704],[6.010324,48.448728],[6.010002,48.449952],[6.0057504,48.4525546],[6.0069778,48.4525476],[6.0036441,48.4567016],[6.0037356,48.4583093],[6.000809,48.4606729],[5.9969772,48.4612432],[5.9927694,48.4630532],[5.9892142,48.465329],[5.9883439,48.4644726],[5.9859082,48.4647286],[5.9838221,48.4681945],[5.9824561,48.4691324],[5.9793304,48.4684585],[5.978239,48.471517],[5.976521,48.47434],[5.976718,48.477099],[5.9760507,48.4803438],[5.9801163,48.4812037],[5.9832755,48.4810192],[5.9851756,48.4797491],[5.9886997,48.4802051],[5.9926989,48.4817355],[5.993857,48.4830134],[5.9969568,48.4838879],[5.9972731,48.4846718],[5.9950007,48.4868529],[5.9974772,48.4885428],[6.000971,48.490293],[6.001162,48.491825],[5.999149,48.495184],[5.996626,48.496864],[5.997909,48.498538],[5.989939,48.502731],[5.989967,48.504335],[5.988983,48.50537],[5.988135,48.506737],[5.986115,48.508235],[5.988188,48.509245],[5.987778,48.510017],[5.993226,48.511063],[5.99292,48.511473],[5.996905,48.512699],[5.9958468,48.513951],[5.997366,48.5145496],[5.9964895,48.5172183],[5.9966268,48.5193156],[5.9985494,48.5202903],[5.9983059,48.5210065],[6.0007754,48.5223769],[6.0031992,48.5247491],[6.0068111,48.5256746],[6.0131564,48.5259308],[6.0191624,48.5284574],[6.0207294,48.5281137],[6.0225514,48.5290528],[6.0197646,48.5305355],[6.0227102,48.5318358],[6.025136,48.5341642],[6.0263075,48.5359204],[6.0235233,48.5372798],[6.0239282,48.5386194],[6.0255443,48.5398745],[6.0266877,48.5395684],[6.0287172,48.5422284],[6.0282953,48.5437336],[6.0300167,48.5467778],[6.0315727,48.5472644],[6.0293194,48.5492963],[6.0260356,48.5510923],[6.0234009,48.5521899],[6.0212133,48.5524283],[6.015554,48.5563568],[6.0115361,48.5574142],[6.0055227,48.5597262],[6.0002585,48.5596549],[5.9988551,48.5628979],[5.9978522,48.5643991],[5.9956255,48.5693375],[5.9940273,48.5698377],[5.9935332,48.5709908],[5.9957508,48.576462],[5.9949356,48.5787387],[5.9939599,48.5795437],[5.9927961,48.5831128],[5.9951769,48.5852007],[5.9919533,48.5867672],[5.9866235,48.5865215],[5.9848611,48.5874184],[5.9803479,48.5873209],[5.9803366,48.5887071],[5.9785171,48.5902155],[5.9781645,48.5922364],[5.9793614,48.5942824],[5.9768325,48.5958656],[5.9776428,48.5980318],[5.9760579,48.5984156],[5.9774244,48.6014531],[5.9756738,48.6031175],[5.976214,48.6038438],[5.9750966,48.605075],[5.9754478,48.6066472],[5.978538,48.6109487],[5.9855334,48.6131396],[5.9888397,48.6145245],[5.9877131,48.6154954],[5.9838037,48.616659],[5.9849773,48.6179456],[5.9859365,48.6199907],[5.9899888,48.6237259],[5.989209,48.6256121],[5.9859655,48.6269939],[5.98373,48.625725],[5.978098,48.623324],[5.976318,48.623498],[5.973414,48.622871],[5.970551,48.620036],[5.968709,48.61916],[5.967937,48.616691],[5.966753,48.616066],[5.963191,48.617306],[5.960135,48.617875],[5.954618,48.617786],[5.949258,48.61702],[5.946153,48.616943],[5.942614,48.614896],[5.942004,48.612761],[5.946027,48.60721],[5.941446,48.606036],[5.934407,48.603782],[5.933014,48.603639],[5.9258839,48.601223],[5.919179,48.603918],[5.910899,48.608229],[5.909685,48.609293],[5.905776,48.61159],[5.898192,48.61318],[5.891215,48.614298],[5.891331,48.617162],[5.889346,48.615722],[5.886592,48.615303],[5.881827,48.613286],[5.876582,48.61138],[5.876655,48.610038],[5.874146,48.608181],[5.874759,48.607531],[5.868333,48.609766],[5.864531,48.61051],[5.86017,48.610712],[5.857912,48.611558],[5.861214,48.616504],[5.862502,48.617192],[5.863474,48.618892],[5.863593,48.622194],[5.864062,48.625695],[5.864999,48.626728],[5.863792,48.62824],[5.866337,48.633926],[5.867794,48.635817],[5.8635655,48.6373495],[5.861706,48.6350393],[5.8618034,48.6337908],[5.8599802,48.632596],[5.8563365,48.6293435],[5.8540134,48.6252908],[5.844101,48.6244539],[5.8410353,48.6230024],[5.8394112,48.6213848],[5.8325531,48.6192449],[5.8331465,48.6183335],[5.8296686,48.6180319],[5.8299629,48.6162083],[5.8267988,48.6165556],[5.820716,48.6155198],[5.8196348,48.6150791],[5.8156025,48.6147178],[5.8118731,48.6135855],[5.8087846,48.6138286],[5.8033764,48.6119052],[5.7979897,48.6134706],[5.7957366,48.6119231],[5.7947611,48.609743],[5.7907336,48.6074839],[5.7878665,48.6070864],[5.7837986,48.6073784],[5.7830515,48.6069266],[5.7765671,48.606965],[5.7669423,48.608718],[5.7636269,48.6076618],[5.7633768,48.6097481],[5.7610459,48.6088615],[5.7621025,48.6079467],[5.7548962,48.6060476],[5.7520794,48.6065036],[5.7518342,48.6057273],[5.7477168,48.5995349],[5.7434858,48.5972632],[5.7390283,48.5966842],[5.737123,48.596178],[5.7353009,48.5944537],[5.7258957,48.5922926],[5.719171,48.5921927],[5.7185494,48.5905161],[5.7149626,48.5887546],[5.7163044,48.5861089],[5.7130184,48.580719],[5.7126748,48.5775907],[5.714133,48.573256],[5.7131254,48.5655884],[5.7152294,48.5618451],[5.7170402,48.5610312],[5.7234152,48.5569739],[5.7307339,48.552871],[5.7330929,48.5531783],[5.7357889,48.5526517],[5.7406568,48.5534499],[5.7436049,48.5526291],[5.7464827,48.5524028],[5.7485652,48.5507257],[5.7506667,48.5499213],[5.7532278,48.5479239],[5.7559172,48.5473893],[5.7569343,48.5466867],[5.7596337,48.5467522],[5.7629863,48.5463788],[5.7621111,48.5452849],[5.7640734,48.5446114],[5.7678582,48.5440842],[5.7680048,48.5427774],[5.7722463,48.5420965],[5.7765872,48.5407496],[5.7766293,48.53808],[5.7755643,48.536466],[5.7739486,48.5351777],[5.7716661,48.5348544],[5.7664811,48.5353244],[5.7660047,48.5321697],[5.765169,48.5305339],[5.7626114,48.5269006],[5.7616352,48.5246194],[5.7610577,48.5215867],[5.7612777,48.5202343],[5.7633819,48.5162054],[5.7616749,48.515683],[5.762774,48.5141306],[5.7617671,48.5125337],[5.7622691,48.5102652],[5.7634333,48.5080443],[5.7660408,48.504775],[5.7647798,48.4998198],[5.7651642,48.4965284],[5.7688013,48.4935267],[5.7717694,48.4917394],[5.7755021,48.4878852],[5.7792067,48.4870698],[5.7853044,48.4850127],[5.7848823,48.4841876],[5.7870242,48.4829047],[5.7896972,48.4863636],[5.7902073,48.4880261],[5.7925366,48.4887392],[5.7977557,48.4915436],[5.8034862,48.4927319],[5.8058316,48.49273],[5.8092401,48.4946147],[5.8107673,48.4960608],[5.8108779,48.4982819],[5.8181784,48.4981276],[5.819669,48.4979006],[5.8230467,48.4963049],[5.8261045,48.4970464],[5.8287654,48.4992993],[5.8372845,48.501473],[5.8366124,48.5038911],[5.8379414,48.5050209],[5.8426432,48.5065223],[5.8464048,48.5070568],[5.8470346,48.5054473],[5.8482836,48.5043918],[5.85275,48.5065593],[5.8584477,48.5070653],[5.8599516,48.5065945],[5.8625472,48.5067692],[5.866164,48.504138],[5.8700774,48.4995287],[5.8742306,48.4984978],[5.8760196,48.4976268],[5.8797676,48.4968631],[5.8881282,48.4941241],[5.8981217,48.4933938],[5.9026364,48.4944838],[5.9039917,48.4944305],[5.9068933,48.4953309],[5.9032599,48.4896088],[5.8994305,48.4852743],[5.9021183,48.4825711],[5.9050891,48.4829705],[5.9037541,48.4801482],[5.9014284,48.4784324],[5.8983838,48.476881],[5.8960296,48.4744116],[5.8907563,48.4711525],[5.8889542,48.4710448],[5.8859948,48.4692601],[5.8894805,48.4680388],[5.890737,48.4671888],[5.8929407,48.464671],[5.8930901,48.4625274],[5.8864578,48.4595118],[5.8857924,48.4576839],[5.886001,48.4554324],[5.8868832,48.4537193],[5.8889484,48.4532718],[5.8902027,48.4521544],[5.8924075,48.4518839],[5.8961203,48.4499534],[5.8994478,48.4487292],[5.8991364,48.4468091],[5.8963988,48.4447873],[5.892835,48.4437795],[5.8874247,48.4408537],[5.8853965,48.4391718],[5.8855117,48.4379988],[5.8842962,48.436522],[5.8832477,48.4341581],[5.8796002,48.431209],[5.8778056,48.4294539],[5.8754655,48.42929],[5.870854,48.4256092],[5.8677291,48.4215198],[5.8612963,48.4183602],[5.8587022,48.4159192],[5.8561789,48.4116184],[5.8552132,48.4092716],[5.8582197,48.4089841],[5.8602149,48.4076623],[5.86582,48.4067231],[5.8674896,48.4073898],[5.869463,48.4068138],[5.8723313,48.4049072],[5.8741771,48.4005998],[5.8760469,48.4013873],[5.8762676,48.4036756],[5.878778,48.4052687],[5.8838412,48.4036169],[5.8850059,48.4050163],[5.8868593,48.4042138],[5.8891412,48.4048264],[5.8951494,48.4055158],[5.8947877,48.4070523],[5.8990241,48.4088858],[5.9005378,48.4150993],[5.900751,48.4167499],[5.9050739,48.4188521],[5.905839,48.4218229],[5.9071171,48.4243765],[5.9075332,48.4265346],[5.9071278,48.4280423],[5.9092805,48.4292306],[5.9067882,48.431488],[5.9047602,48.4315583],[5.9011601,48.4339203],[5.8982752,48.4343514],[5.898141,48.4358725],[5.9017331,48.4367625],[5.9037654,48.4366848],[5.908078,48.4372277],[5.9110703,48.4354858],[5.9141522,48.4354513],[5.9169522,48.436017],[5.9210644,48.4363702],[5.9253556,48.4360257],[5.9269701,48.4352488],[5.9313743,48.4340436],[5.9249853,48.4221624],[5.9241044,48.4233125],[5.9219593,48.4230961],[5.9187683,48.4246305],[5.9204423,48.4268128],[5.9196501,48.4277806],[5.9164186,48.4274723],[5.9156293,48.4279417],[5.9131528,48.4251022],[5.9109123,48.4237748],[5.9114779,48.4224782],[5.9075286,48.4195115],[5.9077108,48.4170325],[5.9104956,48.4164632],[5.9102201,48.4138561],[5.9095357,48.412534],[5.9107703,48.4117983],[5.9128254,48.41202],[5.9122932,48.4102032],[5.9098471,48.4069739],[5.9114647,48.4058926],[5.9105019,48.4047264],[5.9070469,48.4019136],[5.9050306,48.4005926],[5.9080559,48.4004081],[5.9091613,48.4018817],[5.91279,48.4040189],[5.9179912,48.4050083],[5.9202832,48.4030925],[5.920717,48.4010477],[5.9253986,48.3968417],[5.9249153,48.3963558],[5.9276483,48.3938655],[5.9249104,48.3889932],[5.9256797,48.3865997],[5.9281147,48.3828043],[5.9290684,48.3821446],[5.930002,48.3788188],[5.9308759,48.3779126],[5.9274972,48.3714683],[5.9241066,48.3692532],[5.9212991,48.3685814],[5.9207424,48.3700402],[5.9180484,48.3691665],[5.9145763,48.3676042],[5.9110991,48.3652684],[5.9121604,48.3642103],[5.9124714,48.359883],[5.9154846,48.3611958],[5.9161596,48.3627019],[5.9173465,48.3631787],[5.9209287,48.3608835],[5.9224507,48.362762],[5.9252979,48.3630232],[5.9261205,48.3656159],[5.9279328,48.365127],[5.9305219,48.366734],[5.9315309,48.3689141],[5.9337963,48.3686554],[5.9338754,48.3698455],[5.9367956,48.372971],[5.9410392,48.3748593],[5.9439868,48.3745879],[5.944615,48.3758378],[5.9486381,48.3745683],[5.9515081,48.3746248],[5.9536162,48.3740021],[5.9524094,48.3712851],[5.9492528,48.3710927],[5.9492962,48.3690454],[5.9520752,48.365791],[5.955671,48.3675168],[5.9566229,48.3674589],[5.9572501,48.3642471],[5.9549977,48.363459],[5.9541289,48.3612766],[5.9549871,48.3604136],[5.9532705,48.3579826],[5.9576689,48.3549072],[5.9589847,48.3528249],[5.9594007,48.3505456],[5.9617083,48.3501374],[5.9664286,48.3503329],[5.9664095,48.3513998],[5.9693708,48.3519054],[5.9721622,48.3528466],[5.9760472,48.3509641],[5.9772595,48.3499832],[5.9808009,48.3489002],[5.9818012,48.3497947],[5.9855698,48.3517236],[5.984615,48.3531067],[5.9879285,48.3554022],[5.9897638,48.3546441],[5.9932763,48.3545012],[5.9943322,48.3547964],[5.9984786,48.3592177],[6.0011827,48.3605977],[6.0038074,48.3575524],[6.0058837,48.3581583],[6.0044151,48.3609302],[6.0030873,48.3624031],[6.0038854,48.3631179],[6.0081636,48.3616548],[6.0088357,48.3604903],[6.0111015,48.3607154],[6.0133257,48.3597019],[6.0162804,48.3616889],[6.0174209,48.3603077],[6.020543,48.3614635]]]},"properties":{"CLE":"Pays de Colombey-sud-Toulois"}},
{"type":"Feature","geometry":{"type":"Polygon","coordinates":[[[3.2183045,47.2311271],[3.2197346,47.2303939],[3.2208224,47.2286456],[3.2296975,47.2245732],[3.230646,47.2238626],[3.2315394,47.2219867],[3.2345343,47.2214761],[3.2352961,47.2205497],[3.233769,47.2189776],[3.2294896,47.2196281],[3.2264063,47.2169393],[3.2249133,47.2151837],[3.2231461,47.2118827],[3.2252212,47.2120836],[3.2257533,47.2129752],[3.2274794,47.2131321],[3.2305534,47.2146498],[3.2322021,47.2159474],[3.2350142,47.2171685],[3.2373497,47.2165017],[3.2412414,47.2164565],[3.2443076,47.2160703],[3.2461888,47.2149097],[3.2484401,47.2145371],[3.2531961,47.2129201],[3.2552706,47.2115006],[3.2604449,47.2096864],[3.2633913,47.2101129],[3.2670054,47.2073962],[3.2618223,47.2054584],[3.2576505,47.2033949],[3.2543758,47.2002779],[3.2550562,47.1994652],[3.2600846,47.1987467],[3.261421,47.1975619],[3.2631637,47.1919888],[3.2647596,47.1899369],[3.2671361,47.1888518],[3.2686664,47.1871832],[3.2695735,47.1854582],[3.2709476,47.1842275],[3.2702228,47.1815175],[3.2728849,47.1805612],[3.2747427,47.1766208],[3.2766188,47.1754571],[3.2786384,47.1736208],[3.2801649,47.1731815],[3.2815521,47.1713067],[3.282196,47.1685564],[3.2809747,47.1686091],[3.2797231,47.1672835],[3.2776079,47.165953],[3.2768038,47.1675549],[3.2745728,47.1680445],[3.2681976,47.1664416],[3.266414,47.1648967],[3.2666693,47.1639332],[3.2639518,47.1617166],[3.2610532,47.1603598],[3.2587815,47.1602603],[3.2574599,47.1595536],[3.2565355,47.1574819],[3.2553363,47.1568939],[3.2549668,47.1555956],[3.2570137,47.1523212],[3.2601868,47.1489037],[3.2616484,47.1478934],[3.2615257,47.1444441],[3.2637809,47.1450368],[3.2654459,47.1461364],[3.2677228,47.1458362],[3.2696437,47.1445908],[3.2710491,47.1452663],[3.2755342,47.1457036],[3.2800378,47.1474508],[3.2832898,47.1483433],[3.2874963,47.148327],[3.2912689,47.1464376],[3.2954243,47.1454294],[3.2985619,47.1456791],[3.3105562,47.1421203],[3.3160191,47.1396492],[3.3169969,47.1374047],[3.3187027,47.1359592],[3.3221059,47.1342946],[3.3232456,47.1331279],[3.3243569,47.1293926],[3.3275265,47.1285858],[3.3280655,47.1277283],[3.3307151,47.1283108],[3.3310732,47.1274868],[3.3347154,47.1286513],[3.3386252,47.1317665],[3.340122,47.1323757],[3.3428408,47.1343257],[3.3461387,47.1379204],[3.3479412,47.1393541],[3.3512184,47.1430052],[3.3529087,47.1439141],[3.3540051,47.1455977],[3.3565518,47.1470461],[3.3603591,47.1503577],[3.3610591,47.1504717],[3.3630913,47.147829],[3.3647618,47.1480853],[3.3646864,47.145204],[3.3631517,47.1432979],[3.3645136,47.1420366],[3.3664776,47.1432871],[3.3686866,47.1428128],[3.3705734,47.1434269],[3.3718272,47.1422222],[3.3734052,47.1416359],[3.3735423,47.1391327],[3.3749332,47.1387818],[3.3771525,47.1393804],[3.3823696,47.1416055],[3.3842007,47.1419686],[3.3853942,47.1430391],[3.3857349,47.1445005],[3.392491,47.1487391],[3.3923814,47.1496049],[3.3941998,47.1510993],[3.3957808,47.1499703],[3.397434,47.1474805],[3.3974365,47.1453996],[3.3999774,47.1456819],[3.4046693,47.1436653],[3.4069237,47.1441927],[3.4086206,47.1439866],[3.4095717,47.1430151],[3.4144991,47.1421877],[3.4153543,47.1412904],[3.4203648,47.1413982],[3.4212404,47.1420631],[3.4249866,47.1426092],[3.4262436,47.1432633],[3.4278468,47.1449917],[3.4296748,47.1445207],[3.432517,47.144895],[3.4317247,47.1470115],[3.4298424,47.1496518],[3.4306362,47.1504759],[3.430793,47.1564941],[3.429895,47.1594589],[3.4297436,47.161585],[3.4303263,47.164356],[3.4291169,47.1665625],[3.4279108,47.1673683],[3.426844,47.1712431],[3.4254914,47.1711374],[3.4249177,47.1727571],[3.4258619,47.1733627],[3.4271406,47.1732142],[3.4288305,47.1743448],[3.4348391,47.1767853],[3.4365213,47.1770689],[3.4370547,47.17814],[3.4401691,47.1806795],[3.4405106,47.1814755],[3.4430526,47.1820223],[3.4433624,47.1845296],[3.4470085,47.1858901],[3.4505068,47.1852073],[3.4499045,47.1842562],[3.452544,47.1808366],[3.4553786,47.1781596],[3.4583608,47.1767871],[3.4617822,47.1762483],[3.4642052,47.176456],[3.4660568,47.1753513],[3.4670948,47.1711802],[3.4691788,47.1700897],[3.4730811,47.1703865],[3.477743,47.1742038],[3.4822937,47.1755034],[3.4782078,47.1775437],[3.477564,47.1800464],[3.4768379,47.1803669],[3.4766554,47.1838758],[3.475426,47.1858395],[3.4774062,47.1864389],[3.4763405,47.1879031],[3.4755696,47.1911718],[3.4735887,47.1979075],[3.4734582,47.2030721],[3.4738975,47.2063212],[3.4729725,47.2075012],[3.4736409,47.2102812],[3.4736607,47.2131927],[3.4710497,47.2133315],[3.4684975,47.2144662],[3.4682326,47.2189523],[3.4677759,47.2205152],[3.4645063,47.2211296],[3.464596,47.2221055],[3.4605379,47.2227062],[3.4590942,47.22364],[3.4574872,47.2238044],[3.4585246,47.2245454],[3.457392,47.2270509],[3.4552569,47.2275738],[3.4484721,47.2279637],[3.4489729,47.2288846],[3.4453819,47.2300993],[3.4414984,47.2310375],[3.4402211,47.2316895],[3.4400002,47.2336877],[3.4377937,47.2343166],[3.4320057,47.2343118],[3.4317076,47.2351989],[3.4330174,47.2369214],[3.4321493,47.2380811],[3.4343568,47.240058],[3.4344224,47.2411789],[3.4331186,47.2428649],[3.4338433,47.2444168],[3.4336648,47.2465419],[3.4352553,47.2467921],[3.436852,47.2477555],[3.4357238,47.2489528],[3.428664,47.251924],[3.4271723,47.2523849],[3.4208316,47.2527045],[3.4192341,47.2524602],[3.4140082,47.2530651],[3.4103098,47.2544642],[3.4088935,47.2578592],[3.394631,47.2555561],[3.3888753,47.2593625],[3.3912303,47.2613021],[3.3928905,47.2639601],[3.3943817,47.267257],[3.3937677,47.2686197],[3.3903537,47.2706612],[3.3889541,47.2720186],[3.3859307,47.2741712],[3.3804781,47.2772401],[3.3809857,47.2779696],[3.3779677,47.2801729],[3.3764281,47.2820421],[3.377296,47.2834897],[3.3779522,47.2866498],[3.3760072,47.2873866],[3.3691906,47.2882971],[3.3675674,47.2881163],[3.3666891,47.2901283],[3.3670541,47.2926647],[3.3680149,47.2946133],[3.3696072,47.2948327],[3.3708056,47.2974278],[3.371491,47.3005794],[3.3708196,47.3023497],[3.3694105,47.3033126],[3.3691131,47.304488],[3.3669936,47.3061122],[3.362845,47.3055755],[3.3621347,47.3060949],[3.3592909,47.3118033],[3.3569478,47.3139132],[3.3556935,47.3158598],[3.3517139,47.315587],[3.3481419,47.3165001],[3.3454489,47.3178425],[3.3435155,47.3178239],[3.3400913,47.3188713],[3.3371455,47.3192559],[3.3330557,47.3178563],[3.3303201,47.3181363],[3.3232845,47.3184156],[3.3214724,47.316518],[3.3190764,47.3157137],[3.3178676,47.3133092],[3.3125387,47.312703],[3.3068177,47.3133294],[3.3048285,47.3123745],[3.3006311,47.309048],[3.2982095,47.3085786],[3.2976213,47.3068371],[3.3008384,47.3025768],[3.3018496,47.3004724],[3.2993806,47.2968358],[3.2993322,47.2949615],[3.2969015,47.2911876],[3.2930316,47.2868241],[3.2867013,47.2805413],[3.2863696,47.2720634],[3.2858874,47.2708592],[3.2837927,47.2689796],[3.2805656,47.2689952],[3.2794633,47.2671189],[3.2783637,47.2641835],[3.2760814,47.2613954],[3.2737744,47.2608281],[3.2707961,47.2589849],[3.2712681,47.256143],[3.2721461,47.2542968],[3.2710965,47.251397],[3.2693412,47.2496408],[3.2677199,47.2509516],[3.2644578,47.2522742],[3.2636212,47.2547438],[3.2627033,47.2558534],[3.258414,47.2566359],[3.2550153,47.2579976],[3.2508958,47.260378],[3.2465169,47.2613342],[3.2403436,47.2608548],[3.2369304,47.261251],[3.2354705,47.2605209],[3.2331538,47.2611743],[3.2331908,47.2622355],[3.2301957,47.2632798],[3.2267084,47.2635061],[3.2241832,47.264385],[3.2218061,47.2633244],[3.2194535,47.263094],[3.2163292,47.2620711],[3.2123319,47.2604074],[3.2118883,47.2587565],[3.2081307,47.2574805],[3.2062432,47.2571313],[3.2084853,47.2550682],[3.2041497,47.2532683],[3.2003652,47.2521891],[3.2023948,47.2507352],[3.2018284,47.2486243],[3.2020939,47.2455211],[3.2005965,47.2443599],[3.2000857,47.2427672],[3.2005039,47.2409113],[3.2044602,47.2410039],[3.2066302,47.2390043],[3.2061768,47.2335883],[3.2067501,47.2328958],[3.2105623,47.2333074],[3.2131313,47.232667],[3.216963,47.2312157],[3.2183045,47.2311271]]]},"properties":{"CLE":"Entre Nièvre et Forêts (Les Bertranges)"}},
{"type":"Feature","geometry":{"type":"Polygon","coordinates":[[[-0.9034758,46.9715744],[-0.9007298,46.9692375],[-0.9026889,46.9681672],[-0.9015281,46.9670768],[-0.8998638,46.967479],[-0.8992456,46.9662788],[-0.8958515,46.968639],[-0.8943713,46.9689253],[-0.8926541,46.9660243],[-0.8891509,46.9672649],[-0.891746,46.9687184],[-0.8934152,46.9692309],[-0.8920746,46.9706096],[-0.8878611,46.9715836],[-0.8834894,46.9693893],[-0.8810849,46.9693733],[-0.8802502,46.9702484],[-0.8769555,46.9688417],[-0.8793766,46.9662328],[-0.8838442,46.9624342],[-0.882379,46.9612383],[-0.8832664,46.9598383],[-0.8813601,46.9588593],[-0.8782405,46.9560788],[-0.876314,46.95564],[-0.8717331,46.9586075],[-0.8715098,46.9596473],[-0.867196,46.9629853],[-0.8652717,46.9633692],[-0.8636533,46.9623647],[-0.8658919,46.9602357],[-0.8663598,46.9580536],[-0.8679212,46.9585022],[-0.8690291,46.9564835],[-0.8669482,46.9559758],[-0.8659428,46.9572022],[-0.8631693,46.9563813],[-0.8647404,46.9557008],[-0.8642218,46.9528064],[-0.8656717,46.9518619],[-0.8598527,46.9493008],[-0.864034,46.9490628],[-0.865734,46.9483718],[-0.8675972,46.9496406],[-0.8676191,46.9513807],[-0.8702062,46.9520244],[-0.8701231,46.9526637],[-0.8728981,46.9531834],[-0.8749282,46.9546617],[-0.8772907,46.9524313],[-0.8788927,46.9531743],[-0.8805611,46.9517901],[-0.8817096,46.9520547],[-0.8839638,46.9514222],[-0.8800526,46.9457917],[-0.8772594,46.9459236],[-0.8737934,46.9439086],[-0.8715502,46.9457532],[-0.8691578,46.9456062],[-0.8663236,46.9461372],[-0.8617597,46.9455487],[-0.8599481,46.9466213],[-0.8581337,46.9470711],[-0.8565171,46.9457866],[-0.8544281,46.9473233],[-0.8494762,46.9464488],[-0.8474351,46.9444257],[-0.8487079,46.9437941],[-0.8510976,46.9415116],[-0.8527519,46.9413816],[-0.8533333,46.9399492],[-0.8530217,46.938707],[-0.8544631,46.9375643],[-0.8561524,46.9375797],[-0.8600599,46.9368771],[-0.8592264,46.9347934],[-0.8572787,46.9353216],[-0.8527379,46.9374692],[-0.8520091,46.9384211],[-0.8491657,46.9403359],[-0.8482014,46.9415689],[-0.8468355,46.9398138],[-0.8451061,46.9390105],[-0.8413337,46.9365327],[-0.8405961,46.9357244],[-0.840809,46.932787],[-0.842905,46.9327227],[-0.8460553,46.9316723],[-0.8411296,46.9289605],[-0.8376523,46.9321397],[-0.8316206,46.934188],[-0.8293531,46.9333689],[-0.8291433,46.9320399],[-0.8276715,46.9311975],[-0.8294389,46.9292338],[-0.8274739,46.9282562],[-0.8281213,46.9267972],[-0.8254081,46.9220275],[-0.8217392,46.9184946],[-0.8193248,46.919271],[-0.8122635,46.9206532],[-0.8074244,46.9200128],[-0.8095625,46.9170161],[-0.8137957,46.9142321],[-0.8072819,46.913705],[-0.8025949,46.9149199],[-0.8004994,46.9113894],[-0.796549,46.9113736],[-0.7942997,46.9110769],[-0.7904112,46.9087213],[-0.7885985,46.9088294],[-0.7842941,46.9078957],[-0.7836881,46.9094182],[-0.7799576,46.9087023],[-0.7775256,46.9095229],[-0.7765628,46.9091009],[-0.7749544,46.9101949],[-0.7728625,46.9083112],[-0.7733994,46.9069709],[-0.7750504,46.9059215],[-0.7751553,46.9046017],[-0.7732401,46.9049734],[-0.7708027,46.9066042],[-0.7693231,46.904758],[-0.7683982,46.9051066],[-0.764575,46.9050897],[-0.7619123,46.9039591],[-0.76159,46.9025136],[-0.7597158,46.902381],[-0.7578513,46.9035733],[-0.7576559,46.9062163],[-0.7542584,46.905883],[-0.7530619,46.9069712],[-0.7515427,46.906091],[-0.7514358,46.9051126],[-0.7490588,46.9042285],[-0.7495536,46.9067687],[-0.7460411,46.9061912],[-0.74585,46.9081059],[-0.7449808,46.9092373],[-0.7432166,46.9098837],[-0.7413949,46.9089491],[-0.7402197,46.907316],[-0.7362154,46.9065909],[-0.735388,46.9070394],[-0.7297613,46.9052273],[-0.7273107,46.9018154],[-0.7232421,46.9004996],[-0.7209847,46.8986495],[-0.7180288,46.8982631],[-0.7165704,46.8974726],[-0.7161115,46.8955083],[-0.7151041,46.8940436],[-0.7163772,46.8901136],[-0.7186588,46.8880361],[-0.7160839,46.8860986],[-0.7147128,46.8856581],[-0.7121692,46.8828507],[-0.7096309,46.8830796],[-0.7066434,46.883848],[-0.7087541,46.887473],[-0.7054297,46.8877992],[-0.701625,46.8863688],[-0.6977692,46.8883343],[-0.6966166,46.8893618],[-0.6958786,46.8914084],[-0.6941368,46.894542],[-0.6919128,46.8944714],[-0.688507,46.8965702],[-0.6839613,46.9005043],[-0.6803238,46.9027124],[-0.6822564,46.9048174],[-0.6819583,46.905903],[-0.6831705,46.9077724],[-0.682408,46.9087537],[-0.6799659,46.9067719],[-0.676332,46.9059634],[-0.6746339,46.9049262],[-0.6744263,46.9079572],[-0.6748832,46.9099715],[-0.6759819,46.9113339],[-0.6780895,46.9112749],[-0.6802853,46.9105839],[-0.6828762,46.9091846],[-0.6855741,46.9102058],[-0.6895832,46.9100366],[-0.690888,46.9104159],[-0.6936874,46.9121423],[-0.6951165,46.9135184],[-0.6977387,46.9142346],[-0.6994111,46.9155613],[-0.6996845,46.9166722],[-0.6980532,46.9177933],[-0.6925392,46.9189186],[-0.6885405,46.9202564],[-0.6881109,46.9226648],[-0.6904669,46.9261097],[-0.6886507,46.9269247],[-0.6853152,46.9273578],[-0.677885,46.927228],[-0.6760818,46.9276599],[-0.6715271,46.9294075],[-0.6647407,46.9310637],[-0.662588,46.9320533],[-0.6589706,46.9330035],[-0.6517985,46.9341499],[-0.6439591,46.9372252],[-0.6401306,46.9380724],[-0.6303994,46.9393334],[-0.62715,46.9402188],[-0.6233496,46.9402915],[-0.614013,46.9407773],[-0.6134048,46.9417679],[-0.6108927,46.9437507],[-0.6095345,46.9453134],[-0.6127379,46.9473488],[-0.6162558,46.9469827],[-0.6171041,46.9478902],[-0.6224812,46.9491452],[-0.6263544,46.948808],[-0.6265326,46.9498329],[-0.6288307,46.9513729],[-0.6285611,46.9534914],[-0.6310535,46.9545462],[-0.6319139,46.9564935],[-0.6307324,46.9573164],[-0.631355,46.9588061],[-0.6323963,46.9589133],[-0.6366153,46.9580432],[-0.6414821,46.9584732],[-0.645473,46.9599142],[-0.6476511,46.9611295],[-0.6525613,46.9629994],[-0.6568555,46.9637564],[-0.6608974,46.9636092],[-0.6667846,46.9644978],[-0.6679709,46.9649446],[-0.6679361,46.9666108],[-0.6686904,46.9677306],[-0.6679297,46.9689007],[-0.6658489,46.9706655],[-0.6586249,46.9740694],[-0.6573985,46.9755863],[-0.6550212,46.9752059],[-0.6547678,46.9739389],[-0.6536172,46.9726029],[-0.6512841,46.971935],[-0.6502602,46.9731902],[-0.6464803,46.9751499],[-0.6397997,46.9775888],[-0.6361426,46.980392],[-0.6337621,46.983646],[-0.6311618,46.9848528],[-0.6282436,46.9851795],[-0.6233696,46.986353],[-0.6208766,46.9860633],[-0.6205332,46.9871592],[-0.6222514,46.9902719],[-0.6200393,46.99335],[-0.6214898,46.9939624],[-0.624977,46.9927821],[-0.6245931,46.9940898],[-0.6281406,46.9954662],[-0.6272108,46.9969843],[-0.6296273,46.9968742],[-0.6332757,46.9977076],[-0.6352611,46.9958143],[-0.6392182,46.9956133],[-0.6404426,46.9961105],[-0.6455551,46.9921507],[-0.6468513,46.9925764],[-0.6465017,46.9937922],[-0.6500199,46.9950496],[-0.648053,46.9970097],[-0.6510333,46.9982201],[-0.6535177,46.9977899],[-0.6568424,46.9991585],[-0.6595997,46.9987431],[-0.6608683,46.9990216],[-0.6616534,46.9976908],[-0.6704295,47.0011213],[-0.6701198,47.0030187],[-0.6719126,47.0032486],[-0.6737545,47.0027873],[-0.6770137,47.0003043],[-0.6749426,46.9992209],[-0.6762734,46.9971493],[-0.6760182,46.9963888],[-0.6806302,46.9931053],[-0.6793036,46.9924333],[-0.6776859,46.9891335],[-0.6793458,46.9883859],[-0.6780083,46.9857533],[-0.6799042,46.9844186],[-0.6812863,46.985126],[-0.6833308,46.9843788],[-0.6853135,46.9829767],[-0.6847559,46.9822353],[-0.6870589,46.9811881],[-0.6893842,46.9773462],[-0.696117,46.9776697],[-0.7006169,46.9781166],[-0.701922,46.9774092],[-0.7060388,46.9739469],[-0.709882,46.9715586],[-0.7146105,46.9708527],[-0.7210126,46.9686686],[-0.726947,46.9672902],[-0.7297099,46.966253],[-0.7316165,46.9639015],[-0.7314029,46.9614057],[-0.735467,46.9596946],[-0.7389427,46.9590706],[-0.7399441,46.9584191],[-0.7400621,46.9564365],[-0.7422089,46.9540003],[-0.7428265,46.9521282],[-0.7459913,46.9517172],[-0.7502331,46.9515326],[-0.7547791,46.9518936],[-0.7555733,46.9531709],[-0.7562749,46.9566373],[-0.754915,46.9604653],[-0.7580922,46.9596323],[-0.7614759,46.9595043],[-0.7656925,46.9599248],[-0.7662112,46.9596496],[-0.7700437,46.9599966],[-0.772229,46.9588659],[-0.7750722,46.9589836],[-0.775343,46.95995],[-0.7775009,46.9594213],[-0.7842236,46.9590725],[-0.7864878,46.9622315],[-0.7904524,46.9632788],[-0.7906858,46.9680796],[-0.7912414,46.9708913],[-0.7928327,46.9722668],[-0.7960691,46.9737998],[-0.794874,46.9746616],[-0.7976196,46.9762656],[-0.7961697,46.9774938],[-0.7982101,46.9797307],[-0.7991316,46.982536],[-0.7999801,46.9832792],[-0.8020591,46.9865933],[-0.8041079,46.9882063],[-0.8051079,46.989525],[-0.8067077,46.988988],[-0.8084436,46.9876244],[-0.8126045,46.9905466],[-0.811464,46.9922542],[-0.8118729,46.9944962],[-0.8155889,46.9932258],[-0.81748,46.9931463],[-0.8187106,46.9940115],[-0.8265486,46.9926315],[-0.8284534,46.9917724],[-0.8313586,46.9897323],[-0.8314369,46.9887436],[-0.8342331,46.9874743],[-0.8363712,46.9858814],[-0.8394902,46.985388],[-0.8401515,46.9865394],[-0.8425254,46.9890045],[-0.8430597,46.9900944],[-0.8465779,46.9867343],[-0.8474361,46.9868789],[-0.847927,46.9819529],[-0.8494114,46.9820975],[-0.8562871,46.9790691],[-0.8571421,46.9781172],[-0.8553648,46.9773906],[-0.8508777,46.9744531],[-0.8489146,46.9741501],[-0.8517989,46.9712436],[-0.8552616,46.9709724],[-0.858315,46.9692364],[-0.8607522,46.9689175],[-0.8628085,46.9703209],[-0.8629596,46.9725801],[-0.8665891,46.9731483],[-0.8704252,46.9722623],[-0.8716928,46.9736448],[-0.873068,46.974059],[-0.8791098,46.9746278],[-0.8795639,46.9760873],[-0.8819168,46.9770484],[-0.882633,46.9764957],[-0.8849798,46.9773352],[-0.8880174,46.9757169],[-0.8934464,46.9762006],[-0.8956991,46.9757515],[-0.8976615,46.9732727],[-0.8971677,46.9716058],[-0.897875,46.9709659],[-0.9034758,46.9715744]]]},"properties":{"CLE":"Mauléon"}},
{"type":"Feature","geometry":{"type":"Polygon","coordinates":[[[-0.3155274,49.1858764],[-0.3137309,49.1852487],[-0.3109681,49.1858769],[-0.3089101,49.1853543],[-0.3131318,49.1822756],[-0.3107832,49.1803019],[-0.308435,49.1814783],[-0.3073629,49.1804363],[-0.3045654,49.1821287],[-0.302871,49.1835691],[-0.3010858,49.1859963],[-0.2988233,49.1863445],[-0.2943825,49.1902436],[-0.2934395,49.1919578],[-0.290316,49.1910607],[-0.2852046,49.1905321],[-0.2816919,49.1904928],[-0.2754646,49.1893578],[-0.2727944,49.1936574],[-0.2722487,49.1956666],[-0.2696701,49.1985886],[-0.2679925,49.2016705],[-0.2689202,49.2021663],[-0.2797904,49.2047014],[-0.2801242,49.2050371],[-0.2851863,49.2062852],[-0.287593,49.2081206],[-0.2958045,49.2118815],[-0.2953195,49.2131316],[-0.2930234,49.2167252],[-0.2886366,49.2190132],[-0.2921991,49.2185563],[-0.2970458,49.2165224],[-0.300793,49.2134487],[-0.303195,49.211877],[-0.3075146,49.2102701],[-0.3114333,49.209511],[-0.3129583,49.2088141],[-0.3125331,49.2068732],[-0.3105176,49.2048855],[-0.3100999,49.2032094],[-0.3116074,49.2020747],[-0.3121628,49.2007085],[-0.3116779,49.1985915],[-0.3118335,49.1960407],[-0.3131767,49.1942652],[-0.3125879,49.1913922],[-0.3134233,49.1882638],[-0.3155274,49.1858764]]]},"properties":{"CLE":"Colombelles"}},
{"type":"Feature","geometry":{"type":"MultiPolygon","coordinates":[[[[3.54212901589896,45.8547729257836],[3.54202624124537,45.8522908610447],[3.54427476177276,45.8537193089952],[3.54551821978456,45.8533767550979],[3.54636099364337,45.8521234372077],[3.54924829771773,45.8521646753872],[3.54969645815096,45.8546764690434],[3.5522801888778,45.8554218209416],[3.55188952402066,45.8564265201844],[3.55043420932104,45.8569259362535],[3.54790597260617,45.8569494663265],[3.54535529372942,45.8560999265824],[3.54520502366924,45.8538882957671],[3.54313969947336,45.8549702881457],[3.54212901589896,45.8547729257836]]],[[[3.53315689085839,45.8483585456635],[3.53179196175919,45.847147179488],[3.53132983937299,45.8453746010652],[3.5322772560593,45.844357638294],[3.53430042316583,45.8439223804931],[3.53649673798019,45.8453869901446],[3.53721546280135,45.8478475879396],[3.53839781805827,45.8500830317227],[3.53315689085839,45.8483585456635]]]]},"properties":{"CLE":"Thiers"}}
]}